DB_INSTANCE_NAME;OWNER;TABLE_NAME;TAB_COMMENTS;NUM_ROWS;DUPLICATED;COLUMN_ID;COLUMN_NAME;DATA_TYPE;DATA_LENGTH;NULLABLE;DATA_SCALE;AVG_COL_LEN;NUM_DISTINCT;NUM_NULLS;DEFAULT_ON_NULL;COL_COMMENTS;CONSTRAINTS
exanfecorp;NFECORP;ADICAO;ADICAO;4246177;N;5;COD_FABRICANTE;VARCHAR2;60;Y;;10;83440;0;NO;Código do fabricante estrangeiro (usado nos sistemas internos de informação do emitente da NF-e); (: )
exanfecorp;NFECORP;ADICAO;ADICAO;4246177;N;3;NUM_ADICAO;NUMBER;22;Y;0;4;889;0;NO;Número da Adição; (: )
exanfecorp;NFECORP;ADICAO;ADICAO;4246177;N;7;NUM_DRAW;VARCHAR2;20;Y;;2;3449;3698207;NO;Número do ato concessório de Drawback; (: )
exanfecorp;NFECORP;ADICAO;ADICAO;4246177;N;4;NUM_SEQ_ADICAO;NUMBER;22;Y;0;4;691;0;NO;Número seqüencial do item dentro da Adição; (: )
exanfecorp;NFECORP;ADICAO;ADICAO;4246177;N;1;SEQ_ADICAO;NUMBER;22;N;0;6;4246177;0;NO;Sequencial;PK_ADICAO (PRIMARY KEY: ENABLED)- SYS_C00175768 (C: ENABLED)
exanfecorp;NFECORP;ADICAO;ADICAO;4246177;N;2;SEQ_DOCUMENTO_IMPORTACAO;NUMBER;22;N;0;6;4246177;0;NO;chave estrangeira que referencia o DOCUMENTO DE IMPORTAÇÃO;FK_DOC_IMPORTACAO_R_ADICAO (FOREIGN KEY: ENABLED)- SYS_C00175769 (C: ENABLED)
exanfecorp;NFECORP;ADICAO;ADICAO;4246177;N;6;VLR_DESC_DI;NUMBER;22;Y;2;2;4282;4203269;NO;Valor do desconto do item da DI – adição; (: )
exanfecorp;NFECORP;AUDITORIA_IRREGULARI_FISC;Tabela utilizada para registrar as alterações realizadas nas solicitações dos eventos de irregularidade fiscal;0;N;5;DAT_ALTERACAO;TIMESTAMP(6);11;Y;6;0;0;0;NO;Data da realização da alteração na irregularidade fiscal; (: )
exanfecorp;NFECORP;AUDITORIA_IRREGULARI_FISC;Tabela utilizada para registrar as alterações realizadas nas solicitações dos eventos de irregularidade fiscal;0;N;4;DSC_ALTERACAO;VARCHAR2;255;Y;;0;0;0;NO;Descrição da alteração na irregularidade fiscal; (: )
exanfecorp;NFECORP;AUDITORIA_IRREGULARI_FISC;Tabela utilizada para registrar as alterações realizadas nas solicitações dos eventos de irregularidade fiscal;0;N;7;DSC_MAT_FUNCIONARIO;VARCHAR2;20;Y;;0;0;0;NO;Matricula do funcionário que realizou a alteração no evento de irregularidade fiscal; (: )
exanfecorp;NFECORP;AUDITORIA_IRREGULARI_FISC;Tabela utilizada para registrar as alterações realizadas nas solicitações dos eventos de irregularidade fiscal;0;N;6;DSC_NOM_FUNCIONARIO;VARCHAR2;150;Y;;0;0;0;NO;Nome do funcionário que realizou a alteração no evento de irregularidade fiscal; (: )
exanfecorp;NFECORP;AUDITORIA_IRREGULARI_FISC;Tabela utilizada para registrar as alterações realizadas nas solicitações dos eventos de irregularidade fiscal;0;N;1;SEQ_AUDIT_IRRE_FISCAL;NUMBER;22;N;0;0;0;0;NO;Sequencial da tabela;PK_AUDITORIA_IRREGULARI_FISC (PRIMARY KEY: ENABLED)- SYS_C00188585 (C: ENABLED)
exanfecorp;NFECORP;AUDITORIA_IRREGULARI_FISC;Tabela utilizada para registrar as alterações realizadas nas solicitações dos eventos de irregularidade fiscal;0;N;2;SEQ_IRREGULARIDA_FISC;NUMBER;22;Y;0;0;0;0;NO;Sequencial da tabela;FK_IRRE_FISCAL_R_AUDI_IRRE_FIS (FOREIGN KEY: ENABLED)
exanfecorp;NFECORP;AUDITORIA_IRREGULARI_FISC;Tabela utilizada para registrar as alterações realizadas nas solicitações dos eventos de irregularidade fiscal;0;N;3;SEQ_ITEM_IRRE_FISCAL;NUMBER;22;Y;0;0;0;0;NO;Sequencial da tabela;FK_ITE_IRRE_FIS_R_AUD_IRRE_FIS (FOREIGN KEY: ENABLED)
exanfecorp;NFECORP;AVULSA;Emissão de avulsa, informar os dados do Fisco emitente;2798680;N;9;DAT_EMISSAO_DAR;DATE;7;Y;;2;3598;2572585;NO;Data de emissão do DAR (AAAA-MM-DD); (: )
exanfecorp;NFECORP;AVULSA;Emissão de avulsa, informar os dados do Fisco emitente;2798680;N;12;DAT_PAG_DAR;DATE;7;Y;;2;1313;2796282;NO;Data de pagamento do DAR (AAAA-MM-DD); (: )
exanfecorp;NFECORP;AVULSA;Emissão de avulsa, informar os dados do Fisco emitente;2798680;N;5;NOM_AGENTE;VARCHAR2;60;Y;;14;13068;1;NO;Nome do agente; (: )
exanfecorp;NFECORP;AVULSA;Emissão de avulsa, informar os dados do Fisco emitente;2798680;N;3;NOM_ORGAO_EMISSOR;VARCHAR2;60;Y;;16;30;1;NO;Órgão emitente; (: )
exanfecorp;NFECORP;AVULSA;Emissão de avulsa, informar os dados do Fisco emitente;2798680;N;11;NOM_REP_EMI;VARCHAR2;60;Y;;11;415;1;NO;Repartição Fiscal emitente; (: )
exanfecorp;NFECORP;AVULSA;Emissão de avulsa, informar os dados do Fisco emitente;2798680;N;7;NOM_SIGLA_UF;VARCHAR2;2;Y;;3;25;1;NO;Sigla da Unidade da Federação;CKC_NOM_SIGLA_UF_AVULSA (C: ENABLED)
exanfecorp;NFECORP;AVULSA;Emissão de avulsa, informar os dados do Fisco emitente;2798680;N;2;NUM_CNPJ_ORGAO_EMISSOR;NUMBER;22;Y;0;9;29;1;NO;CNPJ do Órgão emissor; (: )
exanfecorp;NFECORP;AVULSA;Emissão de avulsa, informar os dados do Fisco emitente;2798680;N;13;NUM_CNPJ_ORGAO_EMISSOR_A;VARCHAR2;14;Y;;15;29;1;NO;Documento convertido para texto com padronizacao em 14 posicoes e zeros a esquerda; (: )
exanfecorp;NFECORP;AVULSA;Emissão de avulsa, informar os dados do Fisco emitente;2798680;N;8;NUM_DAR;VARCHAR2;60;Y;;2;34064;2592629;NO;Número do Documento de Arrecadação de Receita; (: )
exanfecorp;NFECORP;AVULSA;Emissão de avulsa, informar os dados do Fisco emitente;2798680;N;6;NUM_FONE;NUMBER;22;Y;0;2;3;2786799;NO;Telefone; (: )
exanfecorp;NFECORP;AVULSA;Emissão de avulsa, informar os dados do Fisco emitente;2798680;N;4;NUM_MATR_AGENTE;VARCHAR2;60;Y;;10;2689;1;NO;Matrícula do agente; (: )
exanfecorp;NFECORP;AVULSA;Emissão de avulsa, informar os dados do Fisco emitente;2798680;N;1;SEQ_NOTA_FISCAL;NUMBER;22;N;0;10;2798680;0;NO;SEQ_NOTA_FISCAL;FK_NFE_R_AVULSA (FOREIGN KEY: ENABLED)- PK_AVULSA (PRIMARY KEY: ENABLED)- SYS_C00184650 (C: ENABLED)
exanfecorp;NFECORP;AVULSA;Emissão de avulsa, informar os dados do Fisco emitente;2798680;N;10;VLR_DAR;NUMBER;22;Y;2;2;14828;2560041;NO;Valor Total constante no DAR; (: )
exanfecorp;NFECORP;CANCELAMENTO;;3035012;N;7;BIN_DOCUMENTO_XML;BLOB;4000;Y;;2263;0;0;NO;;SYS_C00193648 (C: ENABLED)
exanfecorp;NFECORP;CANCELAMENTO;;3035012;N;6;COD_RESULTADO_PROCESSAMEN;NUMBER;22;N;0;4;2;0;NO;;SYS_C00193647 (C: ENABLED)
exanfecorp;NFECORP;CANCELAMENTO;;3035012;N;4;DAT_PROCESSAMENTO;DATE;7;N;;8;2531328;0;NO;;SYS_C00193645 (C: ENABLED)
exanfecorp;NFECORP;CANCELAMENTO;;3035012;N;3;DAT_RECEBIMENTO;DATE;7;N;;8;2430720;0;NO;;SYS_C00193644 (C: ENABLED)
exanfecorp;NFECORP;CANCELAMENTO;;3035012;N;5;DSC_SCHEMA_XML;VARCHAR2;4;N;;5;2;0;NO;;SYS_C00193646 (C: ENABLED)
exanfecorp;NFECORP;CANCELAMENTO;;3035012;N;8;NUM_SEQ_UNICO;NUMBER;22;Y;0;7;2847488;177351;NO;; (: )
exanfecorp;NFECORP;CANCELAMENTO;;3035012;N;9;NUM_SEQ_UNICO_AUTORIZACAO;NUMBER;22;Y;0;2;539776;2495190;NO;; (: )
exanfecorp;NFECORP;CANCELAMENTO;;3035012;N;10;NUM_SEQ_UNICO_BUSCA;NUMBER;22;Y;0;2;95093;2939919;NO;; (: )
exanfecorp;NFECORP;CANCELAMENTO;;3035012;N;1;SEQ_CANCELAMENTO;NUMBER;22;N;0;10;3035012;0;NO;;SYS_C00193642 (C: ENABLED)- SYS_C_SNAP$_484230PK_CANCELAMENTO (PRIMARY KEY: ENABLED)
exanfecorp;NFECORP;CANCELAMENTO;;3035012;N;2;SEQ_NOTA_FISCAL;NUMBER;22;N;0;10;2986752;0;NO;;SYS_C00193643 (C: ENABLED)
exanfecorp;NFECORP;CAPA_LOTE_ELETRONICA;Armazena lotes de notas fiscais eletronicas;655;N;1;COD_CHAVE_LOTE;NUMBER;22;N;0;9;655;0;NO;numero de 14 campos que identifica a capa de lote;CAPA_LOTE_ELETRONICA_UK1 (UNIQUE: ENABLED)- SYS_C0011600 (C: ENABLED)
exanfecorp;NFECORP;CAPA_LOTE_ELETRONICA;Armazena lotes de notas fiscais eletronicas;655;N;7;COD_UF_DESTINO;VARCHAR2;2;Y;;3;1;0;NO;Sigla do estado de destino das mercadorias referentes a capa de lote registrada.; (: )
exanfecorp;NFECORP;CAPA_LOTE_ELETRONICA;Armazena lotes de notas fiscais eletronicas;655;N;6;COD_UF_ORIGEM;VARCHAR2;2;Y;;3;8;0;NO;Sigla do estado de origem de emiss?o da capa de lote de nfe's; (: )
exanfecorp;NFECORP;CAPA_LOTE_ELETRONICA;Armazena lotes de notas fiscais eletronicas;655;N;5;COD_UF_VEICULO;VARCHAR2;2;Y;;3;18;0;NO;Sigla do estado de licenciamento do veiculo da transportadora; (: )
exanfecorp;NFECORP;CAPA_LOTE_ELETRONICA;Armazena lotes de notas fiscais eletronicas;655;N;8;DAT_DATA_EMISSAO;DATE;7;Y;;8;25;0;NO;Data de registro da capa de lote; (: )
exanfecorp;NFECORP;CAPA_LOTE_ELETRONICA;Armazena lotes de notas fiscais eletronicas;655;N;3;NOM_TRANSPORTADORA;VARCHAR2;100;Y;;29;46;0;NO;Nome completo da transportadora (n?o e o nome fantasia); (: )
exanfecorp;NFECORP;CAPA_LOTE_ELETRONICA;Armazena lotes de notas fiscais eletronicas;655;N;2;NUM_CNPJ;NUMBER;22;Y;0;9;47;0;NO;Numero do CNPJ da transportadora; (: )
exanfecorp;NFECORP;CAPA_LOTE_ELETRONICA;Armazena lotes de notas fiscais eletronicas;655;N;12;NUM_CNPJ_A;VARCHAR2;14;Y;;15;47;0;NO;Documento convertido para texto com padronizacao em 14 posicoes e zeros a esquerda; (: )
exanfecorp;NFECORP;CAPA_LOTE_ELETRONICA;Armazena lotes de notas fiscais eletronicas;655;N;4;NUM_PLACA_VEICULO;VARCHAR2;14;Y;;6;368;185;NO;Numero da placa do veiculo da transportadora referente ao lote; (: )
exanfecorp;NFECORP;CAPA_LOTE_ELETRONICA;Armazena lotes de notas fiscais eletronicas;655;N;11;SEQ_CAPA_LOTE_ELETRONICA;NUMBER;22;N;0;4;655;0;NO;Sequence definida como chave primaria da tabela;PK_CAPA_LOTE_ELETRONICA (PRIMARY KEY: ENABLED)- SYS_C0011601 (C: ENABLED)
exanfecorp;NFECORP;CAPA_LOTE_ELETRONICA;Armazena lotes de notas fiscais eletronicas;655;N;9;SIT_CAPA_LOTE;NUMBER;22;Y;0;3;2;0;NO;Indicador de status da capa de lote;CKC_SIT_CAPA_LOTE_CAPA_LOT (C: ENABLED)
exanfecorp;NFECORP;CAPA_LOTE_ELETRONICA;Armazena lotes de notas fiscais eletronicas;655;N;10;TXT_XML;BLOB;4000;Y;;738;0;0;NO;Texto no formato xml contendo as informac?es da capa de lote; (: )
exanfecorp;NFECORP;CLE_NFE;Associa cada capa de lote as notas fiscais eletroncias que a compoem.  Algumas chaves do lote podem n?o estar ainda na tabela de notas fiscais eletronicas;23371;N;1;COD_NFE;VARCHAR2;100;N;;45;20532;0;NO;Nem todas as chaves corresponder?o a uma NFE da base de dados atual.;SYS_C0011605 (C: ENABLED)
exanfecorp;NFECORP;CLE_NFE;Associa cada capa de lote as notas fiscais eletroncias que a compoem.  Algumas chaves do lote podem n?o estar ainda na tabela de notas fiscais eletronicas;23371;N;2;SEQ_CAPA_LOTE_ELETRONICA;NUMBER;22;N;0;4;655;0;NO;Sequence definida como chave primaria da tabela;FK_CAP_LOT_ELE_R_CLE_NFE (FOREIGN KEY: ENABLED)- SYS_C0011606 (C: ENABLED)
exanfecorp;NFECORP;CLE_NFE;Associa cada capa de lote as notas fiscais eletroncias que a compoem.  Algumas chaves do lote podem n?o estar ainda na tabela de notas fiscais eletronicas;23371;N;3;SEQ_CLE_NFE;NUMBER;22;N;0;5;23371;0;NO;Sequencial definido como chave primaria da tabela;PK_CLE_NFE (PRIMARY KEY: ENABLED)- SYS_C0011607 (C: ENABLED)
exanfecorp;NFECORP;COMBUSTIVEL;"Informar apenas para operac?es
com combustiveis liquido";44233816;N;4;COD_CODIF;NUMBER;22;Y;0;2;3820;41383206;NO;">Codigo de autorizac?o / registro
do CODIF.
Informar apenas quando a UF
utilizar o CODIF (Sistema de
Controle do Diferimento do Imposto
nas Operac?es com AEAC - Alcool
Etilico Anidro Combustivel)."; (: )
exanfecorp;NFECORP;COMBUSTIVEL;"Informar apenas para operac?es
com combustiveis liquido";44233816;N;3;COD_PROD_ANP;NUMBER;22;Y;0;7;798;0;NO;"Codigo de produto da ANP
Informar apenas quando se tratar
 de produtos regulados pela ANP -
Agencia Nacional do Petroleo.
Utilizar a codificac?o de produtos
do Sistema de Informac?es de
Movimentac?o de produtos - SIMP
(http://www.anp.gov.br/simp/index.h
tm)"; (: )
exanfecorp;NFECORP;COMBUSTIVEL;"Informar apenas para operac?es
com combustiveis liquido";44233816;N;25;DSC_ANP;VARCHAR2;256;Y;;15;24876;12208066;NO;Descrição do Produto conforme ANP. Utilizar a descrição de produtos do Sistema de Informações de Movimentação de Produtos - SIMP (http://www.anp.gov.br/simp/).; (: )
exanfecorp;NFECORP;COMBUSTIVEL;"Informar apenas para operac?es
com combustiveis liquido";44233816;N;18;NOM_SIGLA_UF;VARCHAR2;2;Y;;2;28;37211898;NO;Sigla da UF de Consumo; (: )
exanfecorp;NFECORP;COMBUSTIVEL;"Informar apenas para operac?es
com combustiveis liquido";44233816;N;15;NOM_SIGLA_UF_DEST_ICMS_CONS;VARCHAR2;2;Y;;3;28;299939;NO;Sigla da UF Dest;CKC_NOM_SIGLA_UF_DEST_COMBUSTI (C: ENABLED)
exanfecorp;NFECORP;COMBUSTIVEL;"Informar apenas para operac?es
com combustiveis liquido";44233816;N;20;NUM_BICO;NUMBER;22;Y;0;2;147;42894910;NO;Numero de identificação do Bico utilizado no abastecimento; (: )
exanfecorp;NFECORP;COMBUSTIVEL;"Informar apenas para operac?es
com combustiveis liquido";44233816;N;21;NUM_BOMBA;NUMBER;22;Y;0;2;174;42917678;NO;Numero de identificação da bomba ao qual o bico está interligado; (: )
exanfecorp;NFECORP;COMBUSTIVEL;"Informar apenas para operac?es
com combustiveis liquido";44233816;N;2;NUM_ITEM_DETALHE;NUMBER;22;N;0;4;693;0;NO;Numero do item do NF;FK_PRODUTO_R_COMBUSTIVEL (FOREIGN KEY: DISABLED)- PK_COMBUSTIVEL (PRIMARY KEY: ENABLED)- SYS_C0011610 (C: ENABLED)
exanfecorp;NFECORP;COMBUSTIVEL;"Informar apenas para operac?es
com combustiveis liquido";44233816;N;22;NUM_TANQUE;NUMBER;22;Y;0;2;559;42894910;NO;Numero de identificação do tanque ao qual o bico está interligado; (: )
exanfecorp;NFECORP;COMBUSTIVEL;"Informar apenas para operac?es
com combustiveis liquido";44233816;N;6;QTD_BC_PROD_CIDE;NUMBER;22;Y;4;2;46808;41442446;NO;BC do CIDE ( Quantidade comercializada); (: )
exanfecorp;NFECORP;COMBUSTIVEL;"Informar apenas para operac?es
com combustiveis liquido";44233816;N;5;QTD_TEMP;NUMBER;22;Y;4;2;393088;39963199;NO;"Quantidade de combustivel
faturada a temperatura ambiente.
Informar quando a quantidade
faturada informada no campo
qCom (I10) tiver sido ajustada para
uma temperatura diferente da
ambiente."; (: )
exanfecorp;NFECORP;COMBUSTIVEL;"Informar apenas para operac?es
com combustiveis liquido";44233816;N;1;SEQ_NOTA_FISCAL;NUMBER;22;N;0;10;31569920;0;NO;SEQ_NOTA_FISCAL;FK_PRODUTO_R_COMBUSTIVEL (FOREIGN KEY: DISABLED)- PK_COMBUSTIVEL (PRIMARY KEY: ENABLED)- SYS_C0011609 (C: ENABLED)
exanfecorp;NFECORP;COMBUSTIVEL;"Informar apenas para operac?es
com combustiveis liquido";44233816;N;7;VLR_ALIQ_PROD_CIDE;NUMBER;22;Y;4;2;112;41442446;NO;Aliquota do CIDE  (em reais); (: )
exanfecorp;NFECORP;COMBUSTIVEL;"Informar apenas para operac?es
com combustiveis liquido";44233816;N;9;VLR_BC_ICMS_COMB;NUMBER;22;Y;2;2;26504;43926604;NO;BC do ICMS proprio; (: )
exanfecorp;NFECORP;COMBUSTIVEL;"Informar apenas para operac?es
com combustiveis liquido";44233816;N;13;VLR_BC_ST_DEST_ICMS_INTER;NUMBER;22;Y;2;2;3095;44176777;NO;BC do ICMS ST da UF de destino; (: )
exanfecorp;NFECORP;COMBUSTIVEL;"Informar apenas para operac?es
com combustiveis liquido";44233816;N;11;VLR_BC_ST_ICMS_COMB;NUMBER;22;Y;2;2;32728;43926604;NO;BC do ICMS ST; (: )
exanfecorp;NFECORP;COMBUSTIVEL;"Informar apenas para operac?es
com combustiveis liquido";44233816;N;16;VLR_BC_ST_ICMS_CONS;NUMBER;22;Y;2;2;1421;44226394;NO;BC do ICMS ST da UF de consumo; (: )
exanfecorp;NFECORP;COMBUSTIVEL;"Informar apenas para operac?es
com combustiveis liquido";44233816;N;8;VLR_CIDE;NUMBER;22;Y;2;2;11934;41442446;NO;Valor do CIDE; (: )
exanfecorp;NFECORP;COMBUSTIVEL;"Informar apenas para operac?es
com combustiveis liquido";44233816;N;24;VLR_ENC_FIN;NUMBER;22;Y;3;2;1321984;42894910;NO;Valor do Encerrante no final do abastecimento; (: )
exanfecorp;NFECORP;COMBUSTIVEL;"Informar apenas para operac?es
com combustiveis liquido";44233816;N;23;VLR_ENC_INI;NUMBER;22;Y;3;2;1331328;42894910;NO;Valor do Encerrante no ínicio do abastecimento; (: )
exanfecorp;NFECORP;COMBUSTIVEL;"Informar apenas para operac?es
com combustiveis liquido";44233816;N;10;VLR_ICMS_COMB;NUMBER;22;Y;2;2;22460;43926604;NO;Valor do ICMS proprio; (: )
exanfecorp;NFECORP;COMBUSTIVEL;"Informar apenas para operac?es
com combustiveis liquido";44233816;N;29;VLR_PARTIDA;NUMBER;22;Y;2;2;7972;38148151;NO;Valor de partida (cProdANP=210203001). Deve ser informado neste campo o valor por quilograma sem ICMS.; (: )
exanfecorp;NFECORP;COMBUSTIVEL;"Informar apenas para operac?es
com combustiveis liquido";44233816;N;26;VLR_PER_GLP;NUMBER;22;Y;4;2;13552;37961557;NO;Percentual do GLP derivado do petróleo no produto GLP (cProdANP=210203001). Informar em número decimal o percentual do GLP derivado de petróleo no produto GLP. Valores 0 a 1.; (: )
exanfecorp;NFECORP;COMBUSTIVEL;"Informar apenas para operac?es
com combustiveis liquido";44233816;N;19;VLR_PER_GN;NUMBER;22;Y;4;2;636;43586703;NO;Percentual de gas natural para o produto GLP; (: )
exanfecorp;NFECORP;COMBUSTIVEL;"Informar apenas para operac?es
com combustiveis liquido";44233816;N;27;VLR_PER_GNI;NUMBER;22;Y;4;2;12576;37963959;NO;Percentual de gás natural importado GLGNi para o produto GLP (cProdANP=210203001). Informar em número deciaml o percentual do Gás Natural Importado - GLGNi para o produto GLP. Valores de 0 a 1.; (: )
exanfecorp;NFECORP;COMBUSTIVEL;"Informar apenas para operac?es
com combustiveis liquido";44233816;N;28;VLR_PER_GNN;NUMBER;22;Y;4;2;11780;38077344;NO;Percentual de gás natural nacional - GLGNn para o produto GLP (cProdANP=210203001). Informar em número decimal o percentual do Gás Natural Nacional - GLGNn para o produto GLP. Valores de 0 a 1.; (: )
exanfecorp;NFECORP;COMBUSTIVEL;"Informar apenas para operac?es
com combustiveis liquido";44233816;N;14;VLR_ST_DEST_ICMS_INTER;NUMBER;22;Y;2;2;3422;44176777;NO;"Valor do ICMS da UF de
destino."; (: )
exanfecorp;NFECORP;COMBUSTIVEL;"Informar apenas para operac?es
com combustiveis liquido";44233816;N;12;VLR_ST_ICMS_COMB;NUMBER;22;Y;2;2;25232;43926604;NO;Valor do ICMS ST; (: )
exanfecorp;NFECORP;COMBUSTIVEL;"Informar apenas para operac?es
com combustiveis liquido";44233816;N;17;VLR_ST_ICMS_CONS;NUMBER;22;Y;2;2;1412;44226394;NO;Valor do ICMSST da UF de consumo; (: )
exanfecorp;NFECORP;D_CALENDARIO;;16438;N;1;DAT_CALENDARIO;DATE;7;N;;8;16374;0;NO;;SYS_C0011625 (C: ENABLED)
exanfecorp;NFECORP;D_CALENDARIO;;16438;N;11;DSC_DIA_SEMANA_CALENDARIO;VARCHAR2;15;N;;4;7;0;NO;;SYS_C0011635 (C: ENABLED)
exanfecorp;NFECORP;D_CALENDARIO;;16438;N;12;DSC_DIA_SEM_LONGO_CALENDARIO;VARCHAR2;15;N;;12;7;0;NO;;SYS_C0011636 (C: ENABLED)
exanfecorp;NFECORP;D_CALENDARIO;;16438;N;16;DSC_MES_ANO_CALENDARIO;VARCHAR2;60;N;;22;2590;0;NO;;SYS_C0011640 (C: ENABLED)
exanfecorp;NFECORP;D_CALENDARIO;;16438;N;14;DSC_MES_CALENDARIO;VARCHAR2;15;N;;8;12;0;NO;;SYS_C0011638 (C: ENABLED)
exanfecorp;NFECORP;D_CALENDARIO;;16438;N;4;DSC_SEMANA_ANO_CALENDARIO;VARCHAR2;18;N;;17;2378;0;NO;;SYS_C0011628 (C: ENABLED)
exanfecorp;NFECORP;D_CALENDARIO;;16438;N;7;DSC_SEMESTRE_CALENDARIO;VARCHAR2;22;N;;18;93;0;NO;;SYS_C0011631 (C: ENABLED)
exanfecorp;NFECORP;D_CALENDARIO;;16438;N;9;DSC_TRIMESTRE_CALENDARIO;VARCHAR2;22;N;;19;196;0;NO;;SYS_C0011633 (C: ENABLED)
exanfecorp;NFECORP;D_CALENDARIO;;16438;N;5;NUM_ANO_CALENDARIO;NUMBER;22;N;0;4;46;0;NO;;SYS_C0011629 (C: ENABLED)
exanfecorp;NFECORP;D_CALENDARIO;;16438;N;2;NUM_DIA_MES_CALENDARIO;NUMBER;22;N;0;3;31;0;NO;;SYS_C0011626 (C: ENABLED)
exanfecorp;NFECORP;D_CALENDARIO;;16438;N;10;NUM_DIA_SEMANA_CALENDARIO;NUMBER;22;N;0;3;7;0;NO;;SYS_C0011634 (C: ENABLED)
exanfecorp;NFECORP;D_CALENDARIO;;16438;N;15;NUM_MES_ANO_CALENDARIO;NUMBER;22;N;0;5;541;0;NO;;SYS_C0011639 (C: ENABLED)
exanfecorp;NFECORP;D_CALENDARIO;;16438;N;13;NUM_MES_CALENDARIO;NUMBER;22;N;0;3;12;0;NO;;SYS_C0011637 (C: ENABLED)
exanfecorp;NFECORP;D_CALENDARIO;;16438;N;3;NUM_SEMANA_ANO_CALENDARIO;NUMBER;22;N;0;5;2375;0;NO;;SYS_C0011627 (C: ENABLED)
exanfecorp;NFECORP;D_CALENDARIO;;16438;N;6;NUM_SEMESTRE_CALENDARIO;NUMBER;22;N;0;5;91;0;NO;;SYS_C0011630 (C: ENABLED)
exanfecorp;NFECORP;D_CALENDARIO;;16438;N;8;NUM_TRIMESTRE_CALENDARIO;NUMBER;22;N;0;5;196;0;NO;;SYS_C0011632 (C: ENABLED)
exanfecorp;NFECORP;D_CALENDARIO;;16438;N;17;SEQ_CALENDARIO;NUMBER;22;N;0;5;16438;0;NO;;CALENDARIO_PK (PRIMARY KEY: ENABLED)- SYS_C0011641 (C: ENABLED)
exanfecorp;NFECORP;D_CONTRIBUINTE_ATUAL;;1186297;N;63;COD_ANCORA;NUMBER;22;Y;0;3;3;288;NO;; (: )
exanfecorp;NFECORP;D_CONTRIBUINTE_ATUAL;;1186297;N;24;COD_AREA_EXECUTORA;NUMBER;22;N;0;6;35;0;NO;;SYS_C00200072 (C: ENABLED)
exanfecorp;NFECORP;D_CONTRIBUINTE_ATUAL;;1186297;N;26;COD_CELULA_EXECUCAO;NUMBER;22;N;0;6;17;0;NO;;SYS_C00200074 (C: ENABLED)
exanfecorp;NFECORP;D_CONTRIBUINTE_ATUAL;;1186297;N;1;COD_CGF;NUMBER;22;N;0;6;1186297;0;NO;;SYS_C00200049 (C: ENABLED)- SYS_C_SNAP$_581PK_D_CONTRIBUINTE_ATUAL (PRIMARY KEY: ENABLED)
exanfecorp;NFECORP;D_CONTRIBUINTE_ATUAL;;1186297;N;75;COD_CGF_ESTAB_VINCULADO;NUMBER;22;Y;0;2;2266;1183680;NO;; (: )
exanfecorp;NFECORP;D_CONTRIBUINTE_ATUAL;;1186297;N;9;COD_CNAE_PRINC_CONTRIBUINTE;NUMBER;22;N;0;6;1298;0;NO;;SYS_C00200057 (C: ENABLED)
exanfecorp;NFECORP;D_CONTRIBUINTE_ATUAL;;1186297;N;11;COD_CNAE_SEC_CONTRIBUINTE;NUMBER;22;N;0;4;1289;0;NO;;SYS_C00200059 (C: ENABLED)
exanfecorp;NFECORP;D_CONTRIBUINTE_ATUAL;;1186297;N;15;COD_CNPJ;NUMBER;22;N;0;9;1060224;0;NO;;SYS_C00200063 (C: ENABLED)
exanfecorp;NFECORP;D_CONTRIBUINTE_ATUAL;;1186297;N;76;COD_CONTADOR;NUMBER;22;Y;0;4;16556;770747;NO;; (: )
exanfecorp;NFECORP;D_CONTRIBUINTE_ATUAL;;1186297;N;34;COD_CREDENCIADO;NUMBER;22;Y;0;3;2;0;NO;; (: )
exanfecorp;NFECORP;D_CONTRIBUINTE_ATUAL;;1186297;N;72;COD_CTE;NUMBER;22;Y;0;3;2;288;NO;; (: )
exanfecorp;NFECORP;D_CONTRIBUINTE_ATUAL;;1186297;N;39;COD_EFD;NUMBER;22;Y;0;3;4;0;NO;; (: )
exanfecorp;NFECORP;D_CONTRIBUINTE_ATUAL;;1186297;N;33;COD_FDI;NUMBER;22;Y;0;3;3;0;NO;; (: )
exanfecorp;NFECORP;D_CONTRIBUINTE_ATUAL;;1186297;N;5;COD_MUNICIPIO;NUMBER;22;N;0;4;680;0;NO;;SYS_C00200053 (C: ENABLED)
exanfecorp;NFECORP;D_CONTRIBUINTE_ATUAL;;1186297;N;83;COD_NAT_JURIDICA_RFB;VARCHAR2;5;Y;;2;17;913743;NO;; (: )
exanfecorp;NFECORP;D_CONTRIBUINTE_ATUAL;;1186297;N;81;COD_NATUREZA_JURIDICA;NUMBER;22;Y;0;3;23;29951;NO;; (: )
exanfecorp;NFECORP;D_CONTRIBUINTE_ATUAL;;1186297;N;40;COD_NFE;NUMBER;22;Y;0;4;3;0;NO;; (: )
exanfecorp;NFECORP;D_CONTRIBUINTE_ATUAL;;1186297;N;28;COD_NUCLEO_COORDENACAO;NUMBER;22;N;0;6;4;0;NO;;SYS_C00200076 (C: ENABLED)
exanfecorp;NFECORP;D_CONTRIBUINTE_ATUAL;;1186297;N;65;COD_ORGAO_FISC_PLENA;NUMBER;22;Y;0;6;32;77992;NO;; (: )
exanfecorp;NFECORP;D_CONTRIBUINTE_ATUAL;;1186297;N;66;COD_ORGAO_FISC_RESTRITA;NUMBER;22;Y;0;6;32;77992;NO;; (: )
exanfecorp;NFECORP;D_CONTRIBUINTE_ATUAL;;1186297;N;3;COD_ORGAO_LOCAL;NUMBER;22;N;0;6;22;0;NO;;SYS_C00200051 (C: ENABLED)
exanfecorp;NFECORP;D_CONTRIBUINTE_ATUAL;;1186297;N;64;COD_ORGAO_MONITORAMENTO;NUMBER;22;Y;0;6;32;77992;NO;; (: )
exanfecorp;NFECORP;D_CONTRIBUINTE_ATUAL;;1186297;N;13;COD_REGIME_REC_CONTRIBUINTE;NUMBER;22;N;0;3;13;0;NO;;SYS_C00200061 (C: ENABLED)
exanfecorp;NFECORP;D_CONTRIBUINTE_ATUAL;;1186297;N;37;COD_SEGMENTO;NUMBER;22;Y;0;3;13;0;NO;; (: )
exanfecorp;NFECORP;D_CONTRIBUINTE_ATUAL;;1186297;N;22;COD_SETORIAL;NUMBER;22;N;0;6;9;0;NO;;SYS_C00200070 (C: ENABLED)
exanfecorp;NFECORP;D_CONTRIBUINTE_ATUAL;;1186297;N;32;COD_SIMPLES_NACIONAL;NUMBER;22;Y;0;4;3;0;NO;; (: )
exanfecorp;NFECORP;D_CONTRIBUINTE_ATUAL;;1186297;N;17;COD_SIT_ATU_CONTRIBUINTE;NUMBER;22;N;0;4;12;0;NO;;SYS_C00200065 (C: ENABLED)
exanfecorp;NFECORP;D_CONTRIBUINTE_ATUAL;;1186297;N;58;COD_STATUS_TERMO;NUMBER;22;Y;0;2;1;1184783;NO;; (: )
exanfecorp;NFECORP;D_CONTRIBUINTE_ATUAL;;1186297;N;35;COD_TERMO_ACORDO;NUMBER;22;Y;0;2;2;1183493;NO;; (: )
exanfecorp;NFECORP;D_CONTRIBUINTE_ATUAL;;1186297;N;55;COD_TIPO_TERMO;NUMBER;22;Y;0;2;36;1184783;NO;; (: )
exanfecorp;NFECORP;D_CONTRIBUINTE_ATUAL;;1186297;N;7;COD_UF;NUMBER;22;N;0;4;25;0;NO;;SYS_C00200055 (C: ENABLED)
exanfecorp;NFECORP;D_CONTRIBUINTE_ATUAL;;1186297;N;74;COD_UNIDADE_AUXILIAR;NUMBER;22;Y;0;2;8;1183188;NO;; (: )
exanfecorp;NFECORP;D_CONTRIBUINTE_ATUAL;;1186297;N;67;DAT_BAIXA;DATE;7;Y;;2;1751;1044259;NO;; (: )
exanfecorp;NFECORP;D_CONTRIBUINTE_ATUAL;;1186297;N;30;DAT_CARGA;DATE;7;N;;8;425;0;NO;;SYS_C00200078 (C: ENABLED)
exanfecorp;NFECORP;D_CONTRIBUINTE_ATUAL;;1186297;N;57;DAT_FIM_TERMO;DATE;7;Y;;2;282;1184783;NO;; (: )
exanfecorp;NFECORP;D_CONTRIBUINTE_ATUAL;;1186297;N;16;DAT_INICIO_ATV_NOVO;DATE;7;N;;8;19544;0;NO;;SYS_C00200064 (C: ENABLED)
exanfecorp;NFECORP;D_CONTRIBUINTE_ATUAL;;1186297;N;56;DAT_INICIO_TERMO;DATE;7;Y;;2;357;1184783;NO;; (: )
exanfecorp;NFECORP;D_CONTRIBUINTE_ATUAL;;1186297;N;71;DAT_OBRIGATORIEDADE_CTE;DATE;7;Y;;2;1466;1180047;NO;; (: )
exanfecorp;NFECORP;D_CONTRIBUINTE_ATUAL;;1186297;N;45;DAT_OBRIG_EFD;DATE;7;Y;;2;3226;1122550;NO;; (: )
exanfecorp;NFECORP;D_CONTRIBUINTE_ATUAL;;1186297;N;44;DAT_OBRIG_NFE;DATE;7;Y;;3;3641;1011197;NO;; (: )
exanfecorp;NFECORP;D_CONTRIBUINTE_ATUAL;;1186297;N;42;DAT_PRIMEIRA_EMISSAO;DATE;7;Y;;2;22102;1140092;NO;; (: )
exanfecorp;NFECORP;D_CONTRIBUINTE_ATUAL;;1186297;N;59;DAT_PRIM_OBRIG_EFD;DATE;7;Y;;1;0;1186297;NO;; (: )
exanfecorp;NFECORP;D_CONTRIBUINTE_ATUAL;;1186297;N;19;DAT_ULTIMA_ATL_NOVO;DATE;7;N;;8;386528;0;NO;;SYS_C00200067 (C: ENABLED)
exanfecorp;NFECORP;D_CONTRIBUINTE_ATUAL;;1186297;N;25;DSC_AREA_EXECUTORA;VARCHAR2;50;N;;25;54;0;NO;;SYS_C00200073 (C: ENABLED)
exanfecorp;NFECORP;D_CONTRIBUINTE_ATUAL;;1186297;N;51;DSC_BAIRRO_LOGRADOURO;VARCHAR2;80;Y;;11;27144;95478;NO;; (: )
exanfecorp;NFECORP;D_CONTRIBUINTE_ATUAL;;1186297;N;27;DSC_CELULA_EXECUCAO;VARCHAR2;50;N;;25;26;0;NO;;SYS_C00200075 (C: ENABLED)
exanfecorp;NFECORP;D_CONTRIBUINTE_ATUAL;;1186297;N;10;DSC_CNAE_PRINC_CONTRIBUINTE;VARCHAR2;60;N;;61;1147;0;NO;;SYS_C00200058 (C: ENABLED)
exanfecorp;NFECORP;D_CONTRIBUINTE_ATUAL;;1186297;N;12;DSC_CNAE_SEC_CONTRIBUINTE;VARCHAR2;60;N;;61;1174;0;NO;;SYS_C00200060 (C: ENABLED)
exanfecorp;NFECORP;D_CONTRIBUINTE_ATUAL;;1186297;N;50;DSC_COMPL_LOGRADOURO;VARCHAR2;150;Y;;4;87296;849336;NO;; (: )
exanfecorp;NFECORP;D_CONTRIBUINTE_ATUAL;;1186297;N;41;DSC_CREDENCIAMENTO;VARCHAR2;14;Y;;2;4;1183479;NO;; (: )
exanfecorp;NFECORP;D_CONTRIBUINTE_ATUAL;;1186297;N;47;DSC_FANTASIA;VARCHAR2;150;Y;;10;491616;554446;NO;; (: )
exanfecorp;NFECORP;D_CONTRIBUINTE_ATUAL;;1186297;N;48;DSC_LOGRADOURO;VARCHAR2;150;Y;;19;162496;18794;NO;; (: )
exanfecorp;NFECORP;D_CONTRIBUINTE_ATUAL;;1186297;N;6;DSC_MUNICIPIO;VARCHAR2;60;N;;31;724;0;NO;;SYS_C00200054 (C: ENABLED)
exanfecorp;NFECORP;D_CONTRIBUINTE_ATUAL;;1186297;N;84;DSC_NAT_JURIDICA_RFB;VARCHAR2;100;Y;;7;17;913743;NO;; (: )
exanfecorp;NFECORP;D_CONTRIBUINTE_ATUAL;;1186297;N;82;DSC_NATUREZA_JURIDICA;VARCHAR2;30;Y;;31;22;29951;NO;; (: )
exanfecorp;NFECORP;D_CONTRIBUINTE_ATUAL;;1186297;N;29;DSC_NUCLEO_COORDENACAO;VARCHAR2;50;N;;25;4;0;NO;;SYS_C00200077 (C: ENABLED)
exanfecorp;NFECORP;D_CONTRIBUINTE_ATUAL;;1186297;N;69;DSC_ORGAO_FISC_PLENA;VARCHAR2;50;Y;;35;31;77993;NO;; (: )
exanfecorp;NFECORP;D_CONTRIBUINTE_ATUAL;;1186297;N;70;DSC_ORGAO_FISC_RESTRITA;VARCHAR2;50;Y;;35;31;77993;NO;; (: )
exanfecorp;NFECORP;D_CONTRIBUINTE_ATUAL;;1186297;N;4;DSC_ORGAO_LOCAL;VARCHAR2;50;N;;51;22;0;NO;;SYS_C00200052 (C: ENABLED)
exanfecorp;NFECORP;D_CONTRIBUINTE_ATUAL;;1186297;N;68;DSC_ORGAO_MONITORAMENTO;VARCHAR2;50;Y;;35;31;77993;NO;; (: )
exanfecorp;NFECORP;D_CONTRIBUINTE_ATUAL;;1186297;N;2;DSC_RAZAO_SOCIAL;VARCHAR2;150;N;;61;1081088;0;NO;;SYS_C00200050 (C: ENABLED)
exanfecorp;NFECORP;D_CONTRIBUINTE_ATUAL;;1186297;N;14;DSC_REGIME_REC_CONTRIBUINTE;VARCHAR2;15;N;;11;13;0;NO;;SYS_C00200062 (C: ENABLED)
exanfecorp;NFECORP;D_CONTRIBUINTE_ATUAL;;1186297;N;38;DSC_SEGMENTO;VARCHAR2;60;Y;;61;13;0;NO;; (: )
exanfecorp;NFECORP;D_CONTRIBUINTE_ATUAL;;1186297;N;23;DSC_SETORIAL;VARCHAR2;50;N;;23;10;0;NO;;SYS_C00200071 (C: ENABLED)
exanfecorp;NFECORP;D_CONTRIBUINTE_ATUAL;;1186297;N;18;DSC_SIT_ATU_CONTRIBUINTE;VARCHAR2;60;N;;31;12;0;NO;;SYS_C00200066 (C: ENABLED)
exanfecorp;NFECORP;D_CONTRIBUINTE_ATUAL;;1186297;N;54;DSC_TIPO_TERMO;VARCHAR2;70;Y;;2;36;1184783;NO;; (: )
exanfecorp;NFECORP;D_CONTRIBUINTE_ATUAL;;1186297;N;8;DSC_UF;VARCHAR2;20;N;;21;25;0;NO;;SYS_C00200056 (C: ENABLED)
exanfecorp;NFECORP;D_CONTRIBUINTE_ATUAL;;1186297;N;77;NOM_CONTADOR;VARCHAR2;60;Y;;11;15860;770747;NO;; (: )
exanfecorp;NFECORP;D_CONTRIBUINTE_ATUAL;;1186297;N;53;NOM_EMAIL;VARCHAR2;150;Y;;14;467392;585045;NO;; (: )
exanfecorp;NFECORP;D_CONTRIBUINTE_ATUAL;;1186297;N;52;NUM_CEP;NUMBER;22;Y;0;5;32592;2739;NO;; (: )
exanfecorp;NFECORP;D_CONTRIBUINTE_ATUAL;;1186297;N;78;NUM_CRC_CONTADOR;VARCHAR2;10;Y;;5;15968;770747;NO;; (: )
exanfecorp;NFECORP;D_CONTRIBUINTE_ATUAL;;1186297;N;49;NUM_LOGRADOURO;VARCHAR2;5;Y;;6;21900;175393;NO;; (: )
exanfecorp;NFECORP;D_CONTRIBUINTE_ATUAL;;1186297;N;79;NUM_TEL_COML_CONTADOR;VARCHAR2;12;Y;;6;11344;786031;NO;; (: )
exanfecorp;NFECORP;D_CONTRIBUINTE_ATUAL;;1186297;N;46;NUM_TELEFONE;VARCHAR2;15;Y;;10;683712;352094;NO;; (: )
exanfecorp;NFECORP;D_CONTRIBUINTE_ATUAL;;1186297;N;36;NUM_TERMO_ACORDO;VARCHAR2;40;Y;;2;1408;1184783;NO;; (: )
exanfecorp;NFECORP;D_CONTRIBUINTE_ATUAL;;1186297;N;31;QTD_CONTRIBUINTE;NUMBER;22;N;0;3;2;0;NO;;SYS_C00200079 (C: ENABLED)
exanfecorp;NFECORP;D_CONTRIBUINTE_ATUAL;;1186297;N;21;QTD_ECF;NUMBER;22;N;0;3;26;0;NO;;SYS_C00200069 (C: ENABLED)
exanfecorp;NFECORP;D_CONTRIBUINTE_ATUAL;;1186297;N;20;QTD_UFIR_CONTRIBUINTE;NUMBER;22;N;0;3;484;0;NO;;SYS_C00200068 (C: ENABLED)
exanfecorp;NFECORP;D_CONTRIBUINTE_ATUAL;;1186297;N;73;SEQ_CONTRIBUINTE_CADASTRO;NUMBER;22;Y;0;6;1184384;286;NO;; (: )
exanfecorp;NFECORP;D_CONTRIBUINTE_ATUAL;;1186297;N;60;STA_FISC_SIMPLES_NACIONAL;VARCHAR2;1;Y;;2;2;629258;NO;; (: )
exanfecorp;NFECORP;D_CONTRIBUINTE_ATUAL;;1186297;N;61;STA_FISC_SIMPLES_NACIONAL_AUD;VARCHAR2;1;Y;;2;2;638261;NO;; (: )
exanfecorp;NFECORP;D_CONTRIBUINTE_ATUAL;;1186297;N;62;STA_MONIT_COMERCIAL_EXTERIOR;VARCHAR2;1;Y;;2;2;586618;NO;; (: )
exanfecorp;NFECORP;D_CONTRIBUINTE_ATUAL;;1186297;N;43;STA_MONITORAMENTO;VARCHAR2;1;Y;;2;2;0;NO;; (: )
exanfecorp;NFECORP;D_CONTRIBUINTE_ATUAL;;1186297;N;80;STA_REG_ESPECIAL_FISCAL;VARCHAR2;1;Y;;2;2;0;NO;; (: )
exanfecorp;NFECORP;DESTINATARIO;Identificação do Destinatário;1352815245;N;20;COD_ID_ESTRANGEIRO;VARCHAR2;40;Y;;2;31826;1352551579;NO;>Identificador do destinatário, em caso de comprador estrangeiro; (: )
exanfecorp;NFECORP;DESTINATARIO;Identificação do Destinatário;1352815245;N;21;COD_IND_IE;NUMBER;22;Y;0;3;3;310949117;NO;"Indicador da IE do destinatário:
1 – Contribuinte ICMSpagamento à vista
2 – Contribuinte isento de inscrição
9 – Não Contribuinte"; (: )
exanfecorp;NFECORP;DESTINATARIO;Identificação do Destinatário;1352815245;N;9;COD_MUNICIPIO;NUMBER;22;Y;0;6;6507;18103;NO;Código do Município; (: )
exanfecorp;NFECORP;DESTINATARIO;Identificação do Destinatário;1352815245;N;13;COD_PAIS;NUMBER;22;Y;0;4;239;60621756;NO;Código do país; (: )
exanfecorp;NFECORP;DESTINATARIO;Identificação do Destinatário;1352815245;N;8;NOM_BAIRRO;VARCHAR2;60;Y;;12;3677440;18464;NO;Bairro; (: )
exanfecorp;NFECORP;DESTINATARIO;Identificação do Destinatário;1352815245;N;7;NOM_COMPLEMENTO;VARCHAR2;60;Y;;5;32919552;928232311;NO;Complemento; (: )
exanfecorp;NFECORP;DESTINATARIO;Identificação do Destinatário;1352815245;N;4;NOME;VARCHAR2;60;Y;;30;92340224;17552;NO;Razão Social ou nome do destinatário; (: )
exanfecorp;NFECORP;DESTINATARIO;Identificação do Destinatário;1352815245;N;18;NOM_EMAIL;VARCHAR2;60;Y;;9;47730688;972327643;NO;E-mail de recep??o da NF-e indicada pelo destinatário; (: )
exanfecorp;NFECORP;DESTINATARIO;Identificação do Destinatário;1352815245;N;5;NOM_LOGRADOURO;VARCHAR2;255;Y;;22;41619456;18126;NO;Logradouro; (: )
exanfecorp;NFECORP;DESTINATARIO;Identificação do Destinatário;1352815245;N;10;NOM_MUNICIPIO;VARCHAR2;60;Y;;11;132000;18103;NO;Nome do Município; (: )
exanfecorp;NFECORP;DESTINATARIO;Identificação do Destinatário;1352815245;N;14;NOM_PAIS;VARCHAR2;60;Y;;7;4170;107098154;NO;Nome do país; (: )
exanfecorp;NFECORP;DESTINATARIO;Identificação do Destinatário;1352815245;N;11;NOM_SIGLA_UF;VARCHAR2;2;Y;;3;28;18103;NO;SIGLA DA UF;CKC_NOM_SIGLA_UF_DESTINAT (C: ENABLED)
exanfecorp;NFECORP;DESTINATARIO;Identificação do Destinatário;1352815245;N;19;NUM_ANO_EMISSAO;NUMBER;22;Y;0;4;19;6145;NO;; (: )
exanfecorp;NFECORP;DESTINATARIO;Identificação do Destinatário;1352815245;N;12;NUM_CEP;NUMBER;22;Y;0;6;1507328;15581666;NO;Número do CEP; (: )
exanfecorp;NFECORP;DESTINATARIO;Identificação do Destinatário;1352815245;N;2;NUM_CNPJ;NUMBER;22;Y;0;6;3540480;573713922;NO;Número do CNPJ; (: )
exanfecorp;NFECORP;DESTINATARIO;Identificação do Destinatário;1352815245;N;23;NUM_CNPJ_A;VARCHAR2;14;Y;;0;0;1352815245;NO;Documento convertido para texto com padronizacao em 14 posicoes e zeros a esquerda; (: )
exanfecorp;NFECORP;DESTINATARIO;Identificação do Destinatário;1352815245;N;3;NUM_CPF;NUMBER;22;Y;0;4;45105152;780779674;NO;Número do CPF; (: )
exanfecorp;NFECORP;DESTINATARIO;Identificação do Destinatário;1352815245;N;6;NUM_ENDERECO;VARCHAR2;60;Y;;5;1908224;23976;NO;Número; (: )
exanfecorp;NFECORP;DESTINATARIO;Identificação do Destinatário;1352815245;N;15;NUM_FONE;NUMBER;22;Y;0;6;62341120;328555833;NO;Número do Telefone; (: )
exanfecorp;NFECORP;DESTINATARIO;Identificação do Destinatário;1352815245;N;16;NUM_IE;VARCHAR2;14;Y;;6;2958592;555839028;NO;Inscrição Estadual (obrigatório nas operações com contribuintes do ICMS); (: )
exanfecorp;NFECORP;DESTINATARIO;Identificação do Destinatário;1352815245;N;22;NUM_IM;VARCHAR2;15;Y;;2;82552;1342195737;NO;Inscrição Municipal do tomador do serviço.; (: )
exanfecorp;NFECORP;DESTINATARIO;Identificação do Destinatário;1352815245;N;17;NUM_ISUF;VARCHAR2;9;Y;;2;21240;1351613829;NO;Inscrição na SUFRAMA (Obrigatório nas operações com as áreas com benefícios de incentivos fiscais sob controle da SUFRAMA); (: )
exanfecorp;NFECORP;DESTINATARIO;Identificação do Destinatário;1352815245;N;1;SEQ_NOTA_FISCAL;NUMBER;22;N;0;10;1352815245;0;NO;SEQ_NOTA_FISCAL;FK_NFE_R_DESTINATARIO (FOREIGN KEY: ENABLED)- PK_DESTINATARIO (PRIMARY KEY: ENABLED)- SYS_C00182883 (C: ENABLED)
exanfecorp;NFECORP;DETALHE_EXPORTACAO;Detalhe da exportação;1354190;N;4;DSC_CHAVE_ACESSO;VARCHAR2;44;Y;;14;57048;961501;NO;Chave de acesso da NF-e recebida para exportação; (: )
exanfecorp;NFECORP;DETALHE_EXPORTACAO;Detalhe da exportação;1354190;N;2;NUM_DRAW;VARCHAR2;20;Y;;9;1931;426270;NO;Número do ato concessório de Drawback; (: )
exanfecorp;NFECORP;DETALHE_EXPORTACAO;Detalhe da exportação;1354190;N;6;NUM_ITEM_DETALHE;NUMBER;22;Y;0;4;710;6011;NO;Número do item do NF;FK_PROD_R_DET_EXPORT (FOREIGN KEY: ENABLED)
exanfecorp;NFECORP;DETALHE_EXPORTACAO;Detalhe da exportação;1354190;N;3;NUM_REGISTRO;VARCHAR2;20;Y;;3;10022;1005891;NO;Registro de exportação; (: )
exanfecorp;NFECORP;DETALHE_EXPORTACAO;Detalhe da exportação;1354190;N;1;SEQ_DETALHE_EXPORTACAO;NUMBER;22;N;0;6;1354190;0;NO;Sequencial;PK_DETALHE_EXPORTACAO (PRIMARY KEY: ENABLED)- SYS_C00148276 (C: ENABLED)
exanfecorp;NFECORP;DETALHE_EXPORTACAO;Detalhe da exportação;1354190;N;5;SEQ_NOTA_FISCAL;NUMBER;22;Y;0;10;263104;0;NO;SEQ_NOTA_FISCAL;FK_PROD_R_DET_EXPORT (FOREIGN KEY: ENABLED)
exanfecorp;NFECORP;DETALHE_EXPORTACAO;Detalhe da exportação;1354190;N;7;VLR_QUANTIDADE;NUMBER;22;Y;4;2;18566;961501;NO;Quantidade do item efetivamente exportado; (: )
exanfecorp;NFECORP;DOCUMENTO_IMPORTACAO;"Delcaração de Importação
(NT 2011/004)";4361874;N;8;COD_EXPORTADOR;VARCHAR2;60;Y;;10;60544;0;NO;Código do exportador (usado nos sistemas internos de informação do emitente da NF-e); (: )
exanfecorp;NFECORP;DOCUMENTO_IMPORTACAO;"Delcaração de Importação
(NT 2011/004)";4361874;N;7;DAT_DESEMB;DATE;7;Y;;8;4474;0;NO;Data do desembaraço aduaneiro (AAAA-MM-DD); (: )
exanfecorp;NFECORP;DOCUMENTO_IMPORTACAO;"Delcaração de Importação
(NT 2011/004)";4361874;N;4;DAT_DI;DATE;7;Y;;8;4562;0;NO;Data de registro da DI/DSI/DA (AAAA-MM-DD); (: )
exanfecorp;NFECORP;DOCUMENTO_IMPORTACAO;"Delcaração de Importação
(NT 2011/004)";4361874;N;13;NOM_SIGLA_UF;VARCHAR2;2;Y;;2;27;3575574;NO;Sigla da UF do adquirente ou do encomendante; (: )
exanfecorp;NFECORP;DOCUMENTO_IMPORTACAO;"Delcaração de Importação
(NT 2011/004)";4361874;N;6;NOM_SIGLA_UF_DESEMB;VARCHAR2;2;Y;;3;27;0;NO;UF onde ocorreu o desembaraço aduaneiro;CKC_NOM_SIGLA_UF_DESE_DOCUMENT (C: ENABLED)
exanfecorp;NFECORP;DOCUMENTO_IMPORTACAO;"Delcaração de Importação
(NT 2011/004)";4361874;N;12;NUM_CNPJ;NUMBER;22;Y;0;4;6144;3132234;NO;CNPJ do adquirente ou do encomendante; (: )
exanfecorp;NFECORP;DOCUMENTO_IMPORTACAO;"Delcaração de Importação
(NT 2011/004)";4361874;N;15;NUM_CNPJ_A;VARCHAR2;14;Y;;5;6144;3132274;NO;Documento convertido para texto com padronizacao em 14 posicoes e zeros a esquerda; (: )
exanfecorp;NFECORP;DOCUMENTO_IMPORTACAO;"Delcaração de Importação
(NT 2011/004)";4361874;N;3;NUM_DI;VARCHAR2;20;N;;12;336832;0;NO;Numero do Documento de Importação DI/DSI/DA (DI/DSI/DA);SYS_C00175763 (C: ENABLED)
exanfecorp;NFECORP;DOCUMENTO_IMPORTACAO;"Delcaração de Importação
(NT 2011/004)";4361874;N;2;NUM_ITEM_DETALHE;NUMBER;22;N;0;4;668;0;NO;Número do item do NF;FK_PRODUTO_R_DOC_IMPORTACAO (FOREIGN KEY: ENABLED)- SYS_C00175762 (C: ENABLED)
exanfecorp;NFECORP;DOCUMENTO_IMPORTACAO;"Delcaração de Importação
(NT 2011/004)";4361874;N;14;SEQ_DOCUMENTO_IMPORTACAO;NUMBER;22;N;0;6;4361874;0;NO;SEQUENCIAL;PK_DOCUMENTO_IMPORTACAO (PRIMARY KEY: ENABLED)- SYS_C00175764 (C: ENABLED)
exanfecorp;NFECORP;DOCUMENTO_IMPORTACAO;"Delcaração de Importação
(NT 2011/004)";4361874;N;1;SEQ_NOTA_FISCAL;NUMBER;22;N;0;10;974208;0;NO;SEQ_NOTA_FISCAL;FK_PRODUTO_R_DOC_IMPORTACAO (FOREIGN KEY: ENABLED)- SYS_C00175761 (C: ENABLED)
exanfecorp;NFECORP;DOCUMENTO_IMPORTACAO;"Delcaração de Importação
(NT 2011/004)";4361874;N;11;TIP_INTERMEDIO;NUMBER;22;Y;0;3;3;41427;NO;"Forma de Importação quanto a intermediação
1-por conta propria;2-por conta e ordem;3-encomenda"; (: )
exanfecorp;NFECORP;DOCUMENTO_IMPORTACAO;"Delcaração de Importação
(NT 2011/004)";4361874;N;9;TIP_VIA_TRANSP;NUMBER;22;Y;0;3;14;41427;NO;"Via de transporte internacional informada na DI
1-Maritima;2-Fluvial;3-Lacustre;4-Aerea;5-Postal;6-Ferroviaria;7-Rodoviaria;8-Conduto;9-Meios Proprios;10-Entrada/Saida Ficta."; (: )
exanfecorp;NFECORP;DOCUMENTO_IMPORTACAO;"Delcaração de Importação
(NT 2011/004)";4361874;N;5;TXT_LOCAL_DESEMB;VARCHAR2;60;Y;;20;9969;0;NO;Local do desembaraço aduaneiro; (: )
exanfecorp;NFECORP;DOCUMENTO_IMPORTACAO;"Delcaração de Importação
(NT 2011/004)";4361874;N;10;VLR_ADIC_FRETE;NUMBER;22;Y;2;3;136064;1181925;NO;Valor Adicional ao frete para renovação de marinha mercante; (: )
exanfecorp;NFECORP;DUPLICATA;Dados das duplicatas;718614963;N;4;DAT_VENC;DATE;7;Y;;8;7580;145517;NO;Data de vencimento da duplicata (AAAA-MM-DD); (: )
exanfecorp;NFECORP;DUPLICATA;Dados das duplicatas;718614963;N;3;NUM_DUP;VARCHAR2;60;Y;;5;21688320;34737;NO;Número da duplicata; (: )
exanfecorp;NFECORP;DUPLICATA;Dados das duplicatas;718614963;N;1;SEQ_DUPLICATA;NUMBER;22;N;0;7;718614963;0;NO;Sequencial;PK_DUPLICATA (PRIMARY KEY: ENABLED)- SYS_C00198444 (C: ENABLED)
exanfecorp;NFECORP;DUPLICATA;Dados das duplicatas;718614963;N;2;SEQ_NOTA_FISCAL;NUMBER;22;N;0;10;483000320;0;NO;SEQ_NOTA_FISCAL;FK_NFE_R_DUPLICATA (FOREIGN KEY: ENABLED)- SYS_C00198445 (C: ENABLED)
exanfecorp;NFECORP;DUPLICATA;Dados das duplicatas;718614963;N;5;VLR_DUP;NUMBER;22;Y;2;5;7574528;0;NO;Valor da duplicata; (: )
exanfecorp;NFECORP;EMISSOR;;1789011;N;2;COD_EVENTO;NUMBER;22;Y;0;3;5;675501;NO;; (: )
exanfecorp;NFECORP;EMISSOR;;1789011;N;9;COD_MOTIVO_PARTICIPACAO;NUMBER;22;N;0;4;5;0;NO;;SYS_C00212628 (C: ENABLED)
exanfecorp;NFECORP;EMISSOR;;1789011;N;5;COD_UF;VARCHAR2;2;N;;3;27;0;NO;;SYS_C00212624 (C: ENABLED)
exanfecorp;NFECORP;EMISSOR;;1789011;N;14;DAT_ATUALIZACAO;DATE;7;N;;8;1093;0;NO;;SYS_C00212632 (C: ENABLED)
exanfecorp;NFECORP;EMISSOR;;1789011;N;13;DAT_INCLUSAO;DATE;7;N;;8;1130;0;NO;;SYS_C00212631 (C: ENABLED)
exanfecorp;NFECORP;EMISSOR;;1789011;N;10;DAT_OBRIGATORIEDADE;DATE;7;Y;;7;1394;505759;NO;; (: )
exanfecorp;NFECORP;EMISSOR;;1789011;N;12;DAT_SIT_CREDENCIAMENTO;DATE;7;N;;8;1431;0;NO;;SYS_C00212630 (C: ENABLED)
exanfecorp;NFECORP;EMISSOR;;1789011;N;4;NOM_RAZAO_SOCIAL;VARCHAR2;60;N;;33;1563904;0;NO;;SYS_C00212623 (C: ENABLED)
exanfecorp;NFECORP;EMISSOR;;1789011;N;6;NUM_CNPJ;NUMBER;22;N;0;9;1766784;0;NO;;SYS_C00212625 (C: ENABLED)
exanfecorp;NFECORP;EMISSOR;;1789011;N;16;NUM_CNPJ_A;VARCHAR2;14;N;;15;1765504;0;NO;;SYS_C00212633 (C: ENABLED)
exanfecorp;NFECORP;EMISSOR;;1789011;N;7;NUM_IE;NUMBER;22;N;0;8;1766784;0;NO;;SYS_C00212626 (C: ENABLED)
exanfecorp;NFECORP;EMISSOR;;1789011;N;3;NUM_NSU_CAD_CNE;NUMBER;22;N;0;6;1789011;0;NO;;SYS_C00212622 (C: ENABLED)
exanfecorp;NFECORP;EMISSOR;;1789011;N;15;NUM_NSU_MOVIMENTO;NUMBER;22;Y;0;6;1783424;0;NO;; (: )
exanfecorp;NFECORP;EMISSOR;;1789011;N;8;NUM_OBRIGATORIEDADE;NUMBER;22;N;0;3;3;0;NO;;SYS_C00212627 (C: ENABLED)
exanfecorp;NFECORP;EMISSOR;;1789011;N;1;SEQ_EMISSOR;NUMBER;22;N;0;6;1789011;0;NO;;SYS_C00212621 (C: ENABLED)- SYS_C_SNAP$_513770PK_EMISSOR (PRIMARY KEY: ENABLED)
exanfecorp;NFECORP;EMISSOR;;1789011;N;11;SIT_CREDENCIAMENTO;VARCHAR2;1;N;;2;6;0;NO;;SYS_C00212629 (C: ENABLED)
exanfecorp;NFECORP;EMITENTE;Identificação do emitente;1352593819;N;10;COD_MUNICIPIO;NUMBER;22;Y;0;6;5554;0;NO;Código do Município; (: )
exanfecorp;NFECORP;EMITENTE;Identificação do emitente;1352593819;N;14;COD_PAIS;NUMBER;22;Y;0;4;5;136487971;NO;Código do País; (: )
exanfecorp;NFECORP;EMITENTE;Identificação do emitente;1352593819;N;21;COD_REG_TRIB;NUMBER;22;Y;0;3;3;61025555;NO;"Código de Regime Tributário. Este campo ser obrigatoriamente preenchido com:
1  Simples Nacional,
2  Simples Nacional  excesso de sublimite de receita bruta,
3  Regime Normal. (v2.0)."; (: )
exanfecorp;NFECORP;EMITENTE;Identificação do emitente;1352593819;N;9;NOM_BAIRRO;VARCHAR2;60;Y;;13;190720;0;NO;Bairro; (: )
exanfecorp;NFECORP;EMITENTE;Identificação do emitente;1352593819;N;8;NOM_COMPLEMENTO;VARCHAR2;60;Y;;4;364256;1004394370;NO;Complemento; (: )
exanfecorp;NFECORP;EMITENTE;Identificação do emitente;1352593819;N;4;NOME;VARCHAR2;60;Y;;33;2065408;0;NO;Razão Social ou Nome do emitente; (: )
exanfecorp;NFECORP;EMITENTE;Identificação do emitente;1352593819;N;5;NOM_FANTASIA;VARCHAR2;60;Y;;15;1515264;303814488;NO;Nome fantasia; (: )
exanfecorp;NFECORP;EMITENTE;Identificação do emitente;1352593819;N;6;NOM_LOGRADOURO;VARCHAR2;255;Y;;22;1015296;0;NO;Logradouro; (: )
exanfecorp;NFECORP;EMITENTE;Identificação do emitente;1352593819;N;11;NOM_MUNICIPIO;VARCHAR2;60;Y;;11;19736;0;NO;Município; (: )
exanfecorp;NFECORP;EMITENTE;Identificação do emitente;1352593819;N;15;NOM_PAIS;VARCHAR2;60;Y;;7;8;70765830;NO;Nome do País; (: )
exanfecorp;NFECORP;EMITENTE;Identificação do emitente;1352593819;N;12;NOM_SIGLA_UF;VARCHAR2;2;Y;;3;27;0;NO;Sigla da UF;CKC_NOM_SIGLA_UF_EMITENTE (C: ENABLED)
exanfecorp;NFECORP;EMITENTE;Identificação do emitente;1352593819;N;22;NUM_ANO_EMISSAO;NUMBER;22;Y;0;4;19;3034;NO;; (: )
exanfecorp;NFECORP;EMITENTE;Identificação do emitente;1352593819;N;13;NUM_CEP;NUMBER;22;Y;0;6;315712;603622;NO;Número do CEP; (: )
exanfecorp;NFECORP;EMITENTE;Identificação do emitente;1352593819;N;20;NUM_CNAE;NUMBER;22;Y;0;2;9485;1145330876;NO;CNAE Fiscal; (: )
exanfecorp;NFECORP;EMITENTE;Identificação do emitente;1352593819;N;2;NUM_CNPJ;NUMBER;22;Y;0;9;1454592;1964755;NO;Número do CNPJ do emitente; (: )
exanfecorp;NFECORP;EMITENTE;Identificação do emitente;1352593819;N;23;NUM_CNPJ_A;VARCHAR2;14;Y;;0;0;1352593819;NO;Documento convertido para texto com padronizacao em 14 posicoes e zeros a esquerda; (: )
exanfecorp;NFECORP;EMITENTE;Identificação do emitente;1352593819;N;3;NUM_CPF;NUMBER;22;Y;0;2;85800;1350629064;NO;Número do CPF do emitente; (: )
exanfecorp;NFECORP;EMITENTE;Identificação do emitente;1352593819;N;7;NUM_ENDERECO;VARCHAR2;60;Y;;5;66864;2;NO;Número; (: )
exanfecorp;NFECORP;EMITENTE;Identificação do emitente;1352593819;N;16;NUM_FONE;NUMBER;22;Y;0;6;1472256;253932436;NO;Número do Telefone; (: )
exanfecorp;NFECORP;EMITENTE;Identificação do emitente;1352593819;N;17;NUM_IE;VARCHAR2;14;Y;;10;1515520;0;NO;Inscrição Estadual; (: )
exanfecorp;NFECORP;EMITENTE;Identificação do emitente;1352593819;N;18;NUM_IEST;VARCHAR2;14;Y;;3;63632;1187297166;NO;Inscricao Estadual do Substituto Tributário; (: )
exanfecorp;NFECORP;EMITENTE;Identificação do emitente;1352593819;N;19;NUM_IM;VARCHAR2;15;Y;;3;325952;1114218289;NO;Inscrição Municipal; (: )
exanfecorp;NFECORP;EMITENTE;Identificação do emitente;1352593819;N;1;SEQ_NOTA_FISCAL;NUMBER;22;N;0;10;1352593819;0;NO;SEQ_NOTA_FISCAL;FK_NFE_R_EMITENTE (FOREIGN KEY: ENABLED)- PK_EMITENTE (PRIMARY KEY: ENABLED)- SYS_C00182887 (C: ENABLED)
exanfecorp;NFECORP;EMPRESA_PRIMEIRA_EMISSAO;;76475;N;3;DAT_CREDENCIAMENTO;DATE;7;N;;8;65576;0;NO;;SYS_C00188030 (C: ENABLED)
exanfecorp;NFECORP;EMPRESA_PRIMEIRA_EMISSAO;;76475;N;4;DAT_PRIMEIRA_EMISSAO;DATE;7;Y;;8;30140;0;NO;; (: )
exanfecorp;NFECORP;EMPRESA_PRIMEIRA_EMISSAO;;76475;N;1;NUM_CNPJ;NUMBER;22;N;0;9;75872;0;NO;;SYS_C00188029 (C: ENABLED)
exanfecorp;NFECORP;EMPRESA_PRIMEIRA_EMISSAO;;76475;N;2;TIPO_INSCRICAO;VARCHAR2;4;Y;;5;1;0;NO;; (: )
exanfecorp;NFECORP;EMPRESA_ULTIMA_EMISSAO;;76884;N;1;COD_CNPJ;NUMBER;22;N;0;9;76312;0;NO;;SYS_C00188031 (C: ENABLED)
exanfecorp;NFECORP;EMPRESA_ULTIMA_EMISSAO;;76884;N;4;DAT_EMISSAO_DOC_FISCAL;DATE;7;Y;;8;57632;0;NO;; (: )
exanfecorp;NFECORP;EMPRESA_ULTIMA_EMISSAO;;76884;N;3;LOCAL_EMISSAO;VARCHAR2;1;Y;;2;5;0;NO;; (: )
exanfecorp;NFECORP;EMPRESA_ULTIMA_EMISSAO;;76884;N;2;TIPO_INSCRICAO;VARCHAR2;4;Y;;5;1;0;NO;; (: )
exanfecorp;NFECORP;EVENTO;;3602096653;N;11;BIN_DOCUMENTO_XML;BLOB;4000;N;;3074;0;0;NO;;SYS_C00204348 (C: ENABLED)
exanfecorp;NFECORP;EVENTO;;3602096653;N;5;COD_CNPJ_AUTOR;VARCHAR2;14;Y;;15;1583360;667411;NO;; (: )
exanfecorp;NFECORP;EVENTO;;3602096653;N;6;COD_CPF_AUTOR;VARCHAR2;11;Y;;2;42336;3601429242;NO;; (: )
exanfecorp;NFECORP;EVENTO;;3602096653;N;3;COD_ID;VARCHAR2;54;N;;53;3410755584;0;NO;;SYS_C00204342 (C: ENABLED)
exanfecorp;NFECORP;EVENTO;;3602096653;N;20;COD_ORGAO_AUTOR;VARCHAR2;2;Y;;3;29;1716918609;NO;; (: )
exanfecorp;NFECORP;EVENTO;;3602096653;N;12;COD_RESULTADO_PROCESSAMEN;NUMBER;22;N;0;4;3;0;NO;;SYS_C00204349 (C: ENABLED)
exanfecorp;NFECORP;EVENTO;;3602096653;N;8;COD_TIPO;VARCHAR2;6;N;;7;51;0;NO;;SYS_C00204345 (C: ENABLED)
exanfecorp;NFECORP;EVENTO;;3602096653;N;4;COD_UF;VARCHAR2;2;N;;3;29;0;NO;;SYS_C00204343 (C: ENABLED)
exanfecorp;NFECORP;EVENTO;;3602096653;N;22;DAT_CARGA_ETL;DATE;7;Y;;8;8902656;0;NO;Data de carga no ETL; (: )
exanfecorp;NFECORP;EVENTO;;3602096653;N;7;DAT_EVENTO;DATE;7;N;;8;283017216;0;NO;;SYS_C00204344 (C: ENABLED)
exanfecorp;NFECORP;EVENTO;;3602096653;N;21;DAT_INCLUSAO;DATE;7;Y;;7;153534464;710530911;NO;; (: )
exanfecorp;NFECORP;EVENTO;;3602096653;N;15;DAT_RECEBIMENTO_EVENTO;DATE;7;N;;8;252903424;0;NO;;SYS_C00204350 (C: ENABLED)
exanfecorp;NFECORP;EVENTO;;3602096653;N;16;DSC_CHAVE_ACESSO;VARCHAR2;44;N;;45;1106247680;0;NO;;SYS_C00204351 (C: ENABLED)
exanfecorp;NFECORP;EVENTO;;3602096653;N;2;DSC_VERSAO_LEIAUTE;VARCHAR2;4;N;;5;1;0;NO;;SYS_C00204341 (C: ENABLED)
exanfecorp;NFECORP;EVENTO;;3602096653;N;10;DSC_VERSAO_TIPO_EVENTO;VARCHAR2;4;N;;5;3;0;NO;;SYS_C00204347 (C: ENABLED)
exanfecorp;NFECORP;EVENTO;;3602096653;N;9;NUM_SEQ_EVENTO;NUMBER;22;N;0;3;99;0;NO;;SYS_C00204346 (C: ENABLED)
exanfecorp;NFECORP;EVENTO;;3602096653;N;17;NUM_SEQ_UNICO;NUMBER;22;Y;0;7;2995364849;606731804;NO;; (: )
exanfecorp;NFECORP;EVENTO;;3602096653;N;18;NUM_SEQ_UNICO_AUTORIZACAO;NUMBER;22;Y;0;2;109505002;3492591651;NO;; (: )
exanfecorp;NFECORP;EVENTO;;3602096653;N;19;NUM_SEQ_UNICO_BUSCA;NUMBER;22;Y;0;6;2886080302;716016351;NO;; (: )
exanfecorp;NFECORP;EVENTO;;3602096653;N;23;SEQ_CARGA_ETL;NUMBER;22;N;;7;3602096653;0;NO;sequencial auto incremental;SYS_C00204352 (C: ENABLED)
exanfecorp;NFECORP;EVENTO;;3602096653;N;1;SEQ_EVENTO;NUMBER;22;N;0;10;3602096653;0;NO;;SYS_C00204340 (C: ENABLED)
exanfecorp;NFECORP;EVENTO;;3602096653;N;13;SEQ_LOTE_EVENTO;NUMBER;22;Y;0;2;110460928;3489139094;NO;; (: )
exanfecorp;NFECORP;EVENTO;;3602096653;N;14;SEQ_NOTA_FISCAL;NUMBER;22;Y;0;10;1117388800;454177;NO;; (: )
exanfecorp;NFECORP;EVENTO_CANC_CONC_FIN;Evento “Cancelamento Conciliação Financeira – ECONF” ;;N;6;COD_CHAVE_NFE;VARCHAR2;44;Y;;;;;NO;Chave de Acesso da NF-e que o evento será vinculado; (: )
exanfecorp;NFECORP;EVENTO_CANC_CONC_FIN;Evento “Cancelamento Conciliação Financeira – ECONF” ;;N;4;COD_CNPJ_AUTOR;VARCHAR2;14;Y;;;;;NO;Informar o CNPJ/CPF do autor do Evento.; (: )
exanfecorp;NFECORP;EVENTO_CANC_CONC_FIN;Evento “Cancelamento Conciliação Financeira – ECONF” ;;N;5;COD_CPF_AUTOR;VARCHAR2;11;Y;;;;;NO;Informar o CNPJ/CPF do autor do Evento.; (: )
exanfecorp;NFECORP;EVENTO_CANC_CONC_FIN;Evento “Cancelamento Conciliação Financeira – ECONF” ;;N;14;COD_ID;VARCHAR2;54;Y;;;;;NO;"Identificador da TAG a ser assinada, formado por: “ID” + tpEvento + Chave da NF-e + nSeqEvento
"; (: )
exanfecorp;NFECORP;EVENTO_CANC_CONC_FIN;Evento “Cancelamento Conciliação Financeira – ECONF” ;;N;2;COD_ORGAO_RECEPCAO;NUMBER;22;Y;0;;;;NO;"Código do órgão de recepção do Evento, conforme Tabela do IBGE.  
Para a NF-e (modelo 55): Informar o código 92-SVRS, utilizando a URL do WS de Eventos da SVRS 
para este modelo de Documento Fiscal.  
Para a NFC-e (modelo 65): Se UF participante da SVRS, informar o código 92-SVRS, utilizando a 
URL do WS de Eventos da SVRS; se não participante, informar o Código da UF do Emitente, para 
as SEFAZ com ambiente de autorização próprio. "; (: )
exanfecorp;NFECORP;EVENTO_CANC_CONC_FIN;Evento “Cancelamento Conciliação Financeira – ECONF” ;;N;8;COD_TIPO_EVENTO;NUMBER;22;Y;0;;;;NO;Código do evento: 110751 - “Cancelamento Conciliação Financeira” ; (: )
exanfecorp;NFECORP;EVENTO_CANC_CONC_FIN;Evento “Cancelamento Conciliação Financeira – ECONF” ;;N;7;DAT_EVENTO;TIMESTAMP(6);11;Y;6;;;;NO;"Data e hora do evento.
Formato AAAA-MM-DDThh:mm:ss TZD (UTC)
"; (: )
exanfecorp;NFECORP;EVENTO_CANC_CONC_FIN;Evento “Cancelamento Conciliação Financeira – ECONF” ;;N;11;DSC_EVENTO;VARCHAR2;60;Y;;;;;NO;Veja a descrição do evento, junto com o Tipo de Evento documentado anteriormente . Código do evento: 110751 - “Cancelamento Conciliação Financeira” ; (: )
exanfecorp;NFECORP;EVENTO_CANC_CONC_FIN;Evento “Cancelamento Conciliação Financeira – ECONF” ;;N;12;DSC_VERSAO_APLIC_AUTOR;VARCHAR2;20;Y;;;;;NO;Versão do aplicativo do Autor do Evento.; (: )
exanfecorp;NFECORP;EVENTO_CANC_CONC_FIN;Evento “Cancelamento Conciliação Financeira – ECONF” ;;N;13;DSC_VERSAO_LEIAUTE_EVENTO;VARCHAR2;5;Y;;;;;NO;Versão do leiaute do evento; (: )
exanfecorp;NFECORP;EVENTO_CANC_CONC_FIN;Evento “Cancelamento Conciliação Financeira – ECONF” ;;N;15;NUM_PROTOC_AUT_EVENTO;NUMBER;22;Y;0;;;;NO;Informar o número do Protocolo de Autorização do Evento da NF-e a que se refere este cancelamento ; (: )
exanfecorp;NFECORP;EVENTO_CANC_CONC_FIN;Evento “Cancelamento Conciliação Financeira – ECONF” ;;N;9;NUM_SEQUENCIAL_EVENTO;NUMBER;22;Y;0;;;;NO;"Sequencial do evento para o mesmo tipo de evento. O autor do evento deve numerar de forma 
sequencial os eventos deste tipo, com os valores de 1 a 99."; (: )
exanfecorp;NFECORP;EVENTO_CANC_CONC_FIN;Evento “Cancelamento Conciliação Financeira – ECONF” ;;N;10;NUM_VERSAO_EVENTO;NUMBER;22;Y;2;;;;NO;Versão do grupo de detalhe do evento. ; (: )
exanfecorp;NFECORP;EVENTO_CANC_CONC_FIN;Evento “Cancelamento Conciliação Financeira – ECONF” ;;N;1;SEQ_EVENTO_CANC_CONC_FIN;NUMBER;22;N;0;;;;NO;sequencial da tabela que servirá como chave primária;PK_EVENTO_CANC_CONC_FIN (PRIMARY KEY: ENABLED)- SYS_C00212003 (C: ENABLED)
exanfecorp;NFECORP;EVENTO_CANC_CONC_FIN;Evento “Cancelamento Conciliação Financeira – ECONF” ;;N;3;TIP_AMBIENTE;NUMBER;22;Y;0;;;;NO;"Identificação do Ambiente: 1=Produção; 2=Homologação"; (: )
exanfecorp;NFECORP;EVENTO_CONCILIACAO_FINANCEIRA;Evento “Conciliação Financeira – ECONF”;;N;21;COD_BANDEIRA_CARTAO;NUMBER;22;Y;0;;;;NO;"Utilizar a Tabela de Códigos das Operadoras de cartão de crédito e/ou débito publicada no Portal
Nacional da Nota Fiscal Eletrônica"; (: )
exanfecorp;NFECORP;EVENTO_CONCILIACAO_FINANCEIRA;Evento “Conciliação Financeira – ECONF”;;N;7;COD_CHAVE_NFE;VARCHAR2;44;Y;;;;;NO;Chave de Acesso da NF-e que o evento será vinculado; (: )
exanfecorp;NFECORP;EVENTO_CONCILIACAO_FINANCEIRA;Evento “Conciliação Financeira – ECONF”;;N;5;COD_CNPJ_AUTOR;VARCHAR2;14;Y;;;;;NO;Informar o CNPJ/CPF do autor do Evento.; (: )
exanfecorp;NFECORP;EVENTO_CONCILIACAO_FINANCEIRA;Evento “Conciliação Financeira – ECONF”;;N;20;COD_CNPJ_INSTITUICAO_FIN;VARCHAR2;14;Y;;;;;NO;CNPJ da instituição financeira, de pagamento, adquirente ou subadquirente.; (: )
exanfecorp;NFECORP;EVENTO_CONCILIACAO_FINANCEIRA;Evento “Conciliação Financeira – ECONF”;;N;18;COD_CNPJ_PAG;VARCHAR2;14;Y;;;;;NO;"Preencher informando o CNPJ do estabelecimento onde o pagamento foi
processado/transacionado/recebido quando a emissão do documento fiscal ocorrer em
estabelecimento distinto."; (: )
exanfecorp;NFECORP;EVENTO_CONCILIACAO_FINANCEIRA;Evento “Conciliação Financeira – ECONF”;;N;23;COD_CNPJ_RECEBEDOR;VARCHAR2;14;Y;;;;;NO;Informar o CNPJ do estabelecimento beneficiário do pagamento; (: )
exanfecorp;NFECORP;EVENTO_CONCILIACAO_FINANCEIRA;Evento “Conciliação Financeira – ECONF”;;N;6;COD_CPF_AUTOR;VARCHAR2;11;Y;;;;;NO;Informar o CNPJ/CPF do autor do Evento.; (: )
exanfecorp;NFECORP;EVENTO_CONCILIACAO_FINANCEIRA;Evento “Conciliação Financeira – ECONF”;;N;27;COD_ID;VARCHAR2;54;Y;;;;;NO;"Identificador da TAG a ser assinada, formado por: “ID” + tpEvento + Chave da NF-e + nSeqEvento
"; (: )
exanfecorp;NFECORP;EVENTO_CONCILIACAO_FINANCEIRA;Evento “Conciliação Financeira – ECONF”;;N;28;COD_ID_LOTE;NUMBER;22;Y;0;;;;NO;"Identificador de controle do Lote de envio do Evento. Número sequencial único para identificação
do Lote, de uso exclusivo do autor do evento. O Web Service não faz uso deste identificador."; (: )
exanfecorp;NFECORP;EVENTO_CONCILIACAO_FINANCEIRA;Evento “Conciliação Financeira – ECONF”;;N;3;COD_ORGAO_RECEPCAO;NUMBER;22;Y;0;;;;NO;"Código do órgão de recepção do Evento, conforme Tabela do IBGE.
Para a NF-e (modelo 55): Informar o código 92-SVRS, utilizando a URL do WS de Eventos da SVRS
para este modelo de Documento Fiscal.
Para a NFC-e (modelo 65): Se UF participante da SVRS, informar o código 92-SVRS, utilizando a URL
do WS de Eventos da SVRS; se não participante, informar o Código da UF do Emitente, para as
SEFAZ com ambiente de autorização próprio."; (: )
exanfecorp;NFECORP;EVENTO_CONCILIACAO_FINANCEIRA;Evento “Conciliação Financeira – ECONF”;;N;9;COD_TIPO_EVENTO;NUMBER;22;Y;0;;;;NO;Código do evento: 110750 - “ECONF”; (: )
exanfecorp;NFECORP;EVENTO_CONCILIACAO_FINANCEIRA;Evento “Conciliação Financeira – ECONF”;;N;19;COD_UF_PAG;VARCHAR2;2;Y;;;;;NO;UF do CNPJ do estabelecimento onde o pagamento foi processado/transacionado/recebido; (: )
exanfecorp;NFECORP;EVENTO_CONCILIACAO_FINANCEIRA;Evento “Conciliação Financeira – ECONF”;;N;24;COD_UF_RECEBEDOR;VARCHAR2;2;Y;;;;;NO;"UF do CNPJ do estabelecimento beneficiário do pagamento.
"; (: )
exanfecorp;NFECORP;EVENTO_CONCILIACAO_FINANCEIRA;Evento “Conciliação Financeira – ECONF”;;N;8;DAT_EVENTO;TIMESTAMP(6);11;Y;6;;;;NO;"Data e hora do evento.
Formato AAAA-MM-DDThh:mm:ss TZD (UTC)
"; (: )
exanfecorp;NFECORP;EVENTO_CONCILIACAO_FINANCEIRA;Evento “Conciliação Financeira – ECONF”;;N;17;DAT_PAGAMENTO;DATE;7;Y;;;;;NO;"Data do Pagamento no formato AAAA-MM-DD. Em caso de pagamentos agendados,
informar a data da efetivação."; (: )
exanfecorp;NFECORP;EVENTO_CONCILIACAO_FINANCEIRA;Evento “Conciliação Financeira – ECONF”;;N;12;DSC_EVENTO;VARCHAR2;60;Y;;;;;NO;"Número do Protocolo de Status da NF-e. 1 posição (1 – Secretaria de Fazenda Estadual 2 – Receita Federal); 2 posições ano; 10 seqüencial no ano."; (: )
exanfecorp;NFECORP;EVENTO_CONCILIACAO_FINANCEIRA;Evento “Conciliação Financeira – ECONF”;;N;15;DSC_MEIO_PAGAMENTO;VARCHAR2;60;Y;;;;;NO;"Descrição do meio de pagamento. Preencher informando o meio de pagamento
utilizado quando o código do meio de pagamento for informado como 99-outros.
"; (: )
exanfecorp;NFECORP;EVENTO_CONCILIACAO_FINANCEIRA;Evento “Conciliação Financeira – ECONF”;;N;13;DSC_VERSAO_APLICATIVO_AUTOR;VARCHAR2;20;Y;;;;;NO;Versão do aplicativo do Autor do Evento.; (: )
exanfecorp;NFECORP;EVENTO_CONCILIACAO_FINANCEIRA;Evento “Conciliação Financeira – ECONF”;;N;11;DSC_VERSAO_EVENTO;VARCHAR2;5;Y;;;;;NO;Informar o mesmo valor da tag “verEvento”; (: )
exanfecorp;NFECORP;EVENTO_CONCILIACAO_FINANCEIRA;Evento “Conciliação Financeira – ECONF”;;N;26;DSC_VERSAO_LEIAUTE_ENVIO;VARCHAR2;5;Y;;;;;NO;Versão do leiaute; (: )
exanfecorp;NFECORP;EVENTO_CONCILIACAO_FINANCEIRA;Evento “Conciliação Financeira – ECONF”;;N;25;DSC_VERSAO_LEIAUTE_EVENTO;VARCHAR2;5;Y;;;;;NO;Versão do leiaute do evento; (: )
exanfecorp;NFECORP;EVENTO_CONCILIACAO_FINANCEIRA;Evento “Conciliação Financeira – ECONF”;;N;22;NUM_AUTORIZACAO_TRANSACAO;VARCHAR2;128;Y;;;;;NO;Identifica o número da autorização da transação da operação; (: )
exanfecorp;NFECORP;EVENTO_CONCILIACAO_FINANCEIRA;Evento “Conciliação Financeira – ECONF”;;N;29;NUM_IND_PAGAMENTO;NUMBER;22;Y;0;;;;NO;Informações do método de pagamento, 0= Pagamento à Vista 1= Pagamento à Prazo.; (: )
exanfecorp;NFECORP;EVENTO_CONCILIACAO_FINANCEIRA;Evento “Conciliação Financeira – ECONF”;;N;14;NUM_MEIO_PAGAMENTO;NUMBER;22;Y;0;;;;NO;"Meio de Pagamento - Utilizar a Tabela de códigos dos meios de pagamentos publicada
no Portal Nacional da Nota Fiscal Eletrônica"; (: )
exanfecorp;NFECORP;EVENTO_CONCILIACAO_FINANCEIRA;Evento “Conciliação Financeira – ECONF”;;N;10;NUM_SEQUENCIAL_EVENTO;NUMBER;22;Y;0;;;;NO;Sequencial do evento para o mesmo tipo de evento. Valores de 1 a 99; (: )
exanfecorp;NFECORP;EVENTO_CONCILIACAO_FINANCEIRA;Evento “Conciliação Financeira – ECONF”;;N;2;SEQ_EVENTO;NUMBER;22;Y;0;;;;NO;"chave extrangeira da tabela ""evento"""; (: )
exanfecorp;NFECORP;EVENTO_CONCILIACAO_FINANCEIRA;Evento “Conciliação Financeira – ECONF”;;N;1;SEQ_EVENTO_CONC_FINANC;NUMBER;22;N;0;;;;NO;sequencial da tabela que servirá como chave primária;PK_EVENTO_CONCILIACAO_FINANCEIRA (PRIMARY KEY: ENABLED)- SYS_C00211905 (C: ENABLED)
exanfecorp;NFECORP;EVENTO_CONCILIACAO_FINANCEIRA;Evento “Conciliação Financeira – ECONF”;;N;4;TIP_AMBIENTE;NUMBER;22;Y;0;;;;NO;"Identificação do Ambiente: 1=Produção; 2=Homologação"; (: )
exanfecorp;NFECORP;EVENTO_CONCILIACAO_FINANCEIRA;Evento “Conciliação Financeira – ECONF”;;N;16;VLR_PAGAMENTO;NUMBER;22;Y;2;;;;NO;" Valor do Pagamento
"; (: )
exanfecorp;NFECORP;EVENTO_DETALHE;Mantém dados completos de eventos de NFE;518735792;N;4;COD_CNPJ;VARCHAR2;14;Y;;15;1543424;629411;NO;Identificação do  autor do evento; (: )
exanfecorp;NFECORP;EVENTO_DETALHE;Mantém dados completos de eventos de NFE;518735792;N;9;COD_CPF;VARCHAR2;11;Y;;2;40096;518106381;NO;Identificação do  autor do evento; (: )
exanfecorp;NFECORP;EVENTO_DETALHE;Mantém dados completos de eventos de NFE;518735792;N;5;COD_NFE;VARCHAR2;44;Y;;45;398557184;0;NO;Chave da Nota Fiscal Eletrônica; (: )
exanfecorp;NFECORP;EVENTO_DETALHE;Mantém dados completos de eventos de NFE;518735792;N;3;COD_ORGAO;VARCHAR2;4;Y;;3;28;0;NO;Tipo Código de orgão (UF da tabela do IBGE + 90 RFB); (: )
exanfecorp;NFECORP;EVENTO_DETALHE;Mantém dados completos de eventos de NFE;518735792;N;2;COD_TIPO;VARCHAR2;6;Y;;7;7;0;NO;"Tipo do Evento
"; (: )
exanfecorp;NFECORP;EVENTO_DETALHE;Mantém dados completos de eventos de NFE;518735792;N;6;DAT_HORA_EVENTO;DATE;7;Y;;8;167903232;0;NO;Data e Hora do Evento, formato UTC (AAAA-MM-DDThh:mm:ssTZD, onde TZD = +hh:mm ou -hh:mm); (: )
exanfecorp;NFECORP;EVENTO_DETALHE;Mantém dados completos de eventos de NFE;518735792;N;12;NUM_PROT_CANC;VARCHAR2;30;Y;;2;19262811;499472981;NO;"Número do Protocolo de Status da NF-e. 1 posição (1 – Secretaria de Fazenda Estadual 2 – Receita Federal); 2 posições ano; 10 seqüencial no ano."; (: )
exanfecorp;NFECORP;EVENTO_DETALHE;Mantém dados completos de eventos de NFE;518735792;N;10;NUM_VERSAO;VARCHAR2;4;Y;;5;3;0;NO;versao do modelo de eventos; (: )
exanfecorp;NFECORP;EVENTO_DETALHE;Mantém dados completos de eventos de NFE;518735792;N;7;SEQ_EVENTO;NUMBER;22;Y;0;10;518735792;0;NO;Seqüencial do evento para o mesmo tipo de evento.  Para maioria dos eventos será 1, nos casos em que possa existir mais de um evento, como é o caso da carta de correção, o autor do evento deve numerar de forma seqüencial. ; (: )
exanfecorp;NFECORP;EVENTO_DETALHE;Mantém dados completos de eventos de NFE;518735792;N;1;SEQ_EVENTO_DETALHE;NUMBER;22;N;0;7;518735792;0;NO;sequencial da tabela que servirá como chave primária;PK_EVENTO_DETALHE (PRIMARY KEY: ENABLED)- SYS_C00178960 (C: ENABLED)
exanfecorp;NFECORP;EVENTO_DETALHE;Mantém dados completos de eventos de NFE;518735792;N;8;SEQ_LOTE;NUMBER;22;Y;0;2;11376640;506223123;NO;número de identificação do lote de eventos; (: )
exanfecorp;NFECORP;EVENTO_DETALHE;Mantém dados completos de eventos de NFE;518735792;N;11;TXT_CORRECAO;VARCHAR2;1000;Y;;4;5298176;507533695;NO;Correção a ser considerada; (: )
exanfecorp;NFECORP;EVENTO_DETALHE;Mantém dados completos de eventos de NFE;518735792;N;13;TXT_JUST_CANC;VARCHAR2;500;Y;;3;2888192;499472986;NO;Justificativa do cancelamento; (: )
exanfecorp;NFECORP;EVENTO_DETALHE;Mantém dados completos de eventos de NFE;518735792;N;14;TXT_JUST_MANIF;VARCHAR2;500;Y;;2;382016;515990489;NO;Justificativa de Operação não Realizada; (: )
exanfecorp;NFECORP;EVENTO_MANIFEST_ANT;;9059094;N;7;COD_CNPJ_AUTOR;VARCHAR2;14;Y;;15;42084;0;NO;; (: )
exanfecorp;NFECORP;EVENTO_MANIFEST_ANT;;9059094;N;8;COD_CPF_AUTOR;VARCHAR2;11;Y;;0;0;9059094;NO;; (: )
exanfecorp;NFECORP;EVENTO_MANIFEST_ANT;;9059094;N;5;COD_RESULTADO_PROCESSAMEN;NUMBER;22;N;0;4;2;0;NO;;SYS_C00186309 (C: ENABLED)
exanfecorp;NFECORP;EVENTO_MANIFEST_ANT;;9059094;N;3;COD_TIPO;VARCHAR2;6;N;;7;4;0;NO;;SYS_C00186307 (C: ENABLED)
exanfecorp;NFECORP;EVENTO_MANIFEST_ANT;;9059094;N;6;COD_UF;VARCHAR2;2;N;;3;3;0;NO;;SYS_C00186310 (C: ENABLED)
exanfecorp;NFECORP;EVENTO_MANIFEST_ANT;;9059094;N;4;DAT_EVENTO;DATE;7;N;;8;4546048;0;NO;;SYS_C00186308 (C: ENABLED)
exanfecorp;NFECORP;EVENTO_MANIFEST_ANT;;9059094;N;9;NUM_ORDEM;NUMBER;22;Y;;3;4;0;NO;; (: )
exanfecorp;NFECORP;EVENTO_MANIFEST_ANT;;9059094;N;1;SEQ_EVENTO;NUMBER;22;N;0;10;9059094;0;NO;;SYS_C00186306 (C: ENABLED)
exanfecorp;NFECORP;EVENTO_MANIFEST_ANT;;9059094;N;2;SEQ_NOTA_FISCAL;NUMBER;22;Y;0;10;7314432;0;NO;; (: )
exanfecorp;NFECORP;EXPORTA;Informac?es de exportac?o;1211102;N;4;DSC_LOC_DESPACHO;VARCHAR2;60;Y;;5;4480;903374;NO;Descrição do local de despacho; (: )
exanfecorp;NFECORP;EXPORTA;Informac?es de exportac?o;1211102;N;3;NOM_LOCAL_EMBARQUE;VARCHAR2;60;Y;;13;7882;0;NO;Local onde ocorrera o embarque dos produtos; (: )
exanfecorp;NFECORP;EXPORTA;Informac?es de exportac?o;1211102;N;2;NOM_UF_EMBARQUE;VARCHAR2;2;Y;;3;27;0;NO;Sigla da UF onde ocorrera o embarque dos produtos;CKC_NOM_UF_EMBARQUE_EXPORTA (C: ENABLED)
exanfecorp;NFECORP;EXPORTA;Informac?es de exportac?o;1211102;N;1;SEQ_NOTA_FISCAL;NUMBER;22;N;0;10;1211102;0;NO;SEQ_NOTA_FISCAL;FK_NFE_R_EXPORTA (FOREIGN KEY: ENABLED)- PK_EXPORTA (PRIMARY KEY: ENABLED)- SYS_C0011643 (C: ENABLED)
exanfecorp;NFECORP;FATURA;Dados das faturas;544359778;N;3;NUM_FAT;VARCHAR2;60;Y;;9;110452736;115336;NO;Número da fatura; (: )
exanfecorp;NFECORP;FATURA;Dados das faturas;544359778;N;1;SEQ_FATURA;NUMBER;22;N;0;7;544359778;0;NO;Sequencial;PK_FATURA (PRIMARY KEY: ENABLED)- SYS_C00198440 (C: ENABLED)
exanfecorp;NFECORP;FATURA;Dados das faturas;544359778;N;2;SEQ_NOTA_FISCAL;NUMBER;22;N;0;10;539033600;0;NO;SEQ_NOTA_FISCAL;FK_NFE_R_FATURA (FOREIGN KEY: ENABLED)- SYS_C00198441 (C: ENABLED)
exanfecorp;NFECORP;FATURA;Dados das faturas;544359778;N;5;VLR_DESC;NUMBER;22;Y;2;3;579328;32936689;NO;Valor do desconto; (: )
exanfecorp;NFECORP;FATURA;Dados das faturas;544359778;N;6;VLR_LIQ;NUMBER;22;Y;2;5;8551424;2911847;NO;Valor Líquido da Fatura; (: )
exanfecorp;NFECORP;FATURA;Dados das faturas;544359778;N;4;VLR_ORIG;NUMBER;22;Y;2;5;8599552;1169536;NO;Valor Original da Fatura; (: )
exanfecorp;NFECORP;ICMS;Tributação pelo ICMS00 - Tributada integralmente;9587687990;N;56;COD_BENEF_RBC;VARCHAR2;10;Y;;0;0;9587687990;NO;Codigo de Beneficio Fiscal aplicado quando houver RBC; (: )
exanfecorp;NFECORP;ICMS;Tributação pelo ICMS00 - Tributada integralmente;9587687990;N;22;COD_CSOSN;NUMBER;22;Y;0;2;10;8976816843;NO;101- Tributada pelo Simples Nacional com permiss?o de cr?dito. (v.2.0); (: )
exanfecorp;NFECORP;ICMS;Tributação pelo ICMS00 - Tributada integralmente;9587687990;N;5;COD_MOD_BC;NUMBER;22;Y;0;3;4;4558010132;NO;Modalidade de determinacao da BC do ICMS;CKC_COD_MOD_BC_ICMS (C: ENABLED)- CKC_COD_MOD_BC_ICMS0 (C: ENABLED)- CKC_COD_MOD_BC_ICMS1 (C: ENABLED)
exanfecorp;NFECORP;ICMS;Tributação pelo ICMS00 - Tributada integralmente;9587687990;N;9;COD_MOD_BC_ST;NUMBER;22;Y;0;2;7;7350881533;NO;"Modalidade de determina??o da BC do ICMS ST:
0 ? Preço tabelado ou máximo  sugerido
1 - Lista Negativa (valor)
2 - Lista Positiva (valor)
3 - Lista Neutra (valor)
4 - Margem Valor Agregado (%)
5 - Pauta (valor)"; (: )
exanfecorp;NFECORP;ICMS;Tributação pelo ICMS00 - Tributada integralmente;9587687990;N;60;COD_MOT_DES_ICMS;NUMBER;22;Y;0;0;0;9587687990;NO;Motivo da desoneracao do ICMS; (: )
exanfecorp;NFECORP;ICMS;Tributação pelo ICMS00 - Tributada integralmente;9587687990;N;3;COD_ORIG;NUMBER;22;Y;0;3;9;1308382;NO;"origem da mercadoria: 0 - Nacional
1 - Estrangeira - Importa??o direta
2 - Estrangeira - Adquirida no mercado interno "; (: )
exanfecorp;NFECORP;ICMS;Tributação pelo ICMS00 - Tributada integralmente;9587687990;N;4;COD_ST;NUMBER;22;Y;0;3;15;612179529;NO;"Tributação pelo ICMS
00 - Tributada integralmente"; (: )
exanfecorp;NFECORP;ICMS;Tributação pelo ICMS00 - Tributada integralmente;9587687990;N;19;NOM_SIGLA_UF_ST;VARCHAR2;2;Y;;2;42;9587122697;NO;Sigla da UF para qual ? devido o ICMS ST da opera??o. (v2.0); (: )
exanfecorp;NFECORP;ICMS;Tributação pelo ICMS00 - Tributada integralmente;9587687990;N;27;NUM_ANO_EMISSAO;NUMBER;22;Y;0;4;17;2925;NO;; (: )
exanfecorp;NFECORP;ICMS;Tributação pelo ICMS00 - Tributada integralmente;9587687990;N;2;NUM_ITEM_DETALHE;NUMBER;22;N;0;4;990;0;NO;Número do item do NF;FK_PRODUTO_R_ICMS0 (FOREIGN KEY: ENABLED)- PK_ICMS (PRIMARY KEY: ENABLED)- SYS_C00179907 (C: ENABLED)
exanfecorp;NFECORP;ICMS;Tributação pelo ICMS00 - Tributada integralmente;9587687990;N;49;NUM_MOTI_RED;NUMBER;22;Y;0;0;0;9587687990;NO;Motivo da redução do adrem; (: )
exanfecorp;NFECORP;ICMS;Tributação pelo ICMS00 - Tributada integralmente;9587687990;N;42;QTD_TRIB;NUMBER;22;Y;4;2;5476;9587678241;NO;Quantidade tributada; (: )
exanfecorp;NFECORP;ICMS;Tributação pelo ICMS00 - Tributada integralmente;9587687990;N;53;QTD_TRIB_RET_ANT;NUMBER;22;Y;4;2;345888;9585764449;NO;Quantidade tributada retida anteriormente ; (: )
exanfecorp;NFECORP;ICMS;Tributação pelo ICMS00 - Tributada integralmente;9587687990;N;45;QTD_TRIB_RETEN;NUMBER;22;Y;4;2;1002;9587686892;NO;Quantidade tributada sujeita a retenção; (: )
exanfecorp;NFECORP;ICMS;Tributação pelo ICMS00 - Tributada integralmente;9587687990;N;1;SEQ_NOTA_FISCAL;NUMBER;22;N;0;10;1349779456;0;NO;SEQ_NOTA_FISCAL;FK_PRODUTO_R_ICMS0 (FOREIGN KEY: ENABLED)- PK_ICMS (PRIMARY KEY: ENABLED)- SYS_C00179906 (C: ENABLED)
exanfecorp;NFECORP;ICMS;Tributação pelo ICMS00 - Tributada integralmente;9587687990;N;16;TIP_ICMS;VARCHAR2;20;Y;;8;21;1308382;NO;"Indica o Tipo:
1. ICMS00
2. ICMS10
3. ICMS20
4. ICMS30
5. ICMS40
6. ICMS51
7. ICMS60
8. ICMS70
9. ICMS90
10. ICMSPart
11. ICMSST
12. ICMSSN101
13. ICMSSN102
14. ICMSSN201
15. ICMSSN202
16. ICMSSN500
17. ICMSSN900"; (: )
exanfecorp;NFECORP;ICMS;Tributação pelo ICMS00 - Tributada integralmente;9587687990;N;61;TIP_IND_DEDUZ_DESON;NUMBER;22;Y;0;0;0;9587687990;NO;Indicador de deducao do ICMS desonerado; (: )
exanfecorp;NFECORP;ICMS;Tributação pelo ICMS00 - Tributada integralmente;9587687990;N;17;TXT_MOTIVO_DES;VARCHAR2;200;Y;;2;14;9548682773;NO;"Este campo será preenchido quando o campo anterior estiver preenchido.Informar o motivo da desoneração:1 ? T?xi;2 ? Deficiente F?sico;3 ? Produtor Agropecu?rio;4 ? Frotista/Locadora;5 ? Diplom?tico/Consular;6 ? Utilit?rios e Motocicletas da Amaz?nia Ocidental e ?reas de Livre Com?rcio (Resolu??o 714/88 e 790/94 ? CONTRAN e suas altera??es);7 ? SUFRAMA;9 ? outros. (v2.0)"; (: )
exanfecorp;NFECORP;ICMS;Tributação pelo ICMS00 - Tributada integralmente;9587687990;N;43;VLR_ALI_IMP;NUMBER;22;Y;4;2;17;9587678296;NO;Alíquota ad rem do imposto; (: )
exanfecorp;NFECORP;ICMS;Tributação pelo ICMS00 - Tributada integralmente;9587687990;N;46;VLR_ALI_IMP_RET;NUMBER;22;Y;4;2;7;9587686890;NO;Alíquota ad rem do imposto com retenção; (: )
exanfecorp;NFECORP;ICMS;Tributação pelo ICMS00 - Tributada integralmente;9587687990;N;7;VLR_ALIQUOTA;NUMBER;22;Y;4;3;5246;4567409254;NO;Alíquota do ICMS; (: )
exanfecorp;NFECORP;ICMS;Tributação pelo ICMS00 - Tributada integralmente;9587687990;N;23;VLR_ALIQUOTA_CRED;NUMBER;22;Y;4;2;12705;9517955161;NO;Alíquota aplic?vel de c?lculo do cr?dito (Simples Nacional). (v2.0); (: )
exanfecorp;NFECORP;ICMS;Tributação pelo ICMS00 - Tributada integralmente;9587687990;N;13;VLR_ALIQUOTA_ST;NUMBER;22;Y;4;2;12968;7350881533;NO;Aliquota do ICMS ST; (: )
exanfecorp;NFECORP;ICMS;Tributação pelo ICMS00 - Tributada integralmente;9587687990;N;54;VLR_ALI_RET_ANT;NUMBER;22;Y;4;2;226;9585720761;NO;; (: )
exanfecorp;NFECORP;ICMS;Tributação pelo ICMS00 - Tributada integralmente;9587687990;N;6;VLR_BC;NUMBER;22;Y;2;3;6355456;4566870309;NO;Valor da BC do ICMS; (: )
exanfecorp;NFECORP;ICMS;Tributação pelo ICMS00 - Tributada integralmente;9587687990;N;34;VLR_BC_FCP;NUMBER;22;Y;2;2;39816;9587331641;NO;Valor da Base de cálculo do FCP.; (: )
exanfecorp;NFECORP;ICMS;Tributação pelo ICMS00 - Tributada integralmente;9587687990;N;38;VLR_BC_FCP_RET;NUMBER;22;Y;2;2;105384;9584560973;NO;Valor da Base de cálculo do FCP retido anteriormente por ST; (: )
exanfecorp;NFECORP;ICMS;Tributação pelo ICMS00 - Tributada integralmente;9587687990;N;41;VLR_BC_FCP_ST;NUMBER;22;Y;2;2;460384;9560761181;NO;Valor da Base de cálculo do FCP retido por substituição tributária; (: )
exanfecorp;NFECORP;ICMS;Tributação pelo ICMS00 - Tributada integralmente;9587687990;N;12;VLR_BC_ST;NUMBER;22;Y;2;2;2380544;7215349559;NO;Valor da BC do ICMS ST; (: )
exanfecorp;NFECORP;ICMS;Tributação pelo ICMS00 - Tributada integralmente;9587687990;N;20;VLR_BC_ST_DEST;NUMBER;22;Y;2;2;291072;9571040793;NO;Informar o valor da BC do ICMS ST da UF destino (v2.0); (: )
exanfecorp;NFECORP;ICMS;Tributação pelo ICMS00 - Tributada integralmente;9587687990;N;25;VLR_BC_ST_RET;NUMBER;22;Y;2;2;1609856;7008518691;NO;Valor da BC do ICMS ST de Retorno; (: )
exanfecorp;NFECORP;ICMS;Tributação pelo ICMS00 - Tributada integralmente;9587687990;N;24;VLR_CRED_ICMSSN;NUMBER;22;Y;2;2;108704;9517955161;NO;Valor cr?dito do ICMS que pode ser aproveitado nos termos do art. 23 da LC 123 (Simples Nacional) (v2.0); (: )
exanfecorp;NFECORP;ICMS;Tributação pelo ICMS00 - Tributada integralmente;9587687990;N;33;VLR_FCP;NUMBER;22;Y;2;2;23756;9584860638;NO;Valor do ICMS relativo ao Fundo de Combate a Pobreza; (: )
exanfecorp;NFECORP;ICMS;Tributação pelo ICMS00 - Tributada integralmente;9587687990;N;58;VLR_FCP_DIF;NUMBER;22;Y;2;0;0;9587687990;NO;Valor do FCP diferido; (: )
exanfecorp;NFECORP;ICMS;Tributação pelo ICMS00 - Tributada integralmente;9587687990;N;59;VLR_FCP_EFET;NUMBER;22;Y;2;0;0;9587687990;NO;Valor efetivo do FCP devido; (: )
exanfecorp;NFECORP;ICMS;Tributação pelo ICMS00 - Tributada integralmente;9587687990;N;40;VLR_FCP_RET;NUMBER;22;Y;2;2;18782;9584560973;NO;Valor do FCP retido por substituição tributária.; (: )
exanfecorp;NFECORP;ICMS;Tributação pelo ICMS00 - Tributada integralmente;9587687990;N;36;VLR_FCP_ST;NUMBER;22;Y;2;2;91680;9560761181;NO;Valor do FCP retido por substituicao tributaria; (: )
exanfecorp;NFECORP;ICMS;Tributação pelo ICMS00 - Tributada integralmente;9587687990;N;8;VLR_ICMS;NUMBER;22;Y;2;3;1975040;4565882627;NO;Valor do ICMS; (: )
exanfecorp;NFECORP;ICMS;Tributação pelo ICMS00 - Tributada integralmente;9587687990;N;28;VLR_ICMS_DESON;NUMBER;22;Y;2;2;520256;9550423972;NO;Valor do ICMS desonerado; (: )
exanfecorp;NFECORP;ICMS;Tributação pelo ICMS00 - Tributada integralmente;9587687990;N;31;VLR_ICMS_DIF;NUMBER;22;Y;2;2;199872;9573763580;NO;Valor do ICMS diferido; (: )
exanfecorp;NFECORP;ICMS;Tributação pelo ICMS00 - Tributada integralmente;9587687990;N;52;VLR_ICMS_DIFE;NUMBER;22;Y;2;2;3304;9587681255;NO;Valor do ICMS diferido; (: )
exanfecorp;NFECORP;ICMS;Tributação pelo ICMS00 - Tributada integralmente;9587687990;N;29;VLR_ICMS_OP;NUMBER;22;Y;2;2;228672;9574337021;NO;Valor do ICMS da operacao antes do diferimento; (: )
exanfecorp;NFECORP;ICMS;Tributação pelo ICMS00 - Tributada integralmente;9587687990;N;50;VLR_ICMS_OPE;NUMBER;22;Y;2;2;3316;9587681244;NO;Valor do ICMS da operação; (: )
exanfecorp;NFECORP;ICMS;Tributação pelo ICMS00 - Tributada integralmente;9587687990;N;44;VLR_ICMS_PROP;NUMBER;22;Y;2;2;4415;9587678709;NO;Valor do ICMS próprio devido; (: )
exanfecorp;NFECORP;ICMS;Tributação pelo ICMS00 - Tributada integralmente;9587687990;N;55;VLR_ICMS_RET_ANT;NUMBER;22;Y;2;2;146000;9585720761;NO;Valor do ICMS retido anteriormente; (: )
exanfecorp;NFECORP;ICMS;Tributação pelo ICMS00 - Tributada integralmente;9587687990;N;47;VLR_ICMS_RETEN;NUMBER;22;Y;2;2;999;9587686890;NO;Valor do ICMS com retenção; (: )
exanfecorp;NFECORP;ICMS;Tributação pelo ICMS00 - Tributada integralmente;9587687990;N;14;VLR_ICMS_ST;NUMBER;22;Y;2;2;1001856;7215349559;NO;Valor do ICMS ST; (: )
exanfecorp;NFECORP;ICMS;Tributação pelo ICMS00 - Tributada integralmente;9587687990;N;21;VLR_ICMS_ST_DEST;NUMBER;22;Y;2;2;201920;9571040793;NO;Informar o valor da BC do ICMS ST da UF destino (v2.0); (: )
exanfecorp;NFECORP;ICMS;Tributação pelo ICMS00 - Tributada integralmente;9587687990;N;26;VLR_ICMS_ST_RET;NUMBER;22;Y;2;2;625024;7008518691;NO;Valor do ICMS ST de Retorno; (: )
exanfecorp;NFECORP;ICMS;Tributação pelo ICMS00 - Tributada integralmente;9587687990;N;18;VLR_PER_BC_OP;NUMBER;22;Y;4;2;355;9587122697;NO;Percentual para determina??o do valor  da Base de C?lculo da opera??o pr?pria. (v2.0); (: )
exanfecorp;NFECORP;ICMS;Tributação pelo ICMS00 - Tributada integralmente;9587687990;N;51;VLR_PERC_DIF;NUMBER;22;Y;4;2;14;9587681247;NO;Valor do ICMS diferido; (: )
exanfecorp;NFECORP;ICMS;Tributação pelo ICMS00 - Tributada integralmente;9587687990;N;48;VLR_PERC_RED;NUMBER;22;Y;2;0;0;9587687990;NO;Percentual de redução do valor da alíquota adrem do ICMS; (: )
exanfecorp;NFECORP;ICMS;Tributação pelo ICMS00 - Tributada integralmente;9587687990;N;30;VLR_PER_DIF;NUMBER;22;Y;4;2;6367;9574352654;NO;Percentual do diferimento do ICMS; (: )
exanfecorp;NFECORP;ICMS;Tributação pelo ICMS00 - Tributada integralmente;9587687990;N;32;VLR_PER_FCP;NUMBER;22;Y;4;2;29;9584860638;NO;Percentual de ICMS relativo ao Fundo de Combate a Pobreza; (: )
exanfecorp;NFECORP;ICMS;Tributação pelo ICMS00 - Tributada integralmente;9587687990;N;57;VLR_PER_FCP_DIF;NUMBER;22;Y;4;0;0;9587687990;NO;Percentual do diferimento do FCP; (: )
exanfecorp;NFECORP;ICMS;Tributação pelo ICMS00 - Tributada integralmente;9587687990;N;39;VLR_PER_FCP_RET;NUMBER;22;Y;4;2;2506;9584560973;NO;Percentual de FCP retido anteriormente por substituição tributária.; (: )
exanfecorp;NFECORP;ICMS;Tributação pelo ICMS00 - Tributada integralmente;9587687990;N;35;VLR_PER_FCP_ST;NUMBER;22;Y;4;2;458;9560761181;NO;Percentual do FCP retido por substituicao tributaria; (: )
exanfecorp;NFECORP;ICMS;Tributação pelo ICMS00 - Tributada integralmente;9587687990;N;10;VLR_PMVAST;NUMBER;22;Y;4;2;18926;8286027868;NO;Percentual da margem de valor adicionado do ICMS ST; (: )
exanfecorp;NFECORP;ICMS;Tributação pelo ICMS00 - Tributada integralmente;9587687990;N;37;VLR_P_ST;NUMBER;22;Y;4;2;38316;8184450747;NO;Aliquota suportada pelo consumidor final; (: )
exanfecorp;NFECORP;ICMS;Tributação pelo ICMS00 - Tributada integralmente;9587687990;N;15;VLR_RED_BC;NUMBER;22;Y;4;2;17868;9275066923;NO;Percentual de redução da BC; (: )
exanfecorp;NFECORP;ICMS;Tributação pelo ICMS00 - Tributada integralmente;9587687990;N;11;VLR_RED_BC_ST;NUMBER;22;Y;4;2;8858;9038233789;NO;Percentual de redução da BC ICMS ST; (: )
exanfecorp;NFECORP;IMPOSTO;Tributos incidentes nos produtos ou serviços da NF-e;9588411211;N;28;COD_ENQ_IPI;VARCHAR2;3;Y;;3;1171;3711099109;NO;Código de Enquadramento Legal do IPI (tabela a ser criada pela RFB); (: )
exanfecorp;NFECORP;IMPOSTO;Tributos incidentes nos produtos ou serviços da NF-e;9588411211;N;75;COD_IND_IF_ISSQN;NUMBER;22;Y;0;2;2;9587273804;NO;"Indicador de Incentivo Fiscal. 1=Sim; 2=Não"; (: )
exanfecorp;NFECORP;IMPOSTO;Tributos incidentes nos produtos ou serviços da NF-e;9588411211;N;70;COD_IND_ISS_ISSQN;NUMBER;22;Y;0;2;7;9587273804;NO;"Exibilidade do ISS:1-Exigível;2-Não
      incidente;3-Isenção;4-Exportação;5-Imunidade;6-Exig.Susp.
      Judicial;7-Exig.Susp. ADM"; (: )
exanfecorp;NFECORP;IMPOSTO;Tributos incidentes nos produtos ou serviços da NF-e;9588411211;N;7;COD_LIST_SERV_ISSQN;VARCHAR2;20;Y;;2;195;9587041166;NO;Tipo Código da Lista de Serviços LC 116/2003; (: )
exanfecorp;NFECORP;IMPOSTO;Tributos incidentes nos produtos ou serviços da NF-e;9588411211;N;6;COD_MUN_FG_ISSQN;NUMBER;22;Y;0;2;965;9587041166;NO;Código do Município de Ocorrência do Fato Gerador (utilizar a tabela do IBGE); (: )
exanfecorp;NFECORP;IMPOSTO;Tributos incidentes nos produtos ou serviços da NF-e;9588411211;N;73;COD_MUNICIPIO_ISSQN;NUMBER;22;Y;0;2;105;9588267384;NO;Código do Município de Incidência do Imposto; (: )
exanfecorp;NFECORP;IMPOSTO;Tributos incidentes nos produtos ou serviços da NF-e;9588411211;N;72;COD_PAIS_ISSQN;VARCHAR2;5;Y;;2;508;9588123348;NO;Código do país onde o serviço foi prestado; (: )
exanfecorp;NFECORP;IMPOSTO;Tributos incidentes nos produtos ou serviços da NF-e;9588411211;N;26;COD_SELO_IPI;VARCHAR2;60;Y;;2;2867;9553992630;NO;Código do selo de controle do IPI; (: )
exanfecorp;NFECORP;IMPOSTO;Tributos incidentes nos produtos ou serviços da NF-e;9588411211;N;71;COD_SERVICO_ISSQN;VARCHAR2;20;Y;;2;744;9588273209;NO;Código do serviço prestado dentro do município; (: )
exanfecorp;NFECORP;IMPOSTO;Tributos incidentes nos produtos ou serviços da NF-e;9588411211;N;48;COD_ST_COFINS_ALIQ;NUMBER;22;Y;0;2;2;6014805225;NO;"Código de Situação Tributária do COFINS.
01 ¿ Operação Tributável - Base de Cálculo = Valor da Operação Alíquota Normal (Cumulativo/Não Cumulativo)
02 - Operação Tributável - Base de Calculo = Valor da Operação (Alíquota Diferenciada)"; (: )
exanfecorp;NFECORP;IMPOSTO;Tributos incidentes nos produtos ou serviços da NF-e;9588411211;N;47;COD_ST_COFINS_NT;NUMBER;22;Y;0;3;6;4705255271;NO;"Código de Situação Tributária do COFINS:
04 - Operação Tributável - Tributação Monofásica - (Alíquota Zero)
06 - Operação Tributável - Alíquota Zero
07 - Operação Isenta da contribuição
08 - Operação Sem Incidência da contribuição
09 - Operação com suspensão da contribuição"; (: )
exanfecorp;NFECORP;IMPOSTO;Tributos incidentes nos produtos ou serviços da NF-e;9588411211;N;56;COD_ST_COFINS_OUTRO;NUMBER;22;Y;0;2;24;8486420972;NO;"Código de Situação Tributária do COFINS:
99 - Outras Operações."; (: )
exanfecorp;NFECORP;IMPOSTO;Tributos incidentes nos produtos ou serviços da NF-e;9588411211;N;52;COD_ST_CONFINS_QTDE;NUMBER;22;Y;0;2;1;9558770617;NO;"Código de Situação Tributária do COFINS.
03 - Operação Tributável - Base de Calculo = Quantidade Vendida x Alíquota por Unidade de Produto;"; (: )
exanfecorp;NFECORP;IMPOSTO;Tributos incidentes nos produtos ou serviços da NF-e;9588411211;N;17;COD_ST_IPI_NT;NUMBER;22;Y;0;2;10;6072858635;NO;"Código da Situação Tributária do IPI:
01-Entrada tributada com alíquota zero
02-Entrada isenta
03-Entrada não-tributada
04-Entrada imune
05-Entrada com suspensão
51-Saída tributada com alíquota zero
52-Saída isenta
53-Saída não-tributada
54-Saída imune
55-Saída com suspensão"; (: )
exanfecorp;NFECORP;IMPOSTO;Tributos incidentes nos produtos ou serviços da NF-e;9588411211;N;18;COD_ST_IPI_TRIB;NUMBER;22;Y;0;2;4;7226651685;NO;"Código da Situação Tributária do IPI:
00-Entrada com recuperação de crédito
49 - Outras entradas
50-Saída tributada
99-Outras saídas"; (: )
exanfecorp;NFECORP;IMPOSTO;Tributos incidentes nos produtos ou serviços da NF-e;9588411211;N;36;COD_ST_PIS_ALIQ;NUMBER;22;Y;0;2;2;6013625137;NO;"Código de Situação Tributária do PIS:
01 ¿ Operação Tributável - Base de Cálculo = Valor da Operação Alíquota Normal (Cumulativo/Não Cumulativo)
02 - Operação Tributável - Base de Calculo = Valor da Operação (Alíquota Diferenciada)"; (: )
exanfecorp;NFECORP;IMPOSTO;Tributos incidentes nos produtos ou serviços da NF-e;9588411211;N;29;COD_ST_PIS_NT;NUMBER;22;Y;0;3;6;4704284925;NO;"Código de Situação Tributária do PIS:
04 - Operação Tributável - Tributação Monofásica - (Alíquota Zero)
06 - Operação Tributável - Alíquota Zero
07 - Operação Isenta da contribuição
08 - Operação Sem Incidência da contribuição
09 - Operação com suspensão da contribuição"; (: )
exanfecorp;NFECORP;IMPOSTO;Tributos incidentes nos produtos ou serviços da NF-e;9588411211;N;30;COD_ST_PIS_OUTRO;NUMBER;22;Y;0;2;24;8488070204;NO;"Código de Situação Tributária do PIS.
99 - Outras Operações."; (: )
exanfecorp;NFECORP;IMPOSTO;Tributos incidentes nos produtos ou serviços da NF-e;9588411211;N;40;COD_ST_PIS_QTDE;NUMBER;22;Y;0;2;1;9559270512;NO;"Código de Situação Tributária do PIS.
03 - Operação Tributável - Base de Calculo = Quantidade Vendida x Alíquota por Unidade de Produto;"; (: )
exanfecorp;NFECORP;IMPOSTO;Tributos incidentes nos produtos ou serviços da NF-e;9588411211;N;64;NUM_ANO_EMISSAO;NUMBER;22;Y;0;4;17;2899;NO;Ano de emissão da Nota Fiscal Eletrônica; (: )
exanfecorp;NFECORP;IMPOSTO;Tributos incidentes nos produtos ou serviços da NF-e;9588411211;N;25;NUM_CNPJ_PROD_IPI;NUMBER;22;Y;0;2;30524;9550147994;NO;"CNPJ do produtor da mercadoria, quando diferente do emitente. Somente para os casos de exportação direta
ou indireta."; (: )
exanfecorp;NFECORP;IMPOSTO;Tributos incidentes nos produtos ou serviços da NF-e;9588411211;N;86;NUM_CNPJ_PROD_IPI_A;VARCHAR2;14;Y;;0;0;9588411211;NO;Documento convertido para texto com padronizacao em 14 posicoes e zeros a esquerda; (: )
exanfecorp;NFECORP;IMPOSTO;Tributos incidentes nos produtos ou serviços da NF-e;9588411211;N;2;NUM_ITEM_DETALHE;NUMBER;22;N;0;4;990;0;NO;Número do item do NF;FK_PRODUTO_IMPOSTO (FOREIGN KEY: ENABLED)- PK_IMPOSTO (PRIMARY KEY: ENABLED)- SYS_C00180024 (C: ENABLED)
exanfecorp;NFECORP;IMPOSTO;Tributos incidentes nos produtos ou serviços da NF-e;9588411211;N;74;NUM_PROC_ISSQN;VARCHAR2;30;Y;;2;12;9588383260;NO;"Número do Processo administrativo ou judicial de
      suspenção do processo"; (: )
exanfecorp;NFECORP;IMPOSTO;Tributos incidentes nos produtos ou serviços da NF-e;9588411211;N;59;QTD_BCPROD_COFINS_OUTRO;NUMBER;22;Y;4;2;87672;9520341973;NO;Quantidade Vendida; (: )
exanfecorp;NFECORP;IMPOSTO;Tributos incidentes nos produtos ou serviços da NF-e;9588411211;N;63;QTD_BC_PROD_COFINS_ST;NUMBER;22;Y;4;2;931;9585982804;NO;Quantidade Vendida; (: )
exanfecorp;NFECORP;IMPOSTO;Tributos incidentes nos produtos ou serviços da NF-e;9588411211;N;53;QTD_BCPROD_CONFINS_QTDE;NUMBER;22;Y;4;2;98272;9558770617;NO;Quantidade Vendida; (: )
exanfecorp;NFECORP;IMPOSTO;Tributos incidentes nos produtos ou serviços da NF-e;9588411211;N;33;QTD_BCPROD_PIS_OUTRO;NUMBER;22;Y;4;2;92280;9519954344;NO;Quantidade Vendida; (: )
exanfecorp;NFECORP;IMPOSTO;Tributos incidentes nos produtos ou serviços da NF-e;9588411211;N;41;QTD_BCPROD_PIS_QTDE;NUMBER;22;Y;4;2;90632;9559270512;NO;Quantidade Vendida; (: )
exanfecorp;NFECORP;IMPOSTO;Tributos incidentes nos produtos ou serviços da NF-e;9588411211;N;10;QTD_BCPROD_PIS_ST;NUMBER;22;Y;4;2;1080;9587976309;NO;Quantidade Vendida; (: )
exanfecorp;NFECORP;IMPOSTO;Tributos incidentes nos produtos ou serviços da NF-e;9588411211;N;27;QTD_SELO_IPI;NUMBER;22;Y;0;2;9653;9480920912;NO;Quantidade de selo de controle do IPI; (: )
exanfecorp;NFECORP;IMPOSTO;Tributos incidentes nos produtos ou serviços da NF-e;9588411211;N;21;QTD_UNID_IPI_TRIB;NUMBER;22;Y;4;2;170032;9329528061;NO;Quantidade total na unidade padrão para tributação; (: )
exanfecorp;NFECORP;IMPOSTO;Tributos incidentes nos produtos ou serviços da NF-e;9588411211;N;1;SEQ_NOTA_FISCAL;NUMBER;22;N;0;10;1349779456;0;NO;SEQ_NOTA_FISCAL;FK_PRODUTO_IMPOSTO (FOREIGN KEY: ENABLED)- PK_IMPOSTO (PRIMARY KEY: ENABLED)- SYS_C00180023 (C: ENABLED)
exanfecorp;NFECORP;IMPOSTO;Tributos incidentes nos produtos ou serviços da NF-e;9588411211;N;24;TXT_CLASSE_ENQ_IPI;VARCHAR2;5;Y;;2;4464;9525676929;NO;Classe de Enquadramento do IPI para Cigarros e Bebidas; (: )
exanfecorp;NFECORP;IMPOSTO;Tributos incidentes nos produtos ou serviços da NF-e;9588411211;N;78;VLR_ALIQ_FCP_ICMS_UF_DEST;NUMBER;22;Y;4;2;765;9319367540;NO;Percentual adicional inserido na alíquota interna da UF de destino, relativo ao Fundo de Combate à Pobreza (FCP) naquela UF.; (: )
exanfecorp;NFECORP;IMPOSTO;Tributos incidentes nos produtos ou serviços da NF-e;9588411211;N;80;VLR_ALIQ_INTES_ICMS_UF_DEST;VARCHAR2;10;Y;;2;3;9281411539;NO;"Alíquota interestadual das UF envolvidas: - 4% alíquota interestadual para produtos importados; - 7% para os Estados de origem do Sul e Sudeste (exceto ES), destinado para os Estados do Norte e Nordeste  ou ES; - 12% para os demais casos."; (: )
exanfecorp;NFECORP;IMPOSTO;Tributos incidentes nos produtos ou serviços da NF-e;9588411211;N;79;VLR_ALIQ_INT_ICMS_UF_DEST;NUMBER;22;Y;4;2;3534;9281411539;NO;Alíquota adotada nas operações internas na UF do destinatário para o produto / mercadoria.; (: )
exanfecorp;NFECORP;IMPOSTO;Tributos incidentes nos produtos ou serviços da NF-e;9588411211;N;81;VLR_ALIQ_IPART_ICMS_UF_DEST;NUMBER;22;Y;4;2;13;9281411539;NO;"Percentual de partilha para a UF do destinatário: - 40% em 2016; - 60% em 2017; - 80% em 2018; - 100% a partir de 2019."; (: )
exanfecorp;NFECORP;IMPOSTO;Tributos incidentes nos produtos ou serviços da NF-e;9588411211;N;50;VLR_ALIQ_PERC_COFINS_ALIQ;NUMBER;22;Y;2;3;3962;6014805225;NO;Alíquota do COFINS (em percentual); (: )
exanfecorp;NFECORP;IMPOSTO;Tributos incidentes nos produtos ou serviços da NF-e;9588411211;N;58;VLR_ALIQ_PERC_COFINS_OUTRO;NUMBER;22;Y;4;2;2531;8554490210;NO;Alíquota do COFINS (em percentual); (: )
exanfecorp;NFECORP;IMPOSTO;Tributos incidentes nos produtos ou serviços da NF-e;9588411211;N;54;VLR_ALIQ_REAIS_CONFINS_QTDE;NUMBER;22;Y;4;2;48916;9558770617;NO;Alíquota do COFINS (em reais); (: )
exanfecorp;NFECORP;IMPOSTO;Tributos incidentes nos produtos ou serviços da NF-e;9588411211;N;20;VLR_ALIQUOTA_IPI_TRIB;NUMBER;22;Y;4;2;7549;7485534835;NO;Alíquota do IPI; (: )
exanfecorp;NFECORP;IMPOSTO;Tributos incidentes nos produtos ou serviços da NF-e;9588411211;N;4;VLR_ALIQUOTA_ISSQN;NUMBER;22;Y;4;2;513;9587041166;NO;Alíquota do ISSQN; (: )
exanfecorp;NFECORP;IMPOSTO;Tributos incidentes nos produtos ou serviços da NF-e;9588411211;N;62;VLR_ALIQUOTA_PERC_COFINS_ST;NUMBER;22;Y;4;2;397;9562865092;NO;Alíquota do COFINS ST(em percentual); (: )
exanfecorp;NFECORP;IMPOSTO;Tributos incidentes nos produtos ou serviços da NF-e;9588411211;N;38;VLR_ALIQUOTA_PERC_PIS_ALIQ;NUMBER;22;Y;2;3;3393;6013625137;NO;Alíquota do PIS (em percentual); (: )
exanfecorp;NFECORP;IMPOSTO;Tributos incidentes nos produtos ou serviços da NF-e;9588411211;N;32;VLR_ALIQUOTA_PERC_PIS_OUTRO;NUMBER;22;Y;4;2;1820;8556527071;NO;Alíquota do PIS (em percentual); (: )
exanfecorp;NFECORP;IMPOSTO;Tributos incidentes nos produtos ou serviços da NF-e;9588411211;N;9;VLR_ALIQUOTA_PERC_PIS_ST;NUMBER;22;Y;4;2;333;9559560170;NO;Alíquota do PIS ST (em percentual); (: )
exanfecorp;NFECORP;IMPOSTO;Tributos incidentes nos produtos ou serviços da NF-e;9588411211;N;60;VLR_ALIQUOTA_REAIS_COFINS_OUTR;NUMBER;22;Y;4;2;56752;9520341973;NO;Alíquota do COFINS (em reais); (: )
exanfecorp;NFECORP;IMPOSTO;Tributos incidentes nos produtos ou serviços da NF-e;9588411211;N;45;VLR_ALIQUOTA_REAIS_COFINS_ST;NUMBER;22;Y;4;2;1834;9579959671;NO;Alíquota do COFINS ST(em reais); (: )
exanfecorp;NFECORP;IMPOSTO;Tributos incidentes nos produtos ou serviços da NF-e;9588411211;N;34;VLR_ALIQUOTA_REAIS_PIS_OUTRO;NUMBER;22;Y;4;2;50768;9519954344;NO;Alíquota do PIS (em reais); (: )
exanfecorp;NFECORP;IMPOSTO;Tributos incidentes nos produtos ou serviços da NF-e;9588411211;N;42;VLR_ALIQUOTA_REAIS_PIS_QTDE;NUMBER;22;Y;4;2;34544;9559270512;NO;Alíquota do PIS  (em reais); (: )
exanfecorp;NFECORP;IMPOSTO;Tributos incidentes nos produtos ou serviços da NF-e;9588411211;N;11;VLR_ALIQUOTA_REAIS_PIS_ST;NUMBER;22;Y;2;2;1773;9587976309;NO;Alíquota do PIS ST (em reais); (: )
exanfecorp;NFECORP;IMPOSTO;Tributos incidentes nos produtos ou serviços da NF-e;9588411211;N;49;VLR_BC_COFINS_ALIQ;NUMBER;22;Y;2;3;5506560;6014805225;NO;Valor da BC do COFINS; (: )
exanfecorp;NFECORP;IMPOSTO;Tributos incidentes nos produtos ou serviços da NF-e;9588411211;N;57;VLR_BC_COFINS_OUTRO;NUMBER;22;Y;2;2;1810944;8554490210;NO;Valor da BC do COFINS; (: )
exanfecorp;NFECORP;IMPOSTO;Tributos incidentes nos produtos ou serviços da NF-e;9588411211;N;44;VLR_BC_COFINS_ST;NUMBER;22;Y;2;2;145088;9556841959;NO;Valor da BC do COFINS ST; (: )
exanfecorp;NFECORP;IMPOSTO;Tributos incidentes nos produtos ou serviços da NF-e;9588411211;N;85;VLR_BC_FCP_ICMS_UF_DEST;NUMBER;22;Y;2;2;737792;9363762620;NO;Valor da Base de Cálculo do FCP na UF do destinatário.; (: )
exanfecorp;NFECORP;IMPOSTO;Tributos incidentes nos produtos ou serviços da NF-e;9588411211;N;77;VLR_BC_ICMS_UF_DEST;NUMBER;22;Y;2;2;1107584;9281411539;NO;Valor da Base de Cálculo do ICMS na UF do destinatário.; (: )
exanfecorp;NFECORP;IMPOSTO;Tributos incidentes nos produtos ou serviços da NF-e;9588411211;N;13;VLR_BC_II;NUMBER;22;Y;2;2;1027008;9338327542;NO;Base da BC do Imposto de Importação; (: )
exanfecorp;NFECORP;IMPOSTO;Tributos incidentes nos produtos ou serviços da NF-e;9588411211;N;19;VLR_BC_IPI_TRIB;NUMBER;22;Y;2;2;3625728;7485534835;NO;Valor da BC do IPI; (: )
exanfecorp;NFECORP;IMPOSTO;Tributos incidentes nos produtos ou serviços da NF-e;9588411211;N;3;VLR_BC_ISSQN;NUMBER;22;Y;2;2;110752;9587041166;NO;Valor da BC do ISSQN; (: )
exanfecorp;NFECORP;IMPOSTO;Tributos incidentes nos produtos ou serviços da NF-e;9588411211;N;37;VLR_BC_PIS_ALIQ;NUMBER;22;Y;2;3;5506048;6013625137;NO;Valor da BC do PIS; (: )
exanfecorp;NFECORP;IMPOSTO;Tributos incidentes nos produtos ou serviços da NF-e;9588411211;N;31;VLR_BC_PIS_OUTRO;NUMBER;22;Y;2;2;1809408;8556527071;NO;Valor da BC do PIS; (: )
exanfecorp;NFECORP;IMPOSTO;Tributos incidentes nos produtos ou serviços da NF-e;9588411211;N;8;VLR_BC_PIS_ST;NUMBER;22;Y;2;2;113976;9559560170;NO;Valor da BC do PIS ST; (: )
exanfecorp;NFECORP;IMPOSTO;Tributos incidentes nos produtos ou serviços da NF-e;9588411211;N;51;VLR_COFINS_ALIQ;NUMBER;22;Y;2;2;1402368;6014805225;NO;Valor do COFINS; (: )
exanfecorp;NFECORP;IMPOSTO;Tributos incidentes nos produtos ou serviços da NF-e;9588411211;N;61;VLR_COFINS_OUTRO;NUMBER;22;Y;2;2;470592;8486420972;NO;Valor do COFINS; (: )
exanfecorp;NFECORP;IMPOSTO;Tributos incidentes nos produtos ou serviços da NF-e;9588411211;N;46;VLR_COFINS_ST;NUMBER;22;Y;2;2;57980;9554413552;NO;Valor do COFINS ST; (: )
exanfecorp;NFECORP;IMPOSTO;Tributos incidentes nos produtos ou serviços da NF-e;9588411211;N;55;VLR_CONFINS_QTDE;NUMBER;22;Y;2;2;144784;9558770617;NO;Valor do COFINS; (: )
exanfecorp;NFECORP;IMPOSTO;Tributos incidentes nos produtos ou serviços da NF-e;9588411211;N;65;VLR_DEDUCAO_ISSQN;NUMBER;22;Y;2;2;7464;9588363137;NO;Valor dedução para redução da base de cálculo; (: )
exanfecorp;NFECORP;IMPOSTO;Tributos incidentes nos produtos ou serviços da NF-e;9588411211;N;68;VLR_DESC_COND_ISSQN;NUMBER;22;Y;2;2;20;9588411128;NO;Valor desconto condicionado; (: )
exanfecorp;NFECORP;IMPOSTO;Tributos incidentes nos produtos ou serviços da NF-e;9588411211;N;67;VLR_DESC_INCOND_ISSQN;NUMBER;22;Y;2;2;2715;9588400925;NO;Valor desconto incondicionado; (: )
exanfecorp;NFECORP;IMPOSTO;Tributos incidentes nos produtos ou serviços da NF-e;9588411211;N;14;VLR_DESP_ADU_II;NUMBER;22;Y;2;2;214912;9338327542;NO;Valor das despesas aduaneiras; (: )
exanfecorp;NFECORP;IMPOSTO;Tributos incidentes nos produtos ou serviços da NF-e;9588411211;N;82;VLR_FCP_ICMS_UF_DEST;NUMBER;22;Y;2;2;39228;9303968421;NO;Valor do ICMS relativo ao Fundo de Combate à Pobreza (FCP) da UF de destino.; (: )
exanfecorp;NFECORP;IMPOSTO;Tributos incidentes nos produtos ou serviços da NF-e;9588411211;N;15;VLR_II;NUMBER;22;Y;2;2;551104;9338327542;NO;Valor do Imposto de Importação; (: )
exanfecorp;NFECORP;IMPOSTO;Tributos incidentes nos produtos ou serviços da NF-e;9588411211;N;16;VLR_IOF_II;NUMBER;22;Y;2;2;23380;9338327542;NO;Valor do Imposto sobre Operações Financeiras; (: )
exanfecorp;NFECORP;IMPOSTO;Tributos incidentes nos produtos ou serviços da NF-e;9588411211;N;23;VLR_IPI_TRIB;NUMBER;22;Y;2;2;927104;7226651685;NO;Valor do IPI; (: )
exanfecorp;NFECORP;IMPOSTO;Tributos incidentes nos produtos ou serviços da NF-e;9588411211;N;5;VLR_ISSQN;NUMBER;22;Y;2;2;32272;9587041166;NO;Valor do ISSQN; (: )
exanfecorp;NFECORP;IMPOSTO;Tributos incidentes nos produtos ou serviços da NF-e;9588411211;N;69;VLR_ISS_RET_ISSQN;NUMBER;22;Y;2;2;6947;9588388896;NO;Valor Retenção ISS; (: )
exanfecorp;NFECORP;IMPOSTO;Tributos incidentes nos produtos ou serviços da NF-e;9588411211;N;66;VLR_OUTRO_ISSQN;NUMBER;22;Y;2;2;183;9588410821;NO;Valor outras retenções; (: )
exanfecorp;NFECORP;IMPOSTO;Tributos incidentes nos produtos ou serviços da NF-e;9588411211;N;39;VLR_PIS_ALIQ;NUMBER;22;Y;2;2;547648;6013625137;NO;Valor do PIS; (: )
exanfecorp;NFECORP;IMPOSTO;Tributos incidentes nos produtos ou serviços da NF-e;9588411211;N;35;VLR_PIS_OUTRO;NUMBER;22;Y;2;2;246816;8488070204;NO;Valor do PIS; (: )
exanfecorp;NFECORP;IMPOSTO;Tributos incidentes nos produtos ou serviços da NF-e;9588411211;N;43;VLR_PIS_QTDE;NUMBER;22;Y;2;2;100592;9559270512;NO;Valor do PIS; (: )
exanfecorp;NFECORP;IMPOSTO;Tributos incidentes nos produtos ou serviços da NF-e;9588411211;N;12;VLR_PIS_ST;NUMBER;22;Y;2;2;26828;9559125268;NO;Valor do PIS ST; (: )
exanfecorp;NFECORP;IMPOSTO;Tributos incidentes nos produtos ou serviços da NF-e;9588411211;N;76;VLR_TOT_TRIB;NUMBER;22;Y;2;2;1752576;7392654829;NO;Valor estimado total de impostos federais, estaduais e municipais.; (: )
exanfecorp;NFECORP;IMPOSTO;Tributos incidentes nos produtos ou serviços da NF-e;9588411211;N;83;VLR_UF_DEST_ICMS_UF_DEST;NUMBER;22;Y;2;2;349568;9281411539;NO;Valor do ICMS de partilha para a UF do destinatário.; (: )
exanfecorp;NFECORP;IMPOSTO;Tributos incidentes nos produtos ou serviços da NF-e;9588411211;N;84;VLR_UF_REMET_ICMS_UF_DEST;NUMBER;22;Y;2;2;116640;9281411539;NO;Valor do ICMS de partilha para a UF do remetente. Nota: A partir de 2019, este valor será zero.; (: )
exanfecorp;NFECORP;IMPOSTO;Tributos incidentes nos produtos ou serviços da NF-e;9588411211;N;22;VLR_UNID_IPI_TRIB;NUMBER;22;Y;4;2;205168;9329528061;NO;Valor por Unidade Tributável. Informar o valor do imposto Pauta por unidade de medida.; (: )
exanfecorp;NFECORP;IMPOSTO_IBS_CBS;Informações do Imposto de Bens e Serviços - IBS e da Contribuição de Bens e Serviços - CBS;;N;37;COD_CLA_CRE_PRE_ICP_CBS;NUMBER;22;Y;0;;;;NO;IBSCBS>gIBSCBS>gCBSCredPres>cCredPres - Código de Classificação do Crédito Presumido; (: )
exanfecorp;NFECORP;IMPOSTO_IBS_CBS;Informações do Imposto de Bens e Serviços - IBS e da Contribuição de Bens e Serviços - CBS;;N;36;COD_CLA_CRE_PRE_ICP_IBS;NUMBER;22;Y;0;;;;NO;IBSCBS>gIBSCBS>gIBSCredPres>cCredPres - Código de Classificação do Crédito Presumido; (: )
exanfecorp;NFECORP;IMPOSTO_IBS_CBS;Informações do Imposto de Bens e Serviços - IBS e da Contribuição de Bens e Serviços - CBS;;N;75;COD_CLA_CRE_PRE_OPE;NUMBER;22;Y;0;;;;NO;IBSCBS>gCredPresOper>cCredPres - Código de Classificação do Crédito Presumido; (: )
exanfecorp;NFECORP;IMPOSTO_IBS_CBS;Informações do Imposto de Bens e Serviços - IBS e da Contribuição de Bens e Serviços - CBS;;N;4;COD_CLASS_TRIBUTARIA;NUMBER;22;Y;0;;;;NO;IBSCBS>cClassTrib - Código de Classificação Tributária do IBS e CBS; (: )
exanfecorp;NFECORP;IMPOSTO_IBS_CBS;Informações do Imposto de Bens e Serviços - IBS e da Contribuição de Bens e Serviços - CBS;;N;29;COD_CLA_TRI_ITR;NUMBER;22;Y;0;;;;NO;IBSCBS>gIBSCBS>gTribRegular>cClassTribReg - Código de Classificação Tributária do IBS e CBS; (: )
exanfecorp;NFECORP;IMPOSTO_IBS_CBS;Informações do Imposto de Bens e Serviços - IBS e da Contribuição de Bens e Serviços - CBS;;N;3;COD_SIT_TRIBUTARIA;NUMBER;22;Y;0;;;;NO;IBSCBS>CST - Código de Situação Tributária do IBS e CBS; (: )
exanfecorp;NFECORP;IMPOSTO_IBS_CBS;Informações do Imposto de Bens e Serviços - IBS e da Contribuição de Bens e Serviços - CBS;;N;28;COD_SIT_TRI_ITR;NUMBER;22;Y;0;;;;NO;IBSCBS>gIBSCBS>gTribRegular>CSTReg - Código de Situação Tributária do IBS e CBS; (: )
exanfecorp;NFECORP;IMPOSTO_IBS_CBS;Informações do Imposto de Bens e Serviços - IBS e da Contribuição de Bens e Serviços - CBS;;N;69;DSC_COM_APU;VARCHAR2;7;Y;;;;;NO;IBSCBS>gAjusteCompet>competApur - Ano e mês referência do período de apuração (AAAA-MM); (: )
exanfecorp;NFECORP;IMPOSTO_IBS_CBS;Informações do Imposto de Bens e Serviços - IBS e da Contribuição de Bens e Serviços - CBS;;N;67;DSC_COM_APU_ZFM;VARCHAR2;7;Y;;;;;NO;IBSCBS>vCredPresIBSZFM>competApur - Ano e mês referência do período de apuração (AAAA-MM); (: )
exanfecorp;NFECORP;IMPOSTO_IBS_CBS;Informações do Imposto de Bens e Serviços - IBS e da Contribuição de Bens e Serviços - CBS;;N;2;NUM_ITEM_DETALHE;NUMBER;22;N;0;;;;NO;Número do item do NF;FK_PRODUTO_R_IBS_CBS (FOREIGN KEY: ENABLED)- PK_IMPOSTO_IBS_CBS (PRIMARY KEY: ENABLED)- SYS_C00211653 (C: ENABLED)
exanfecorp;NFECORP;IMPOSTO_IBS_CBS;Informações do Imposto de Bens e Serviços - IBS e da Contribuição de Bens e Serviços - CBS;;N;44;QTD_TRI_ITMP;NUMBER;22;Y;4;;;;NO;IBSCBS>gIBSCBS>gIBSCBSMono>gMonoPadrao>qBCMono - Quantidade tributada na monofasia; (: )
exanfecorp;NFECORP;IMPOSTO_IBS_CBS;Informações do Imposto de Bens e Serviços - IBS e da Contribuição de Bens e Serviços - CBS;;N;54;QTD_TRI_ITMRA;NUMBER;22;Y;4;;;;NO;IBSCBS>gIBSCBS>gIBSCBSMono>gMonoRet>qBCMonoRet - Quantidade tributada retida anteriormente; (: )
exanfecorp;NFECORP;IMPOSTO_IBS_CBS;Informações do Imposto de Bens e Serviços - IBS e da Contribuição de Bens e Serviços - CBS;;N;49;QTD_TRI_ITMSR;NUMBER;22;Y;4;;;;NO;IBSCBS>gIBSCBS>gIBSCBSMono>gMonoReten>qBCMonoReten - Quantidade tributada sujeita à retenção na monofasia; (: )
exanfecorp;NFECORP;IMPOSTO_IBS_CBS;Informações do Imposto de Bens e Serviços - IBS e da Contribuição de Bens e Serviços - CBS;;N;1;SEQ_NOTA_FISCAL;NUMBER;22;N;0;;;;NO;SEQ_NOTA_FISCAL;FK_PRODUTO_R_IBS_CBS (FOREIGN KEY: ENABLED)- PK_IMPOSTO_IBS_CBS (PRIMARY KEY: ENABLED)- SYS_C00211607 (C: ENABLED)
exanfecorp;NFECORP;IMPOSTO_IBS_CBS;Informações do Imposto de Bens e Serviços - IBS e da Contribuição de Bens e Serviços - CBS;;N;68;TIP_IND_DOA;VARCHAR2;1;Y;;;;;NO;IBSCBS>indDoacao - Indica a natureza da operação de doação, orientando a apuração e a geração de débitos ou estornos conforme o cenário; (: )
exanfecorp;NFECORP;IMPOSTO_IBS_CBS;Informações do Imposto de Bens e Serviços - IBS e da Contribuição de Bens e Serviços - CBS;;N;42;VLR_ALI_CBS_COM_GOV;NUMBER;22;Y;4;;;;NO;IBSCBS>gIBSCBS>gTribCompraGov>pAliqCBS - Alíquota da CBS; (: )
exanfecorp;NFECORP;IMPOSTO_IBS_CBS;Informações do Imposto de Bens e Serviços - IBS e da Contribuição de Bens e Serviços - CBS;;N;46;VLR_ALI_CBS_ITMP;NUMBER;22;Y;4;;;;NO;IBSCBS>gIBSCBS>gIBSCBSMono>gMonoPadrao>adRemCBS - Alíquota ad rem da CBS; (: )
exanfecorp;NFECORP;IMPOSTO_IBS_CBS;Informações do Imposto de Bens e Serviços - IBS e da Contribuição de Bens e Serviços - CBS;;N;57;VLR_ALI_CBS_ITMRA;NUMBER;22;Y;4;;;;NO;IBSCBS>gIBSCBS>gIBSCBSMono>gMonoRet>adRemCBSRet - Alíquota ad rem da CBS retida anteriormente; (: )
exanfecorp;NFECORP;IMPOSTO_IBS_CBS;Informações do Imposto de Bens e Serviços - IBS e da Contribuição de Bens e Serviços - CBS;;N;52;VLR_ALI_CBS_ITMSR;NUMBER;22;Y;4;;;;NO;IBSCBS>gIBSCBS>gIBSCBSMono>gMonoReten>adRemCBSReten - Alíquota ad rem da CBS sujeito a retenção; (: )
exanfecorp;NFECORP;IMPOSTO_IBS_CBS;Informações do Imposto de Bens e Serviços - IBS e da Contribuição de Bens e Serviços - CBS;;N;34;VLR_ALI_CBS_ITR;NUMBER;22;Y;4;;;;NO;IBSCBS>gIBSCBS>gTribRegular>pAliqEfetRegCBS - Valor da alíquota da CBS; (: )
exanfecorp;NFECORP;IMPOSTO_IBS_CBS;Informações do Imposto de Bens e Serviços - IBS e da Contribuição de Bens e Serviços - CBS;;N;26;VLR_ALI_EFE_BC_IRA_CBS;NUMBER;22;Y;4;;;;NO;IBSCBS>gIBSCBS>gCBS>gRed>PaliqEfet - Aliquota efetiva da CBS que será aliplicada a Base de cálculo; (: )
exanfecorp;NFECORP;IMPOSTO_IBS_CBS;Informações do Imposto de Bens e Serviços - IBS e da Contribuição de Bens e Serviços - CBS;;N;18;VLR_ALI_EFE_IBS_MUN;NUMBER;22;Y;4;;;;NO;IBSCBS>gIBSCBS>gIBSMun>gRed>pAliqEfet - Alíquota Efetiva do IBS de competência do Município que será aplicada a Base de Cálculo; (: )
exanfecorp;NFECORP;IMPOSTO_IBS_CBS;Informações do Imposto de Bens e Serviços - IBS e da Contribuição de Bens e Serviços - CBS;;N;32;VLR_ALI_EFE_IBS_MUN_ITR;NUMBER;22;Y;4;;;;NO;IBSCBS>gIBSCBS>gTribRegular>pAliqEfetRegIBSMun - Valor da alíquota do IBS do Município; (: )
exanfecorp;NFECORP;IMPOSTO_IBS_CBS;Informações do Imposto de Bens e Serviços - IBS e da Contribuição de Bens e Serviços - CBS;;N;11;VLR_ALI_EFE_IBS_UF;NUMBER;22;Y;4;;;;NO;IBSCBS>gIBSCBS>gIBSUF>gRed>pAliqEfet - Alíquota Efetiva do IBS de competência das UF que será aplicada a Base de Cálculo; (: )
exanfecorp;NFECORP;IMPOSTO_IBS_CBS;Informações do Imposto de Bens e Serviços - IBS e da Contribuição de Bens e Serviços - CBS;;N;30;VLR_ALI_EFE_IBS_UF_ITR;NUMBER;22;Y;4;;;;NO;IBSCBS>gIBSCBS>gTribRegular>pAliqEfetRegIBSUF - Valor da alíquota do IBS da UF; (: )
exanfecorp;NFECORP;IMPOSTO_IBS_CBS;Informações do Imposto de Bens e Serviços - IBS e da Contribuição de Bens e Serviços - CBS;;N;45;VLR_ALI_IBS_ITMP;NUMBER;22;Y;4;;;;NO;IBSCBS>gIBSCBS>gIBSCBSMono>gMonoPadrao>adRemIBS - Alíquota ad rem do IBS; (: )
exanfecorp;NFECORP;IMPOSTO_IBS_CBS;Informações do Imposto de Bens e Serviços - IBS e da Contribuição de Bens e Serviços - CBS;;N;55;VLR_ALI_IBS_ITMRA;NUMBER;22;Y;4;;;;NO;IBSCBS>gIBSCBS>gIBSCBSMono>gMonoRet>adRemIBSRet  -Alíquota ad rem do IBS retido anteriormente; (: )
exanfecorp;NFECORP;IMPOSTO_IBS_CBS;Informações do Imposto de Bens e Serviços - IBS e da Contribuição de Bens e Serviços - CBS;;N;50;VLR_ALI_IBS_ITMSR;NUMBER;22;Y;4;;;;NO;IBSCBS>gIBSCBS>gIBSCBSMono>gMonoReten>adRemIBSReten - Alíquota ad rem do IBS sujeito a retenção; (: )
exanfecorp;NFECORP;IMPOSTO_IBS_CBS;Informações do Imposto de Bens e Serviços - IBS e da Contribuição de Bens e Serviços - CBS;;N;13;VLR_ALI_IBS_MUN;NUMBER;22;Y;4;;;;NO;IBSCBS>gIBSCBS>gIBSMun>pIBSMun - Alíquota do IBS de competência do Município; (: )
exanfecorp;NFECORP;IMPOSTO_IBS_CBS;Informações do Imposto de Bens e Serviços - IBS e da Contribuição de Bens e Serviços - CBS;;N;40;VLR_ALI_IBS_MUN_COM_GOV;NUMBER;22;Y;4;;;;NO;IBSCBS>gIBSCBS>gTribCompraGov>pAliqIBSMun - Alíquota do IBS de competência do Município; (: )
exanfecorp;NFECORP;IMPOSTO_IBS_CBS;Informações do Imposto de Bens e Serviços - IBS e da Contribuição de Bens e Serviços - CBS;;N;6;VLR_ALI_IBS_UF;NUMBER;22;Y;4;;;;NO;IBSCBS>gIBSCBS>gIBSUF>pIBSUF - Alíquota do IBS de competência das UF; (: )
exanfecorp;NFECORP;IMPOSTO_IBS_CBS;Informações do Imposto de Bens e Serviços - IBS e da Contribuição de Bens e Serviços - CBS;;N;38;VLR_ALI_IBS_UF_COM_GOV;NUMBER;22;Y;4;;;;NO;IBSCBS>gIBSCBS>gTribCompraGov>pAliqIBSUF - Alíquota do IBS de competência do Estado; (: )
exanfecorp;NFECORP;IMPOSTO_IBS_CBS;Informações do Imposto de Bens e Serviços - IBS e da Contribuição de Bens e Serviços - CBS;;N;5;VLR_BASE_CALCULO;NUMBER;22;Y;2;;;;NO;IBSCBS>gIBSCBS>vBC - Base de cálculo do IBS e CBS; (: )
exanfecorp;NFECORP;IMPOSTO_IBS_CBS;Informações do Imposto de Bens e Serviços - IBS e da Contribuição de Bens e Serviços - CBS;;N;74;VLR_BC_CRE_PRE_OPE;NUMBER;22;Y;2;;;;NO;IBSCBS>gCredPresOper>vBCCredPres- Valor da Base de Cálculo do Crédito Presumido da Operação; (: )
exanfecorp;NFECORP;IMPOSTO_IBS_CBS;Informações do Imposto de Bens e Serviços - IBS e da Contribuição de Bens e Serviços - CBS;;N;27;VLR_CBS;NUMBER;22;Y;2;;;;NO;IBSCBS>gIBSCBS>gCBS>vCBS - Valor do CBS; (: )
exanfecorp;NFECORP;IMPOSTO_IBS_CBS;Informações do Imposto de Bens e Serviços - IBS e da Contribuição de Bens e Serviços - CBS;;N;71;VLR_CBS_COM_APU;NUMBER;22;Y;2;;;;NO;IBSCBS>gAjusteCompet>vCBS - Valor do CBS; (: )
exanfecorp;NFECORP;IMPOSTO_IBS_CBS;Informações do Imposto de Bens e Serviços - IBS e da Contribuição de Bens e Serviços - CBS;;N;73;VLR_CBS_EST;NUMBER;22;Y;2;;;;NO;IBSCBS>gEstornoCred>vCBSEstCred - Valor da CBS a ser estornada; (: )
exanfecorp;NFECORP;IMPOSTO_IBS_CBS;Informações do Imposto de Bens e Serviços - IBS e da Contribuição de Bens e Serviços - CBS;;N;62;VLR_CBS_IDTM;NUMBER;22;Y;2;;;;NO;IBSCBS>gIBSCBS>gIBSCBSMono>gMonoDif>vCBSMonoDif - Valor da CBS Monofásica diferida; (: )
exanfecorp;NFECORP;IMPOSTO_IBS_CBS;Informações do Imposto de Bens e Serviços - IBS e da Contribuição de Bens e Serviços - CBS;;N;48;VLR_CBS_ITMP;NUMBER;22;Y;2;;;;NO;IBSCBS>gIBSCBS>gIBSCBSMono>gMonoPadrao>vCBSMono - Valor da CBS monofásica; (: )
exanfecorp;NFECORP;IMPOSTO_IBS_CBS;Informações do Imposto de Bens e Serviços - IBS e da Contribuição de Bens e Serviços - CBS;;N;58;VLR_CBS_ITMRA;NUMBER;22;Y;2;;;;NO;IBSCBS>gIBSCBS>gIBSCBSMono>gMonoRet>vCBSMonoRet - Valor da CBS retida anteriormente; (: )
exanfecorp;NFECORP;IMPOSTO_IBS_CBS;Informações do Imposto de Bens e Serviços - IBS e da Contribuição de Bens e Serviços - CBS;;N;53;VLR_CBS_ITMSR;NUMBER;22;Y;2;;;;NO;IBSCBS>gIBSCBS>gIBSCBSMono>gMonoReten>vCBSMonoReten - Valor da CBS monofásica sujeita a retenção; (: )
exanfecorp;NFECORP;IMPOSTO_IBS_CBS;Informações do Imposto de Bens e Serviços - IBS e da Contribuição de Bens e Serviços - CBS;;N;66;VLR_CBS_TRA_CRE;NUMBER;22;Y;2;;;;NO;IBSCBS>gIBSCBS>gTransfCred>vCBS - Valor da CBS a ser transferida; (: )
exanfecorp;NFECORP;IMPOSTO_IBS_CBS;Informações do Imposto de Bens e Serviços - IBS e da Contribuição de Bens e Serviços - CBS;;N;80;VLR_CRE_PRE_OPE_CBS;NUMBER;22;Y;2;;;;NO;IBSCBS>gCBSCredPres>vCredPres - Valor do Crédito Presumido ; (: )
exanfecorp;NFECORP;IMPOSTO_IBS_CBS;Informações do Imposto de Bens e Serviços - IBS e da Contribuição de Bens e Serviços - CBS;;N;77;VLR_CRE_PRE_OPE_IBS;NUMBER;22;Y;2;;;;NO;IBSCBS>gIBSCredPres>vCredPres - Valor do Crédito Presumido; (: )
exanfecorp;NFECORP;IMPOSTO_IBS_CBS;Informações do Imposto de Bens e Serviços - IBS e da Contribuição de Bens e Serviços - CBS;;N;81;VLR_CRE_PRE_SUS_OPE_CBS;NUMBER;22;Y;2;;;;NO;IBSCBS>gCBSCredPres>vCredPresCondSus- Valor do Crédito Presumido em condição suspensiva; (: )
exanfecorp;NFECORP;IMPOSTO_IBS_CBS;Informações do Imposto de Bens e Serviços - IBS e da Contribuição de Bens e Serviços - CBS;;N;78;VLR_CRE_PRE_SUS_OPE_IBS;NUMBER;22;Y;2;;;;NO;IBSCBS>gIBSCredPresvCredPresCondSus - Valor do Crédito Presumido em condição suspensiva.; (: )
exanfecorp;NFECORP;IMPOSTO_IBS_CBS;Informações do Imposto de Bens e Serviços - IBS e da Contribuição de Bens e Serviços - CBS;;N;23;VLR_DIF_CBS;NUMBER;22;Y;2;;;;NO;IBSCBS>gIBSCBS>gCBS>gDif>vDif - Valor do Diferimento; (: )
exanfecorp;NFECORP;IMPOSTO_IBS_CBS;Informações do Imposto de Bens e Serviços - IBS e da Contribuição de Bens e Serviços - CBS;;N;15;VLR_DIFERIMENTO_MUN;NUMBER;22;Y;2;;;;NO;IBSCBS>gIBSCBS>gIBSMun>gDif>vDif - Valor do Diferimento; (: )
exanfecorp;NFECORP;IMPOSTO_IBS_CBS;Informações do Imposto de Bens e Serviços - IBS e da Contribuição de Bens e Serviços - CBS;;N;8;VLR_DIFERIMENTO_UF;NUMBER;22;Y;2;;;;NO;IBSCBS>gIBSCBS>gIBSUF>gDif>vDif - Valor do Diferimento; (: )
exanfecorp;NFECORP;IMPOSTO_IBS_CBS;Informações do Imposto de Bens e Serviços - IBS e da Contribuição de Bens e Serviços - CBS;;N;20;VLR_IBS;NUMBER;22;Y;2;;;;NO;IBSCBS>gIBSCBS>vIBS - Valor do IBS; (: )
exanfecorp;NFECORP;IMPOSTO_IBS_CBS;Informações do Imposto de Bens e Serviços - IBS e da Contribuição de Bens e Serviços - CBS;;N;70;VLR_IBS_COM_APU;NUMBER;22;Y;2;;;;NO;IBSCBS>gAjusteCompet>vIBS - Valor do IBS; (: )
exanfecorp;NFECORP;IMPOSTO_IBS_CBS;Informações do Imposto de Bens e Serviços - IBS e da Contribuição de Bens e Serviços - CBS;;N;72;VLR_IBS_EST;NUMBER;22;Y;2;;;;NO;IBSCBS>gEstornoCred>vIBSEstCred -Valor do IBS a ser estornado; (: )
exanfecorp;NFECORP;IMPOSTO_IBS_CBS;Informações do Imposto de Bens e Serviços - IBS e da Contribuição de Bens e Serviços - CBS;;N;60;VLR_IBS_IDTM;NUMBER;22;Y;2;;;;NO;IBSCBS>gIBSCBS>gIBSCBSMono>gMonoDif>vIBSMonoDif - Valor do IBS monofásico diferido; (: )
exanfecorp;NFECORP;IMPOSTO_IBS_CBS;Informações do Imposto de Bens e Serviços - IBS e da Contribuição de Bens e Serviços - CBS;;N;47;VLR_IBS_ITMP;NUMBER;22;Y;2;;;;NO;IBSCBS>gIBSCBS>gIBSCBSMono>gMonoPadrao>vIBSMono - Valor do IBS monofásico; (: )
exanfecorp;NFECORP;IMPOSTO_IBS_CBS;Informações do Imposto de Bens e Serviços - IBS e da Contribuição de Bens e Serviços - CBS;;N;56;VLR_IBS_ITMRA;NUMBER;22;Y;2;;;;NO;IBSCBS>gIBSCBS>gIBSCBSMono>gMonoRet>vIBSMonoRet - Valor do IBS retido anteriormente; (: )
exanfecorp;NFECORP;IMPOSTO_IBS_CBS;Informações do Imposto de Bens e Serviços - IBS e da Contribuição de Bens e Serviços - CBS;;N;51;VLR_IBS_ITMSR;NUMBER;22;Y;2;;;;NO;IBSCBS>gIBSCBS>gIBSCBSMono>gMonoReten>vIBSMonoReten - Valor do IBS monofásico sujeito a retenção; (: )
exanfecorp;NFECORP;IMPOSTO_IBS_CBS;Informações do Imposto de Bens e Serviços - IBS e da Contribuição de Bens e Serviços - CBS;;N;19;VLR_IBS_MUN;NUMBER;22;Y;2;;;;NO;IBSCBS>gIBSCBS>gIBSMun>vIBSMun - Valor do IBS de competência do Município; (: )
exanfecorp;NFECORP;IMPOSTO_IBS_CBS;Informações do Imposto de Bens e Serviços - IBS e da Contribuição de Bens e Serviços - CBS;;N;65;VLR_IBS_TRA_CRE;NUMBER;22;Y;2;;;;NO;IBSCBS>gIBSCBS>gTransfCred>vIBS - Valor do IBS a ser transferido; (: )
exanfecorp;NFECORP;IMPOSTO_IBS_CBS;Informações do Imposto de Bens e Serviços - IBS e da Contribuição de Bens e Serviços - CBS;;N;12;VLR_IBS_UF;NUMBER;22;Y;2;;;;NO;IBSCBS>gIBSCBS>gIBSUF>vIBSUF - Valor do IBS de competência da UF; (: )
exanfecorp;NFECORP;IMPOSTO_IBS_CBS;Informações do Imposto de Bens e Serviços - IBS e da Contribuição de Bens e Serviços - CBS;;N;21;VLR_PER_ALI_CBS;NUMBER;22;Y;4;;;;NO;IBSCBS>gIBSCBS>gCBS>pCBS - Alíquota da CBS; (: )
exanfecorp;NFECORP;IMPOSTO_IBS_CBS;Informações do Imposto de Bens e Serviços - IBS e da Contribuição de Bens e Serviços - CBS;;N;14;VLR_PERC_DIFERIMENTO_MUN;NUMBER;22;Y;4;;;;NO;IBSCBS>gIBSCBS>gIBSMun>gDif>pDif - Percentual do diferimento; (: )
exanfecorp;NFECORP;IMPOSTO_IBS_CBS;Informações do Imposto de Bens e Serviços - IBS e da Contribuição de Bens e Serviços - CBS;;N;7;VLR_PERC_DIFERIMENTO_UF;NUMBER;22;Y;4;;;;NO;IBSCBS>gIBSCBS>gIBSUF>gDif>pDif - Percentual do diferimento; (: )
exanfecorp;NFECORP;IMPOSTO_IBS_CBS;Informações do Imposto de Bens e Serviços - IBS e da Contribuição de Bens e Serviços - CBS;;N;17;VLR_PERC_REDUCAO_ALI_MUN;NUMBER;22;Y;4;;;;NO;IBSCBS>gIBSCBS>gIBSMun>gRed>pRedAliq - Percentual da redução de alíquota do cClassTrib; (: )
exanfecorp;NFECORP;IMPOSTO_IBS_CBS;Informações do Imposto de Bens e Serviços - IBS e da Contribuição de Bens e Serviços - CBS;;N;10;VLR_PERC_REDUCAO_ALI_UF;NUMBER;22;Y;4;;;;NO;IBSCBS>gIBSCBS>gIBSUF>gRed>pRedAliq - Percentual da redu??ão de alíquota do cClassTrib; (: )
exanfecorp;NFECORP;IMPOSTO_IBS_CBS;Informações do Imposto de Bens e Serviços - IBS e da Contribuição de Bens e Serviços - CBS;;N;79;VLR_PER_CRE_PRE_OPE_CBS;NUMBER;22;Y;4;;;;NO;IBSCBS>gCBSCredPres>pCredPres- Percentual do Crédito Presumido; (: )
exanfecorp;NFECORP;IMPOSTO_IBS_CBS;Informações do Imposto de Bens e Serviços - IBS e da Contribuição de Bens e Serviços - CBS;;N;76;VLR_PER_CRE_PRE_OPE_IBS;NUMBER;22;Y;4;;;;NO;IBSCBS>gIBSCredPres>pCredPres - Percentual do Crédito Presumido; (: )
exanfecorp;NFECORP;IMPOSTO_IBS_CBS;Informações do Imposto de Bens e Serviços - IBS e da Contribuição de Bens e Serviços - CBS;;N;22;VLR_PER_DIF_CBS;NUMBER;22;Y;4;;;;NO;IBSCBS>gIBSCBS>gCBS>gDif>pDif - Percentual do diferimento; (: )
exanfecorp;NFECORP;IMPOSTO_IBS_CBS;Informações do Imposto de Bens e Serviços - IBS e da Contribuição de Bens e Serviços - CBS;;N;59;VLR_PER_DIF_IDTM;NUMBER;22;Y;4;;;;NO;IBSCBS>gIBSCBS>gIBSCBSMono>gMonoDif>pDifIBS - Percentual do diferimento do imposto monofásico.; (: )
exanfecorp;NFECORP;IMPOSTO_IBS_CBS;Informações do Imposto de Bens e Serviços - IBS e da Contribuição de Bens e Serviços - CBS;;N;61;VLR_PER_IDTM;NUMBER;22;Y;4;;;;NO;IBSCBS>gIBSCBS>gIBSCBSMono>gMonoDif>pDifCBS - Percentual do diferimento do imposto monofásico; (: )
exanfecorp;NFECORP;IMPOSTO_IBS_CBS;Informações do Imposto de Bens e Serviços - IBS e da Contribuição de Bens e Serviços - CBS;;N;25;VLR_PER_RED_ALI_CLA_TRI_IRA_CB;NUMBER;22;Y;4;;;;NO;IBSCBS>gIBSCBS>gCBS>gRed>pRedAliq - Percentual de reducao de aliquota do cClassTrib; (: )
exanfecorp;NFECORP;IMPOSTO_IBS_CBS;Informações do Imposto de Bens e Serviços - IBS e da Contribuição de Bens e Serviços - CBS;;N;64;VLR_TOT_CBS_IOIM;NUMBER;22;Y;2;;;;NO;IBSCBS>gIBSCBS>gIBSCBSMono>vTotCBSMonoItem  -Total da CBS Monofásica; (: )
exanfecorp;NFECORP;IMPOSTO_IBS_CBS;Informações do Imposto de Bens e Serviços - IBS e da Contribuição de Bens e Serviços - CBS;;N;63;VLR_TOT_IBS_IOIM;NUMBER;22;Y;2;;;;NO;IBSCBS>gIBSCBS>gIBSCBSMono>vTotIBSMonoItem - vTotIBSMonoItem; (: )
exanfecorp;NFECORP;IMPOSTO_IBS_CBS;Informações do Imposto de Bens e Serviços - IBS e da Contribuição de Bens e Serviços - CBS;;N;16;VLR_TRIB_DEVOLVIDO_MUN;NUMBER;22;Y;2;;;;NO;IBSCBS>gIBSCBS>gIBSMun>gDevTrib>vDevTrib - Valor do tributo devolvido; (: )
exanfecorp;NFECORP;IMPOSTO_IBS_CBS;Informações do Imposto de Bens e Serviços - IBS e da Contribuição de Bens e Serviços - CBS;;N;9;VLR_TRIB_DEVOLVIDO_UF;NUMBER;22;Y;2;;;;NO;IBSCBS>gIBSCBS>gIBSUF>gDevTrib>vDevTrib - Valor do tributo devolvido; (: )
exanfecorp;NFECORP;IMPOSTO_IBS_CBS;Informações do Imposto de Bens e Serviços - IBS e da Contribuição de Bens e Serviços - CBS;;N;43;VLR_TRI_CBS_COM_GOV;NUMBER;22;Y;2;;;;NO;IBSCBS>gIBSCBS>gTribCompraGov>vTribCBS - Valor do Tributo da CBS calculado; (: )
exanfecorp;NFECORP;IMPOSTO_IBS_CBS;Informações do Imposto de Bens e Serviços - IBS e da Contribuição de Bens e Serviços - CBS;;N;35;VLR_TRI_CBS_ITR;NUMBER;22;Y;2;;;;NO;IBSCBS>gIBSCBS>gTribRegular>vTribRegCBS - Valor do Tributo da CBS; (: )
exanfecorp;NFECORP;IMPOSTO_IBS_CBS;Informações do Imposto de Bens e Serviços - IBS e da Contribuição de Bens e Serviços - CBS;;N;24;VLR_TRI_DEV_IDT_CBS;NUMBER;22;Y;2;;;;NO;IBSCBS>gIBSCBS>gCBS>gDevTrib>vDevTrib - Valor do tributo devolvido; (: )
exanfecorp;NFECORP;IMPOSTO_IBS_CBS;Informações do Imposto de Bens e Serviços - IBS e da Contribuição de Bens e Serviços - CBS;;N;41;VLR_TRI_IBS_MUN_COM_GOV;NUMBER;22;Y;2;;;;NO;IBSCBS>gIBSCBS>gTribCompraGov>vTribIBSMun - Valor do Tributo do IBS do Município calculado; (: )
exanfecorp;NFECORP;IMPOSTO_IBS_CBS;Informações do Imposto de Bens e Serviços - IBS e da Contribuição de Bens e Serviços - CBS;;N;33;VLR_TRI_IBS_MUN_ITR;NUMBER;22;Y;2;;;;NO;IBSCBS>gIBSCBS>gTribRegular>vTribRegIBSMun - Valor do Tributo do IBS do Município; (: )
exanfecorp;NFECORP;IMPOSTO_IBS_CBS;Informações do Imposto de Bens e Serviços - IBS e da Contribuição de Bens e Serviços - CBS;;N;39;VLR_TRI_IBS_UF_COM_GOV;NUMBER;22;Y;2;;;;NO;IBSCBS>gIBSCBS>gTribCompraGov>vTribIBSUF - Valor do Tributo do IBS da UF calculado; (: )
exanfecorp;NFECORP;IMPOSTO_IBS_CBS;Informações do Imposto de Bens e Serviços - IBS e da Contribuição de Bens e Serviços - CBS;;N;31;VLR_TRI_IBS_UF_ITR;NUMBER;22;Y;2;;;;NO;IBSCBS>gIBSCBS>gTribRegular>vTribRegIBSUF - Valor do Tributo do IBS da UF; (: )
exanfecorp;NFECORP;IMPOSTO_SELETIVO;Imposto Seletivo;;N;4;COD_CLASS_TRIBUTARIA;VARCHAR2;6;Y;;;;;NO;cClassTribIS - Código de Classificação Tributária do Imposto Seletivo; (: )
exanfecorp;NFECORP;IMPOSTO_SELETIVO;Imposto Seletivo;;N;3;COD_SIT_TRIBUTARIA;VARCHAR2;3;Y;;;;;NO;CSTIS - Código de Situação Tributária do Imposto Seletivo; (: )
exanfecorp;NFECORP;IMPOSTO_SELETIVO;Imposto Seletivo;;N;8;COD_UNID_MEDIDA;VARCHAR2;6;Y;;;;;NO;uTrib - Unidade de Medida Tributável; (: )
exanfecorp;NFECORP;IMPOSTO_SELETIVO;Imposto Seletivo;;N;2;NUM_ITEM_DETALHE;NUMBER;22;N;0;;;;NO;Número do item do NF;FK_PRODUTO_R_IMP_SELETIVO (FOREIGN KEY: ENABLED)- PK_IMPOSTO_SELETIVO (PRIMARY KEY: ENABLED)- SYS_C00211661 (C: ENABLED)
exanfecorp;NFECORP;IMPOSTO_SELETIVO;Imposto Seletivo;;N;9;QTD_TRIBUTAVEL;NUMBER;22;Y;4;;;;NO;qTrib - Quantidade Tributável; (: )
exanfecorp;NFECORP;IMPOSTO_SELETIVO;Imposto Seletivo;;N;1;SEQ_NOTA_FISCAL;NUMBER;22;N;0;;;;NO;SEQ_NOTA_FISCAL;FK_PRODUTO_R_IMP_SELETIVO (FOREIGN KEY: ENABLED)- PK_IMPOSTO_SELETIVO (PRIMARY KEY: ENABLED)- SYS_C00211660 (C: ENABLED)
exanfecorp;NFECORP;IMPOSTO_SELETIVO;Imposto Seletivo;;N;6;VLR_ALIQUOTA;NUMBER;22;Y;4;;;;NO;pIS - Alíquota do Imposto Seletivo; (: )
exanfecorp;NFECORP;IMPOSTO_SELETIVO;Imposto Seletivo;;N;7;VLR_ALIQUOTA_POR_UNIDADE;NUMBER;22;Y;4;;;;NO;pISEspec - Alíquota específica por unidade de medida apropriada; (: )
exanfecorp;NFECORP;IMPOSTO_SELETIVO;Imposto Seletivo;;N;5;VLR_BASE_DE_CALCULO;NUMBER;22;Y;2;;;;NO;vBCIS - Valor da Base de Cálculo do Imposto Seletivo; (: )
exanfecorp;NFECORP;IMPOSTO_SELETIVO;Imposto Seletivo;;N;10;VLR_IMPOSTO_SELETIVO;NUMBER;22;Y;2;;;;NO;vIS - Valor do Imposto Seletivo; (: )
exanfecorp;NFECORP;INTERMEDIADOR_TRAN;Obrigatório o preenchimento do Grupo de Informações do Intermediador da Transação nos casos de “operação não presencial pela internet em site de terceiros (intermediadores) (Incluído na NT2020.006);;N;4;COD_IDT_INTERMEDIADOR;VARCHAR2;60;Y;;;;;NO;Nome do usuário ou identificação do perfil do vendedor no site do intermediador (agenciador, plataforma de delivery, marketplace e similar) de serviços e de negócios.; (: )
exanfecorp;NFECORP;INTERMEDIADOR_TRAN;Obrigatório o preenchimento do Grupo de Informações do Intermediador da Transação nos casos de “operação não presencial pela internet em site de terceiros (intermediadores) (Incluído na NT2020.006);;N;3;NUM_CNPJ_INTERMEDIADOR;NUMBER;22;Y;0;;;;NO;Informar o CNPJ do Intermediador da Transação (agenciador, plataforma de delivery, marketplace e similar) de serviços e de negócios.; (: )
exanfecorp;NFECORP;INTERMEDIADOR_TRAN;Obrigatório o preenchimento do Grupo de Informações do Intermediador da Transação nos casos de “operação não presencial pela internet em site de terceiros (intermediadores) (Incluído na NT2020.006);;N;5;NUM_CNPJ_INTERMEDIADOR_A;VARCHAR2;14;Y;;;;;NO;Documento convertido para texto com padronizacao em 14 posicoes e zeros a esquerda; (: )
exanfecorp;NFECORP;INTERMEDIADOR_TRAN;Obrigatório o preenchimento do Grupo de Informações do Intermediador da Transação nos casos de “operação não presencial pela internet em site de terceiros (intermediadores) (Incluído na NT2020.006);;N;1;SEQ_INTERMEDIADOR_TRAN;NUMBER;22;N;0;;;;NO;Sequencial;PK_INTERMEDIADOR_TRAN (PRIMARY KEY: ENABLED)- SYS_C00212098 (C: ENABLED)
exanfecorp;NFECORP;INTERMEDIADOR_TRAN;Obrigatório o preenchimento do Grupo de Informações do Intermediador da Transação nos casos de “operação não presencial pela internet em site de terceiros (intermediadores) (Incluído na NT2020.006);;N;2;SEQ_NOTA_FISCAL;NUMBER;22;N;0;;;;NO;sequencial da NFE;FK_NFE_R_INTERMEDIADOR_TRAN (FOREIGN KEY: ENABLED)- SYS_C00212099 (C: ENABLED)
exanfecorp;NFECORP;INUTILIZACAO;;12225595;N;12;BIN_DOCUMENTO_XML;BLOB;4000;Y;;2730;0;0;NO;;SYS_C00189686 (C: ENABLED)
exanfecorp;NFECORP;INUTILIZACAO;;12225595;N;11;COD_RESULTADO_PROCESSAMEN;NUMBER;22;N;0;4;1;0;NO;;SYS_C00189683 (C: ENABLED)
exanfecorp;NFECORP;INUTILIZACAO;;12225595;N;16;COD_UF;VARCHAR2;2;Y;;2;1;6432166;NO;; (: )
exanfecorp;NFECORP;INUTILIZACAO;;12225595;N;9;DAT_PROCESSAMENTO;DATE;7;N;;8;6483456;0;NO;;SYS_C00189681 (C: ENABLED)
exanfecorp;NFECORP;INUTILIZACAO;;12225595;N;8;DAT_RECEBIMENTO;DATE;7;N;;8;8252416;0;NO;;SYS_C00189680 (C: ENABLED)
exanfecorp;NFECORP;INUTILIZACAO;;12225595;N;10;DSC_SCHEMA_XML;VARCHAR2;4;N;;5;4;0;NO;;SYS_C00189682 (C: ENABLED)
exanfecorp;NFECORP;INUTILIZACAO;;12225595;N;2;NUM_ANO;NUMBER;22;N;0;3;29;0;NO;;SYS_C00189674 (C: ENABLED)
exanfecorp;NFECORP;INUTILIZACAO;;12225595;N;7;NUM_CNPJ;VARCHAR2;14;N;;15;49872;0;NO;;SYS_C00189679 (C: ENABLED)
exanfecorp;NFECORP;INUTILIZACAO;;12225595;N;6;NUM_FINAL;NUMBER;22;N;0;5;2254848;0;NO;;SYS_C00189678 (C: ENABLED)
exanfecorp;NFECORP;INUTILIZACAO;;12225595;N;5;NUM_INICIAL;NUMBER;22;N;0;5;2267904;0;NO;;SYS_C00189677 (C: ENABLED)
exanfecorp;NFECORP;INUTILIZACAO;;12225595;N;3;NUM_MODELO;NUMBER;22;N;0;3;3;0;NO;;SYS_C00189675 (C: ENABLED)
exanfecorp;NFECORP;INUTILIZACAO;;12225595;N;13;NUM_SEQ_UNICO;NUMBER;22;Y;0;8;8494080;109187;NO;; (: )
exanfecorp;NFECORP;INUTILIZACAO;;12225595;N;14;NUM_SEQ_UNICO_AUTORIZACAO;NUMBER;22;Y;0;4;4880887;7344708;NO;; (: )
exanfecorp;NFECORP;INUTILIZACAO;;12225595;N;15;NUM_SEQ_UNICO_BUSCA;NUMBER;22;Y;0;5;2808576;5790769;NO;; (: )
exanfecorp;NFECORP;INUTILIZACAO;;12225595;N;4;NUM_SERIE;NUMBER;22;N;0;3;779;0;NO;;SYS_C00189676 (C: ENABLED)
exanfecorp;NFECORP;INUTILIZACAO;;12225595;N;1;SEQ_INUTILIZACAO;NUMBER;22;N;0;10;12225595;0;NO;;PK_INUTILIZACAO (PRIMARY KEY: ENABLED)- SYS_C00189673 (C: ENABLED)
exanfecorp;NFECORP;IRREGULARIDADE_FISCAL;Tabela utilizada para registrar pedidos de eventos de irregularidade fiscal para contribuintes com suspeita de fraude;0;N;11;COD_CNPJ_CPF;NUMBER;22;Y;0;0;0;0;NO;CNPJ para para o que esta sendo criado eventos de irregularidade fiscal; (: )
exanfecorp;NFECORP;IRREGULARIDADE_FISCAL;Tabela utilizada para registrar pedidos de eventos de irregularidade fiscal para contribuintes com suspeita de fraude;0;N;15;COD_CNPJ_CPF_A;VARCHAR2;14;Y;;0;0;0;NO;Documento convertido para texto com padronizacao em 14 posicoes e zeros a esquerda; (: )
exanfecorp;NFECORP;IRREGULARIDADE_FISCAL;Tabela utilizada para registrar pedidos de eventos de irregularidade fiscal para contribuintes com suspeita de fraude;0;N;12;COD_CPF_FUNCIONARIO;NUMBER;22;Y;0;0;0;0;NO;CPFOper - CPF do Agente Fiscal (Operador) que comandou o evento.; (: )
exanfecorp;NFECORP;IRREGULARIDADE_FISCAL;Tabela utilizada para registrar pedidos de eventos de irregularidade fiscal para contribuintes com suspeita de fraude;0;N;6;COD_TIPO;VARCHAR2;6;Y;;0;0;0;NO;Tipo do evento de irregularidade fiscal; (: )
exanfecorp;NFECORP;IRREGULARIDADE_FISCAL;Tabela utilizada para registrar pedidos de eventos de irregularidade fiscal para contribuintes com suspeita de fraude;0;N;3;DAT_FIM_EMISSAO;TIMESTAMP(6);11;Y;6;0;0;0;NO;Data parametro para busca de NFe para evento de irregularidade; (: )
exanfecorp;NFECORP;IRREGULARIDADE_FISCAL;Tabela utilizada para registrar pedidos de eventos de irregularidade fiscal para contribuintes com suspeita de fraude;0;N;10;DAT_FIM_PROCESSAMEN;TIMESTAMP(6);11;Y;6;0;0;0;NO;Data inicio do processamento da irregularidade ; (: )
exanfecorp;NFECORP;IRREGULARIDADE_FISCAL;Tabela utilizada para registrar pedidos de eventos de irregularidade fiscal para contribuintes com suspeita de fraude;0;N;2;DAT_INICIO_EMISSAO;TIMESTAMP(6);11;Y;6;0;0;0;NO;Data parametro para busca de NFe para evento de irregularidade; (: )
exanfecorp;NFECORP;IRREGULARIDADE_FISCAL;Tabela utilizada para registrar pedidos de eventos de irregularidade fiscal para contribuintes com suspeita de fraude;0;N;9;DAT_INICIO_PROCESSAM;TIMESTAMP(6);11;Y;6;0;0;0;NO;Data inicio do processamento da irregularidade; (: )
exanfecorp;NFECORP;IRREGULARIDADE_FISCAL;Tabela utilizada para registrar pedidos de eventos de irregularidade fiscal para contribuintes com suspeita de fraude;0;N;7;DSC_EVENTO;VARCHAR2;255;Y;;0;0;0;NO;Descrição do evento de irregularidade fiscal; (: )
exanfecorp;NFECORP;IRREGULARIDADE_FISCAL;Tabela utilizada para registrar pedidos de eventos de irregularidade fiscal para contribuintes com suspeita de fraude;0;N;4;DSC_MAT_FUNCIONARIO;VARCHAR2;20;Y;;0;0;0;NO;Matricula do funcionário responsável pela abertura dos eventos de irregularidade fiscal; (: )
exanfecorp;NFECORP;IRREGULARIDADE_FISCAL;Tabela utilizada para registrar pedidos de eventos de irregularidade fiscal para contribuintes com suspeita de fraude;0;N;5;DSC_NOM_FUNCIONARIO;VARCHAR2;150;Y;;0;0;0;NO;Nome do funcionário responsável pela abertura dos eventos de irregularidade fiscal; (: )
exanfecorp;NFECORP;IRREGULARIDADE_FISCAL;Tabela utilizada para registrar pedidos de eventos de irregularidade fiscal para contribuintes com suspeita de fraude;0;N;13;DSC_OBSERVACAO;VARCHAR2;240;Y;;0;0;0;NO;"xObs - Observação complementar gerada pela UF que comandou o evento, podendo conter referência a algum ato 
interno na SEFAZ que gerou o evento (por exemplo, tipo e número de processo).  
Nota: A UF que gerou o evento pode também alertar neste campo sobre possível tentativa de legalizar o 
desvio de recursos públicos pela geração da NF-e."; (: )
exanfecorp;NFECORP;IRREGULARIDADE_FISCAL;Tabela utilizada para registrar pedidos de eventos de irregularidade fiscal para contribuintes com suspeita de fraude;0;N;14;DSC_SET_FUNCIONARIO;VARCHAR2;120;Y;;0;0;0;NO;"repOper-Repartição fazendária do Agente Fiscal (Operador) no momento que o Evento foi comandado. A intenção 
desta  informação  é  poder  identificar  o  Operador  dentro  da  própria  SEFAZ.  Informar,  por exemplo, 
“Delegacia Fiscal xxxx”, “Posto Fiscal xxxx”, “Delegacia de Trânsito de Mercadorias”, ... "; (: )
exanfecorp;NFECORP;IRREGULARIDADE_FISCAL;Tabela utilizada para registrar pedidos de eventos de irregularidade fiscal para contribuintes com suspeita de fraude;0;N;1;SEQ_IRREGULARIDA_FISC;NUMBER;22;N;0;0;0;0;NO;Sequencial da tabela;PK_IRREGULARIDADE_FISCAL (PRIMARY KEY: ENABLED)- SYS_C00188587 (C: ENABLED)
exanfecorp;NFECORP;IRREGULARIDADE_FISCAL;Tabela utilizada para registrar pedidos de eventos de irregularidade fiscal para contribuintes com suspeita de fraude;0;N;8;STA_PROCESSAMENTO;NUMBER;22;Y;0;0;0;0;NO;Status do processamento; (: )
exanfecorp;NFECORP;ITEM_IRREGULARIDAD_FISCAL;Tabela usada para gravar os itens relacionados irregularidade fiscal;0;N;8;DAT_AUTORIZACAO;TIMESTAMP(6);11;Y;6;0;0;0;NO;Data da autorização do evento de irregularidade fiscal; (: )
exanfecorp;NFECORP;ITEM_IRREGULARIDAD_FISCAL;Tabela usada para gravar os itens relacionados irregularidade fiscal;0;N;9;DAT_CANCELAMENTO;TIMESTAMP(6);11;Y;6;0;0;0;NO;Data do cancelamento do evento de irregularidade fiscal; (: )
exanfecorp;NFECORP;ITEM_IRREGULARIDAD_FISCAL;Tabela usada para gravar os itens relacionados irregularidade fiscal;0;N;5;SEQ_EVENTO;NUMBER;22;Y;0;0;0;0;NO;Sequencial do evento associado; (: )
exanfecorp;NFECORP;ITEM_IRREGULARIDAD_FISCAL;Tabela usada para gravar os itens relacionados irregularidade fiscal;0;N;2;SEQ_IRREGULARID_FISCA;NUMBER;22;Y;0;0;0;0;NO;Sequencial da tabela associada;FK_IRRE_FISCAL_R_ITEM_IRRE_FIS (FOREIGN KEY: ENABLED)
exanfecorp;NFECORP;ITEM_IRREGULARIDAD_FISCAL;Tabela usada para gravar os itens relacionados irregularidade fiscal;0;N;1;SEQ_ITEM_IRRE_FISCAL;NUMBER;22;N;0;0;0;0;NO;Sequencial da tabela;PK_ITEM_IRREGULARIDAD_FISCAL (PRIMARY KEY: ENABLED)- SYS_C00188589 (C: ENABLED)
exanfecorp;NFECORP;ITEM_IRREGULARIDAD_FISCAL;Tabela usada para gravar os itens relacionados irregularidade fiscal;0;N;4;SEQ_NOTA_FISCAL;NUMBER;22;Y;0;0;0;0;NO;Sequencial da tabela associada;FK_ITEM_IRR_FK_NFE_R__NOTA_FIS (FOREIGN KEY: ENABLED)
exanfecorp;NFECORP;ITEM_IRREGULARIDAD_FISCAL;Tabela usada para gravar os itens relacionados irregularidade fiscal;0;N;3;SEQ_XML_ITEM_IRRE_FIS;NUMBER;22;Y;0;0;0;0;NO;Sequencial da tabela;FK_IRRE_FIS_R_XML_ITE_IRRE_FIS (FOREIGN KEY: ENABLED)
exanfecorp;NFECORP;ITEM_IRREGULARIDAD_FISCAL;Tabela usada para gravar os itens relacionados irregularidade fiscal;0;N;7;STA_EVENTO_IRREG;NUMBER;22;Y;0;0;0;0;NO;Status do ecento de irregularidade fiscal; (: )
exanfecorp;NFECORP;ITEM_IRREGULARIDAD_FISCAL;Tabela usada para gravar os itens relacionados irregularidade fiscal;0;N;6;STA_PROCESSAMENTO;NUMBER;22;Y;0;0;0;0;NO;Status do processamento; (: )
exanfecorp;NFECORP;ITENS_AVERBADOS;ITENS_AVERBADOS;5680160;N;4;DH_AVERBACAO;DATE;7;Y;;8;283584;48;NO;Data da averbação no formato AAAA-MM-DDThh:mm:ssTZD; (: )
exanfecorp;NFECORP;ITENS_AVERBADOS;ITENS_AVERBADOS;5680160;N;3;DH_EMBARQUE;DATE;7;Y;;8;76704;48;NO;Data do Embarque no formato AAAA-MM-DDThh:mm:ssTZD; (: )
exanfecorp;NFECORP;ITENS_AVERBADOS;ITENS_AVERBADOS;5680160;N;9;MOT_ALTERACAO;VARCHAR2;2;Y;;2;3;48;NO;"Motivo da Alteração(1 - Exportação Averbada; 2 - Retificação da Quantidade Averbada; 3 - Cancelamento da Exportação;)"; (: )
exanfecorp;NFECORP;ITENS_AVERBADOS;ITENS_AVERBADOS;5680160;N;5;N_DUE;VARCHAR2;60;Y;;15;286432;48;NO;Número Identificador da Declaração Única do Comércio Exterior associada; (: )
exanfecorp;NFECORP;ITENS_AVERBADOS;ITENS_AVERBADOS;5680160;N;6;N_ITEM;VARCHAR2;30;Y;;3;787;48;NO;Número do item da NF-e averbada; (: )
exanfecorp;NFECORP;ITENS_AVERBADOS;ITENS_AVERBADOS;5680160;N;7;N_ITEM_DUE;VARCHAR2;15;Y;;4;999;48;NO;Informação do número do item na Declaração de Exportação associada a averbação.; (: )
exanfecorp;NFECORP;ITENS_AVERBADOS;ITENS_AVERBADOS;5680160;N;8;Q_ITEM;VARCHAR2;16;Y;;4;162528;48;NO;Quantidade averbada do item na unidade tributária (campo uTrib); (: )
exanfecorp;NFECORP;ITENS_AVERBADOS;ITENS_AVERBADOS;5680160;N;2;SEQ_EVENTO_DETALHE;NUMBER;22;Y;0;7;631552;0;NO;Seqüencial do evento detalhe.; (: )
exanfecorp;NFECORP;ITENS_AVERBADOS;ITENS_AVERBADOS;5680160;N;1;SEQ_ITENS_AVERBADOS;NUMBER;22;N;0;6;5680160;0;NO;Chave primária da tabela.;PK_ITENS_AVERBADOS (PRIMARY KEY: ENABLED)- SYS_C00190023 (C: ENABLED)
exanfecorp;NFECORP;LOCAL;Local de retirada e entrega;199272779;N;13;COD_MUNICIPIO_ENTREGA;NUMBER;22;Y;0;5;5696;44422401;NO;Código do município (utilizar a tabela do IBGE); (: )
exanfecorp;NFECORP;LOCAL;Local de retirada e entrega;199272779;N;12;COD_MUNICIPIO_RETIRADA;NUMBER;22;Y;0;3;5428;139995462;NO;Código do município (utilizar a tabela do IBGE); (: )
exanfecorp;NFECORP;LOCAL;Local de retirada e entrega;199272779;N;11;NOM_BAIRRO_ENTREGA;VARCHAR2;60;Y;;10;1182336;44422401;NO;Bairro; (: )
exanfecorp;NFECORP;LOCAL;Local de retirada e entrega;199272779;N;10;NOM_BAIRRO_RETIRADA;VARCHAR2;60;Y;;6;87488;139995462;NO;Bairro; (: )
exanfecorp;NFECORP;LOCAL;Local de retirada e entrega;199272779;N;9;NOM_COMPLEMENTO_ENTREGA;VARCHAR2;60;Y;;6;10522624;128851056;NO;Complemento; (: )
exanfecorp;NFECORP;LOCAL;Local de retirada e entrega;199272779;N;8;NOM_COMPLEMENTO_RETIRADA;VARCHAR2;60;Y;;2;287104;186692208;NO;Complemento; (: )
exanfecorp;NFECORP;LOCAL;Local de retirada e entrega;199272779;N;5;NOM_LOGRADOURO_ENTREGA;VARCHAR2;60;Y;;17;8757248;44422401;NO;Endereço; (: )
exanfecorp;NFECORP;LOCAL;Local de retirada e entrega;199272779;N;4;NOM_LOGRADOURO_RETIRADA;VARCHAR2;60;Y;;7;339072;139995462;NO;Endereço; (: )
exanfecorp;NFECORP;LOCAL;Local de retirada e entrega;199272779;N;15;NOM_MUNICIPIO_ENTREGA;VARCHAR2;60;Y;;9;51472;44422401;NO;Nome do Município; (: )
exanfecorp;NFECORP;LOCAL;Local de retirada e entrega;199272779;N;14;NOM_MUNICIPIO_RETIRADA;VARCHAR2;60;Y;;4;10644;139995462;NO;Nome do Município; (: )
exanfecorp;NFECORP;LOCAL;Local de retirada e entrega;199272779;N;16;NOM_SIGLA_UF_ENTREGA;VARCHAR2;2;Y;;3;28;46368469;NO;Sigla da UF;CKC_NOM_SIGLA_UF_ENTR_LOCAL (C: ENABLED)
exanfecorp;NFECORP;LOCAL;Local de retirada e entrega;199272779;N;17;NOM_SIGLA_UF_RETIRADA;VARCHAR2;2;Y;;2;28;138049394;NO;Sigla da UF;CKC_NOM_SIGLA_UF_RETI_LOCAL (C: ENABLED)
exanfecorp;NFECORP;LOCAL;Local de retirada e entrega;199272779;N;3;NUM_CNPJ_ENTREGA;NUMBER;22;Y;0;5;992256;113593632;NO;Número do CNPJ; (: )
exanfecorp;NFECORP;LOCAL;Local de retirada e entrega;199272779;N;18;NUM_CNPJ_ENTREGA_A;VARCHAR2;14;Y;;8;962304;113603240;NO;Documento convertido para texto com padronizacao em 14 posicoes e zeros a esquerda; (: )
exanfecorp;NFECORP;LOCAL;Local de retirada e entrega;199272779;N;2;NUM_CNPJ_RETIRADA;NUMBER;22;Y;0;4;68032;140892116;NO;Número do CNPJ; (: )
exanfecorp;NFECORP;LOCAL;Local de retirada e entrega;199272779;N;19;NUM_CNPJ_RETIRADA_A;VARCHAR2;14;Y;;6;68352;140942692;NO;Documento convertido para texto com padronizacao em 14 posicoes e zeros a esquerda; (: )
exanfecorp;NFECORP;LOCAL;Local de retirada e entrega;199272779;N;7;NUM_LOCAL_ENTREGA;VARCHAR2;60;Y;;4;357888;44422401;NO;Número; (: )
exanfecorp;NFECORP;LOCAL;Local de retirada e entrega;199272779;N;6;NUM_LOCAL_RETIRADA;VARCHAR2;60;Y;;3;23624;139995462;NO;Número; (: )
exanfecorp;NFECORP;LOCAL;Local de retirada e entrega;199272779;N;1;SEQ_NOTA_FISCAL;NUMBER;22;N;0;10;199272779;0;NO;SEQ_NOTA_FISCAL;FK_NFE_R_LOCAL (FOREIGN KEY: ENABLED)- PK_LOCAL (PRIMARY KEY: ENABLED)- SYS_C00183427 (C: ENABLED)
exanfecorp;NFECORP;LOG_NFE;Logs de acessos as NFE's;1851;N;6;DAT_LOG;DATE;7;Y;;8;1839;0;NO;Nome da Unidade Fiscal; (: )
exanfecorp;NFECORP;LOG_NFE;Logs de acessos as NFE's;1851;N;5;DSC_CHAVE_ACESSO;VARCHAR2;44;Y;;45;1474;0;NO;Codigo da Unidade Fiscal; (: )
exanfecorp;NFECORP;LOG_NFE;Logs de acessos as NFE's;1851;N;2;DSC_LOG;VARCHAR2;100;Y;;18;1;0;NO;Chave de Acesso da NF-e em transito; (: )
exanfecorp;NFECORP;LOG_NFE;Logs de acessos as NFE's;1851;N;4;NOM_FUNC;VARCHAR2;100;Y;;27;45;0;NO;Codigo da UF de destino da NF-e conforme tabela IBGE. Esta informac?o sera preenchida para os casos do registro de passagem de NF-e n?o encontrada no ambiente nacional.; (: )
exanfecorp;NFECORP;LOG_NFE;Logs de acessos as NFE's;1851;N;3;NUM_CPF;NUMBER;22;Y;0;8;45;0;NO;Codigo da UF conforme tabela IBGE; (: )
exanfecorp;NFECORP;LOG_NFE;Logs de acessos as NFE's;1851;N;1;SEQ_LOG_NFE;NUMBER;22;N;0;4;1851;0;NO;Campo de auto-incremento.;PK_LOG_NFE (PRIMARY KEY: ENABLED)- SYS_C0011660 (C: ENABLED)
exanfecorp;NFECORP;MEDICAMENTO;Grupo do detalhamento de Medicamentos e de matérias-primas farmacêuticas;;N;5;COD_ANVISA;VARCHAR2;13;Y;;;;;NO;"Código de Produto da ANVISA.Utilizar o número do registro ANVISA
ou preencher com o literal “ISENTO”, no caso de medicamento isento de registro na ANVISA. (Incluído na NT2016.002. Atualizado na NT 2018.005)"; (: )
exanfecorp;NFECORP;MEDICAMENTO;Grupo do detalhamento de Medicamentos e de matérias-primas farmacêuticas;;N;6;DSC_MOTIVO_ISENCAO;VARCHAR2;255;Y;;;;;NO;"Motivo da isenção da ANVISA.Obs.: Para medicamento isento de registro na ANVISA,
informar o número da decisão que o isenta, como por exemplo o número da
Resolução da Diretoria Colegiada da ANVISA (RDC).
(Criado na NT 2018.005)"; (: )
exanfecorp;NFECORP;MEDICAMENTO;Grupo do detalhamento de Medicamentos e de matérias-primas farmacêuticas;;N;3;NUM_ITEM_DETALHE;NUMBER;22;N;0;;;;NO;Número do item do NF;FK_PRODUTO_R_MEDICAMENTO (FOREIGN KEY: ENABLED)- SYS_C00204734 (C: ENABLED)
exanfecorp;NFECORP;MEDICAMENTO;Grupo do detalhamento de Medicamentos e de matérias-primas farmacêuticas;;N;1;SEQ_MEDICAMENTO;NUMBER;22;N;0;;;;NO;Sequencial da Tabela Medicamento;PK_MEDICAMENTO (PRIMARY KEY: ENABLED)- SYS_C00204732 (C: ENABLED)
exanfecorp;NFECORP;MEDICAMENTO;Grupo do detalhamento de Medicamentos e de matérias-primas farmacêuticas;;N;2;SEQ_NOTA_FISCAL;NUMBER;22;N;0;;;;NO;Chave da Nota Fiscal Eletronica;FK_PRODUTO_R_MEDICAMENTO (FOREIGN KEY: ENABLED)- SYS_C00204733 (C: ENABLED)
exanfecorp;NFECORP;MEDICAMENTO;Grupo do detalhamento de Medicamentos e de matérias-primas farmacêuticas;;N;4;VLR_PMC;NUMBER;22;Y;2;;;;NO;Preço Máximo ao Consumidor; (: )
exanfecorp;NFECORP;MOVIMENTO_NFE_DESTINATARIO_CGF;;42693662;N;5;ANO;VARCHAR2;4;Y;;5;18;1150;NO;; (: )
exanfecorp;NFECORP;MOVIMENTO_NFE_DESTINATARIO_CGF;;42693662;N;3;CGF;NUMBER;22;Y;;7;2597888;0;NO;; (: )
exanfecorp;NFECORP;MOVIMENTO_NFE_DESTINATARIO_CGF;;42693662;N;4;CODRESULTPROC;NUMBER;22;Y;0;4;4;0;NO;; (: )
exanfecorp;NFECORP;MOVIMENTO_NFE_DESTINATARIO_CGF;;42693662;N;6;MES;VARCHAR2;2;Y;;3;12;1150;NO;; (: )
exanfecorp;NFECORP;MOVIMENTO_NFE_DESTINATARIO_CGF;;42693662;N;1;QUANTIDADE;NUMBER;22;Y;;4;6565;0;NO;; (: )
exanfecorp;NFECORP;MOVIMENTO_NFE_DESTINATARIO_CGF;;42693662;N;2;VALOR;NUMBER;22;Y;;6;8528896;0;NO;; (: )
exanfecorp;NFECORP;MOVIMENTO_NFE_DESTINATARIO_CNP;;49511704;N;5;ANO;VARCHAR2;4;Y;;5;18;1204;NO;; (: )
exanfecorp;NFECORP;MOVIMENTO_NFE_DESTINATARIO_CNP;;49511704;N;3;CNPJ;NUMBER;22;Y;0;9;3192576;0;NO;; (: )
exanfecorp;NFECORP;MOVIMENTO_NFE_DESTINATARIO_CNP;;49511704;N;4;CODRESULTPROC;NUMBER;22;Y;0;4;4;0;NO;; (: )
exanfecorp;NFECORP;MOVIMENTO_NFE_DESTINATARIO_CNP;;49511704;N;6;MES;VARCHAR2;2;Y;;3;12;1204;NO;; (: )
exanfecorp;NFECORP;MOVIMENTO_NFE_DESTINATARIO_CNP;;49511704;N;1;QUANTIDADE;NUMBER;22;Y;;4;6637;0;NO;; (: )
exanfecorp;NFECORP;MOVIMENTO_NFE_DESTINATARIO_CNP;;49511704;N;2;VALOR;NUMBER;22;Y;;6;8806400;0;NO;; (: )
exanfecorp;NFECORP;MOVIMENTO_NFE_EMITENTE_CGF;;27710775;N;5;ANO;VARCHAR2;4;Y;;5;19;789;NO;; (: )
exanfecorp;NFECORP;MOVIMENTO_NFE_EMITENTE_CGF;;27710775;N;3;CGF;NUMBER;22;Y;;8;1523200;0;NO;; (: )
exanfecorp;NFECORP;MOVIMENTO_NFE_EMITENTE_CGF;;27710775;N;4;CODRESULTPROC;NUMBER;22;Y;0;4;5;0;NO;; (: )
exanfecorp;NFECORP;MOVIMENTO_NFE_EMITENTE_CGF;;27710775;N;6;MES;VARCHAR2;2;Y;;3;12;789;NO;; (: )
exanfecorp;NFECORP;MOVIMENTO_NFE_EMITENTE_CGF;;27710775;N;1;QUANTIDADE;NUMBER;22;Y;;4;21244;0;NO;; (: )
exanfecorp;NFECORP;MOVIMENTO_NFE_EMITENTE_CGF;;27710775;N;2;VALOR;NUMBER;22;Y;;5;7033856;0;NO;; (: )
exanfecorp;NFECORP;MOVIMENTO_NFE_EMITENTE_CNPJ;;37865517;N;5;ANO;VARCHAR2;4;Y;;5;21;787;NO;; (: )
exanfecorp;NFECORP;MOVIMENTO_NFE_EMITENTE_CNPJ;;37865517;N;3;CNPJ;NUMBER;22;Y;0;9;1893888;0;NO;; (: )
exanfecorp;NFECORP;MOVIMENTO_NFE_EMITENTE_CNPJ;;37865517;N;4;CODRESULTPROC;NUMBER;22;Y;0;4;7;0;NO;; (: )
exanfecorp;NFECORP;MOVIMENTO_NFE_EMITENTE_CNPJ;;37865517;N;6;MES;VARCHAR2;2;Y;;3;12;787;NO;; (: )
exanfecorp;NFECORP;MOVIMENTO_NFE_EMITENTE_CNPJ;;37865517;N;1;QUANTIDADE;NUMBER;22;Y;;4;23312;0;NO;; (: )
exanfecorp;NFECORP;MOVIMENTO_NFE_EMITENTE_CNPJ;;37865517;N;2;VALOR;NUMBER;22;Y;;5;8366080;0;NO;; (: )
exanfecorp;NFECORP;MOVIMENTO_NFE_TIPO_EMISSAO;;2633;N;6;ANO;VARCHAR2;4;Y;;5;18;0;NO;; (: )
exanfecorp;NFECORP;MOVIMENTO_NFE_TIPO_EMISSAO;;2633;N;5;AUTORIZADOR;VARCHAR2;1;Y;;2;6;0;NO;; (: )
exanfecorp;NFECORP;MOVIMENTO_NFE_TIPO_EMISSAO;;2633;N;4;CODRESULTPROC;NUMBER;22;Y;0;4;4;0;NO;; (: )
exanfecorp;NFECORP;MOVIMENTO_NFE_TIPO_EMISSAO;;2633;N;7;MES;VARCHAR2;2;Y;;3;12;0;NO;; (: )
exanfecorp;NFECORP;MOVIMENTO_NFE_TIPO_EMISSAO;;2633;N;1;QUANTIDADE;NUMBER;22;Y;;4;1580;0;NO;; (: )
exanfecorp;NFECORP;MOVIMENTO_NFE_TIPO_EMISSAO;;2633;N;3;TIPOEMISSAO;NUMBER;22;N;0;3;9;0;NO;;SYS_C0012004 (C: ENABLED)
exanfecorp;NFECORP;MOVIMENTO_NFE_TIPO_EMISSAO;;2633;N;2;VALOR;NUMBER;22;Y;;7;2631;0;NO;; (: )
exanfecorp;NFECORP;MOVIMENTO_NFE_UF_CFOP_ENTRADA;;676474;N;8;ANO;VARCHAR2;4;Y;;5;20;5;NO;; (: )
exanfecorp;NFECORP;MOVIMENTO_NFE_UF_CFOP_ENTRADA;;676474;N;6;CFOP;NUMBER;22;Y;0;4;635;0;NO;; (: )
exanfecorp;NFECORP;MOVIMENTO_NFE_UF_CFOP_ENTRADA;;676474;N;7;CODRESULTPROC;NUMBER;22;Y;0;4;6;0;NO;; (: )
exanfecorp;NFECORP;MOVIMENTO_NFE_UF_CFOP_ENTRADA;;676474;N;3;ICMS;NUMBER;22;Y;;5;339424;0;NO;; (: )
exanfecorp;NFECORP;MOVIMENTO_NFE_UF_CFOP_ENTRADA;;676474;N;4;ICMSST;NUMBER;22;Y;;3;109680;0;NO;; (: )
exanfecorp;NFECORP;MOVIMENTO_NFE_UF_CFOP_ENTRADA;;676474;N;9;MES;VARCHAR2;2;Y;;3;12;5;NO;; (: )
exanfecorp;NFECORP;MOVIMENTO_NFE_UF_CFOP_ENTRADA;;676474;N;1;QUANTIDADE;NUMBER;22;Y;;4;33836;0;NO;; (: )
exanfecorp;NFECORP;MOVIMENTO_NFE_UF_CFOP_ENTRADA;;676474;N;5;UFEMITENTE;VARCHAR2;2;Y;;3;27;0;NO;; (: )
exanfecorp;NFECORP;MOVIMENTO_NFE_UF_CFOP_ENTRADA;;676474;N;2;VALOR;NUMBER;22;Y;;6;589248;0;NO;; (: )
exanfecorp;NFECORP;MOVIMENTO_NFE_UF_CFOP_SAIDA;;724010;N;8;ANO;VARCHAR2;4;Y;;5;18;0;NO;; (: )
exanfecorp;NFECORP;MOVIMENTO_NFE_UF_CFOP_SAIDA;;724010;N;6;CFOP;NUMBER;22;Y;0;4;603;0;NO;; (: )
exanfecorp;NFECORP;MOVIMENTO_NFE_UF_CFOP_SAIDA;;724010;N;7;CODRESULTPROC;NUMBER;22;Y;0;4;4;0;NO;; (: )
exanfecorp;NFECORP;MOVIMENTO_NFE_UF_CFOP_SAIDA;;724010;N;3;ICMS;NUMBER;22;Y;;5;346048;0;NO;; (: )
exanfecorp;NFECORP;MOVIMENTO_NFE_UF_CFOP_SAIDA;;724010;N;4;ICMSST;NUMBER;22;Y;;3;96880;0;NO;; (: )
exanfecorp;NFECORP;MOVIMENTO_NFE_UF_CFOP_SAIDA;;724010;N;9;MES;VARCHAR2;2;Y;;3;12;0;NO;; (: )
exanfecorp;NFECORP;MOVIMENTO_NFE_UF_CFOP_SAIDA;;724010;N;1;QUANTIDADE;NUMBER;22;Y;;4;38064;0;NO;; (: )
exanfecorp;NFECORP;MOVIMENTO_NFE_UF_CFOP_SAIDA;;724010;N;5;UFDESTINATARIO;VARCHAR2;2;Y;;3;28;0;NO;; (: )
exanfecorp;NFECORP;MOVIMENTO_NFE_UF_CFOP_SAIDA;;724010;N;2;VALOR;NUMBER;22;Y;;6;619648;0;NO;; (: )
exanfecorp;NFECORP;MOVIMENTO_NFE_UF_ENTRADA;;14329;N;7;ANO;VARCHAR2;4;Y;;5;20;1;NO;; (: )
exanfecorp;NFECORP;MOVIMENTO_NFE_UF_ENTRADA;;14329;N;6;CODRESULTPROC;NUMBER;22;Y;0;4;6;0;NO;; (: )
exanfecorp;NFECORP;MOVIMENTO_NFE_UF_ENTRADA;;14329;N;3;ICMS;NUMBER;22;Y;;7;13863;0;NO;; (: )
exanfecorp;NFECORP;MOVIMENTO_NFE_UF_ENTRADA;;14329;N;4;ICMSST;NUMBER;22;Y;;5;10485;0;NO;; (: )
exanfecorp;NFECORP;MOVIMENTO_NFE_UF_ENTRADA;;14329;N;8;MES;VARCHAR2;2;Y;;3;12;1;NO;; (: )
exanfecorp;NFECORP;MOVIMENTO_NFE_UF_ENTRADA;;14329;N;1;QUANTIDADE;NUMBER;22;Y;;4;6178;0;NO;; (: )
exanfecorp;NFECORP;MOVIMENTO_NFE_UF_ENTRADA;;14329;N;5;UFEMITENTE;VARCHAR2;2;Y;;3;27;0;NO;; (: )
exanfecorp;NFECORP;MOVIMENTO_NFE_UF_ENTRADA;;14329;N;2;VALOR;NUMBER;22;Y;;7;14299;0;NO;; (: )
exanfecorp;NFECORP;MOVIMENTO_NFE_UF_SAIDA;;15001;N;7;ANO;VARCHAR2;4;Y;;5;18;0;NO;; (: )
exanfecorp;NFECORP;MOVIMENTO_NFE_UF_SAIDA;;15001;N;6;CODRESULTPROC;NUMBER;22;Y;0;4;4;0;NO;; (: )
exanfecorp;NFECORP;MOVIMENTO_NFE_UF_SAIDA;;15001;N;3;ICMS;NUMBER;22;Y;;7;14152;0;NO;; (: )
exanfecorp;NFECORP;MOVIMENTO_NFE_UF_SAIDA;;15001;N;4;ICMSST;NUMBER;22;Y;;5;11218;0;NO;; (: )
exanfecorp;NFECORP;MOVIMENTO_NFE_UF_SAIDA;;15001;N;8;MES;VARCHAR2;2;Y;;3;12;0;NO;; (: )
exanfecorp;NFECORP;MOVIMENTO_NFE_UF_SAIDA;;15001;N;1;QUANTIDADE;NUMBER;22;Y;;4;7082;0;NO;; (: )
exanfecorp;NFECORP;MOVIMENTO_NFE_UF_SAIDA;;15001;N;5;UFDESTINATARIO;VARCHAR2;2;Y;;3;28;0;NO;; (: )
exanfecorp;NFECORP;MOVIMENTO_NFE_UF_SAIDA;;15001;N;2;VALOR;NUMBER;22;Y;;7;14956;0;NO;; (: )
exanfecorp;NFECORP;NFE_ANTECIPA_PAGAMENTO;Grupo de notas de antecipação de pagamento;;N;3;DSC_TXT_CHAVE_ACESSO;VARCHAR2;100;Y;;;;;NO;Chave de acesso das NF-e referenciadas. Chave de acesso compostas por Código da UF (tabela do IBGE) + AAMM da emissão + CNPJ do Emitente + modelo, série e número da NF-e Referenciada + Código Numérico + DV.; (: )
exanfecorp;NFECORP;NFE_ANTECIPA_PAGAMENTO;Grupo de notas de antecipação de pagamento;;N;1;SEQ_NFE_ANTECIPA_PAGAMENTO;NUMBER;22;N;0;;;;NO;Sequencial;PK_NFE_ANTECIPA_PAGAMENTO (PRIMARY KEY: ENABLED)- SYS_C00211656 (C: ENABLED)
exanfecorp;NFECORP;NFE_ANTECIPA_PAGAMENTO;Grupo de notas de antecipação de pagamento;;N;2;SEQ_NOTA_FISCAL;NUMBER;22;N;0;;;;NO;SEQ_NOTA_FISCAL;FK_NFE_R_NFE_ANTECIPA (FOREIGN KEY: ENABLED)- SYS_C00211657 (C: ENABLED)
exanfecorp;NFECORP;NFE_REFERENCIADA;notas referenciadas;305713241;N;6;COD_MODELO_DOC_FISCAL;VARCHAR2;10;Y;;2;6;263711636;NO;Codigo do modelo do Documento Fiscal. Utilizar 01 para NF modelo 1/1A; (: )
exanfecorp;NFECORP;NFE_REFERENCIADA;notas referenciadas;305713241;N;3;COD_UF;NUMBER;22;Y;0;2;27;301196166;NO;Codigo da UF do emitente do Documento Fiscal. Utilizar a Tabela do IBGE.;CKC_COD_UF_NFE_REFE (C: ENABLED)
exanfecorp;NFECORP;NFE_REFERENCIADA;notas referenciadas;305713241;N;4;DAT_AAMM;NUMBER;22;Y;0;2;398;301196166;NO;AAMM da emiss?o; (: )
exanfecorp;NFECORP;NFE_REFERENCIADA;notas referenciadas;305713241;N;5;NUM_CNPJ;NUMBER;22;Y;0;2;33376;301761040;NO;CNPJ do emitente do documento fiscal referenciado; (: )
exanfecorp;NFECORP;NFE_REFERENCIADA;notas referenciadas;305713241;N;15;NUM_CNPJ_A;VARCHAR2;14;Y;;0;0;305713241;NO;Documento convertido para texto com padronizacao em 14 posicoes e zeros a esquerda; (: )
exanfecorp;NFECORP;NFE_REFERENCIADA;notas referenciadas;305713241;N;13;NUM_CONT_OPERACAO;NUMBER;22;Y;0;2;1027072;268231466;NO;Informar o Número do Contador de Ordem de Operação - COO vinculado à NF-e (v2.0); (: )
exanfecorp;NFECORP;NFE_REFERENCIADA;notas referenciadas;305713241;N;10;NUM_CPF;NUMBER;22;Y;0;2;27272;305148367;NO;CPF do emitente da NF de produtor (v2.0); (: )
exanfecorp;NFECORP;NFE_REFERENCIADA;notas referenciadas;305713241;N;8;NUM_DOC_FISCAL;NUMBER;22;Y;0;2;1731584;301196166;NO;Numero do Documento Fiscal; (: )
exanfecorp;NFECORP;NFE_REFERENCIADA;notas referenciadas;305713241;N;12;NUM_ECF;NUMBER;22;Y;0;2;1000;268231466;NO;Informar o número de ordem seqüencial do ECF que emitiu o Cupom Fiscal vinculado à NF-e (v2.0); (: )
exanfecorp;NFECORP;NFE_REFERENCIADA;notas referenciadas;305713241;N;11;NUM_IE;VARCHAR2;14;Y;;2;26808;305070185;NO;Tipo Inscri??o Estadual do Destinat?rio // aperfei?oado em 24/10/08 para aceitar vazio, ISENTO ou PR9999 a PR99999999 - alterado em  03/10/2009; (: )
exanfecorp;NFECORP;NFE_REFERENCIADA;notas referenciadas;305713241;N;7;NUM_SERIE;NUMBER;22;Y;0;2;556;301196166;NO;Serie do Documento Fiscal, informar zero se inexistente; (: )
exanfecorp;NFECORP;NFE_REFERENCIADA;notas referenciadas;305713241;N;1;SEQ_NFE_REF;NUMBER;22;N;0;7;305713241;0;NO;Sequencial;PK_NFE_REFERENCIADA (PRIMARY KEY: ENABLED)- SYS_C00178962 (C: ENABLED)
exanfecorp;NFECORP;NFE_REFERENCIADA;notas referenciadas;305713241;N;2;SEQ_NOTA_FISCAL;NUMBER;22;N;0;10;153272320;0;NO;SEQ_NOTA_FISCAL;FK_NFE_R_NFE_REF (FOREIGN KEY: ENABLED)- SYS_C00178963 (C: ENABLED)
exanfecorp;NFECORP;NFE_REFERENCIADA;notas referenciadas;305713241;N;14;TIP_NOTA;VARCHAR2;6;Y;;7;5;1989593;NO;Identifica o tipo da nota referenciada, de acordo com a informação no xml da nota fiscal eletrônica;CKC_TIP_NOTA_NFE_REFE (C: ENABLED)
exanfecorp;NFECORP;NFE_REFERENCIADA;notas referenciadas;305713241;N;9;TXT_CHAVE_ACESSO;VARCHAR2;100;Y;;39;190169088;42002156;NO;chave de acesso na NF-e; (: )
exanfecorp;NFECORP;NFE_SEM_REGISTRO_PASSAGEM;;872216;N;1;CHAVE_ACESSO;VARCHAR2;100;N;;45;872216;0;NO;;PK_SEM_REGISTRO_PASSAGEM (PRIMARY KEY: ENABLED)
exanfecorp;NFECORP;NFE_STATUS_FISCO;Tabela que implementa o relacionamento N x M entre NOTA_FISCAL_ELETRONICA e STATUS_FISCO;4640;N;3;COD_ORGAO_LOCAL;NUMBER;22;Y;0;6;21;0;NO;Código da Unidade Fiscal; (: )
exanfecorp;NFECORP;NFE_STATUS_FISCO;Tabela que implementa o relacionamento N x M entre NOTA_FISCAL_ELETRONICA e STATUS_FISCO;4640;N;5;DAT_STATUS;DATE;7;N;;8;4634;0;NO;Data/Hora da atribuição do status;SYS_C00186578 (C: ENABLED)
exanfecorp;NFECORP;NFE_STATUS_FISCO;Tabela que implementa o relacionamento N x M entre NOTA_FISCAL_ELETRONICA e STATUS_FISCO;4640;N;7;NOM_FUNCIONARIO;VARCHAR2;255;Y;;51;28;0;NO;Nome do Fiscal responsável pela atribuição do status(; (: )
exanfecorp;NFECORP;NFE_STATUS_FISCO;Tabela que implementa o relacionamento N x M entre NOTA_FISCAL_ELETRONICA e STATUS_FISCO;4640;N;4;NOM_ORGAO_LOCAL;VARCHAR2;255;Y;;10;21;0;NO;Nome da Unidade Fiscal; (: )
exanfecorp;NFECORP;NFE_STATUS_FISCO;Tabela que implementa o relacionamento N x M entre NOTA_FISCAL_ELETRONICA e STATUS_FISCO;4640;N;6;NUM_CPF_FUNCIONARIO;NUMBER;22;Y;0;8;28;0;NO;Identificação do funcionário responsável pela atribuição do status(CPF); (: )
exanfecorp;NFECORP;NFE_STATUS_FISCO;Tabela que implementa o relacionamento N x M entre NOTA_FISCAL_ELETRONICA e STATUS_FISCO;4640;N;1;SEQ_NOTA_FISCAL;NUMBER;22;N;0;10;4640;0;NO;Sequencial da NFE;FK_NFE_R_NFE_STATUS_FISCO (FOREIGN KEY: ENABLED)- PK_NFE_STATUS_FISCO (PRIMARY KEY: ENABLED)- SYS_C00186576 (C: ENABLED)
exanfecorp;NFECORP;NFE_STATUS_FISCO;Tabela que implementa o relacionamento N x M entre NOTA_FISCAL_ELETRONICA e STATUS_FISCO;4640;N;2;SEQ_STATUS_FISCO;NUMBER;22;N;0;3;1;0;NO;Sequencial do status do fisco;FK_STA_FISCO_R_NFE_STA_FISCO (FOREIGN KEY: ENABLED)- PK_NFE_STATUS_FISCO (PRIMARY KEY: ENABLED)- SYS_C00186577 (C: ENABLED)
exanfecorp;NFECORP;NFE_STATUS_FISCO;Tabela que implementa o relacionamento N x M entre NOTA_FISCAL_ELETRONICA e STATUS_FISCO;4640;N;8;TXT_JUSTIFICATIVA;VARCHAR2;2000;Y;;42;760;0;NO;Justificativa inserida pelo Auditor; (: )
exanfecorp;NFECORP;NFE_TST;;8258569;N;1;SEQ_NOTA_FISCAL;NUMBER;22;Y;0;10;8258569;0;NO;; (: )
exanfecorp;NFECORP;NOTA_FISCAL_ELETRONICA;"Contém os dados que identificam uma NF-e, equivalente ao elemento ""ide"" do documento original.";1390452847;N;53;COD_CNPJ_DESTINATARIO;NUMBER;22;Y;0;6;3579904;0;NO;USADO PARA JOIN COM CONTRIBUINTE ATUAL; (: )
exanfecorp;NFECORP;NOTA_FISCAL_ELETRONICA;"Contém os dados que identificam uma NF-e, equivalente ao elemento ""ide"" do documento original.";1390452847;N;77;COD_CNPJ_DESTINATARIO_A;VARCHAR2;14;N;;0;0;1390452847;NO;Documento convertido para texto com padronizacao em 14 posicoes e zeros a esquerda;SYS_C00213218 (C: ENABLED)
exanfecorp;NFECORP;NOTA_FISCAL_ELETRONICA;"Contém os dados que identificam uma NF-e, equivalente ao elemento ""ide"" do documento original.";1390452847;N;54;COD_CNPJ_EMITENTE;NUMBER;22;Y;0;9;1479424;0;NO;USADO PARA JOIN COM CONTRIBUINTE ATUAL; (: )
exanfecorp;NFECORP;NOTA_FISCAL_ELETRONICA;"Contém os dados que identificam uma NF-e, equivalente ao elemento ""ide"" do documento original.";1390452847;N;78;COD_CNPJ_EMITENTE_A;VARCHAR2;14;N;;0;0;1390452847;NO;Documento convertido para texto com padronizacao em 14 posicoes e zeros a esquerda;SYS_C00213219 (C: ENABLED)
exanfecorp;NFECORP;NOTA_FISCAL_ELETRONICA;"Contém os dados que identificam uma NF-e, equivalente ao elemento ""ide"" do documento original.";1390452847;N;63;COD_CNPJ_TRANSMISSOR;VARCHAR2;14;Y;;7;90864;889844327;NO;CNPJ do Transmissor da NF-e; (: )
exanfecorp;NFECORP;NOTA_FISCAL_ELETRONICA;"Contém os dados que identificam uma NF-e, equivalente ao elemento ""ide"" do documento original.";1390452847;N;19;COD_FINALIDADE;NUMBER;22;Y;0;3;4;7321;NO;"Finalidade da emissão da NF-e:
1 - NFe normal
2 - NFe complementar
3 - NFe de ajuste"; (: )
exanfecorp;NFECORP;NOTA_FISCAL_ELETRONICA;"Contém os dados que identificam uma NF-e, equivalente ao elemento ""ide"" do documento original.";1390452847;N;39;COD_FOP_RET_TRANSP;NUMBER;22;Y;0;2;237;1388684606;NO;Código Fiscal de Operações e Prestações; (: )
exanfecorp;NFECORP;NOTA_FISCAL_ELETRONICA;"Contém os dados que identificam uma NF-e, equivalente ao elemento ""ide"" do documento original.";1390452847;N;7;COD_FORMA_PAG;NUMBER;22;Y;0;2;3;830293777;NO;"Indicador da forma de pagamento:
0 ¿ pagamento à vista
1 ¿ pagamento à prazo
2 ¿ outros"; (: )
exanfecorp;NFECORP;NOTA_FISCAL_ELETRONICA;"Contém os dados que identificam uma NF-e, equivalente ao elemento ""ide"" do documento original.";1390452847;N;62;COD_IND_FINAL;NUMBER;22;Y;0;3;2;393507875;NO;"Indica operação com consumidor final (0-Não;1-Consumidor Final)"; (: )
exanfecorp;NFECORP;NOTA_FISCAL_ELETRONICA;"Contém os dados que identificam uma NF-e, equivalente ao elemento ""ide"" do documento original.";1390452847;N;61;COD_IND_PRES;NUMBER;22;Y;0;3;7;393507875;NO;"Indicador de presença do comprador no estabelecimento comercial no momento da oepração(0-Não se aplica (ex.: Nota Fiscal complementar ou de ajuste;1-Operação presencial;2-Não presencial, internet;3-Não presencial, teleatendimento;4-NFC-e entrega em domicílio;9-Não presencial, outros)"; (: )
exanfecorp;NFECORP;NOTA_FISCAL_ELETRONICA;"Contém os dados que identificam uma NF-e, equivalente ao elemento ""ide"" do documento original.";1390452847;N;64;COD_IP_TRANSMISSOR;VARCHAR2;25;Y;;11;62803968;527443473;NO;IP do Transmissor da NF-e; (: )
exanfecorp;NFECORP;NOTA_FISCAL_ELETRONICA;"Contém os dados que identificam uma NF-e, equivalente ao elemento ""ide"" do documento original.";1390452847;N;60;COD_LOCAL_DEST_OP;NUMBER;22;Y;0;3;3;393507875;NO;"Identificador de Local de destino da operação (1-Interna;2-Interestadual;3-Exterior)"; (: )
exanfecorp;NFECORP;NOTA_FISCAL_ELETRONICA;"Contém os dados que identificam uma NF-e, equivalente ao elemento ""ide"" do documento original.";1390452847;N;8;COD_MODELO_DOC_FISCAL;NUMBER;22;Y;0;3;2;0;NO;Código do modelo do Documento Fiscal. Utilizar 55 para identificação da NF-e, emitida em substituição ao modelo 1 e 1A.; (: )
exanfecorp;NFECORP;NOTA_FISCAL_ELETRONICA;"Contém os dados que identificam uma NF-e, equivalente ao elemento ""ide"" do documento original.";1390452847;N;42;COD_MOD_FRETE_TRANSP;NUMBER;22;Y;0;3;6;20;NO;"Modalidade do frete (0 - por conta do emitente; 1 - por conta do destinatário)"; (: )
exanfecorp;NFECORP;NOTA_FISCAL_ELETRONICA;"Contém os dados que identificam uma NF-e, equivalente ao elemento ""ide"" do documento original.";1390452847;N;73;COD_MUN_CONS;NUMBER;22;Y;0;0;0;1390452847;NO;cMunFGIBS - Código do Município de consumo, fato gerador do IBS / CBS; (: )
exanfecorp;NFECORP;NOTA_FISCAL_ELETRONICA;"Contém os dados que identificam uma NF-e, equivalente ao elemento ""ide"" do documento original.";1390452847;N;41;COD_MUN_FG_RET_TRANSP;NUMBER;22;Y;0;2;3196;1388684781;NO;Código do Município de Ocorrência do Fato Gerador (utilizar a tabela do IBGE); (: )
exanfecorp;NFECORP;NOTA_FISCAL_ELETRONICA;"Contém os dados que identificam uma NF-e, equivalente ao elemento ""ide"" do documento original.";1390452847;N;14;COD_MUNICIPIO_FG;NUMBER;22;Y;0;6;5543;0;NO;Código do Município de Ocorrência do Fato Gerador (utilizar a tabela do IBGE); (: )
exanfecorp;NFECORP;NOTA_FISCAL_ELETRONICA;"Contém os dados que identificam uma NF-e, equivalente ao elemento ""ide"" do documento original.";1390452847;N;4;COD_NF;NUMBER;22;Y;0;6;118882304;0;NO;Código numérico que compõe a Chave de Acesso. Número aleatório gerado pelo emitente para cada NF-e.; (: )
exanfecorp;NFECORP;NOTA_FISCAL_ELETRONICA;"Contém os dados que identificam uma NF-e, equivalente ao elemento ""ide"" do documento original.";1390452847;N;67;COD_NFA;NUMBER;22;Y;0;3;2;0;NO;"Indicador de Nota Fiscal Avulsa:
0 - não é NFA
1 - é NFA"; (: )
exanfecorp;NFECORP;NOTA_FISCAL_ELETRONICA;"Contém os dados que identificam uma NF-e, equivalente ao elemento ""ide"" do documento original.";1390452847;N;20;COD_PROC_EMISSAO;NUMBER;22;Y;0;3;4;7321;NO;"Processo de emissão utilizado com a seguinte codificação:
0 - emissão de NF-e com aplicativo do contribuinte
1 - emissão de NF-e avulsa pelo Fisco
2 - emissão de NF-e avulsa, pelo contribuinte com seu certificado digital, através do site
do Fisco
3- emissão de NF-e pelo contribuinte com aplicativo fornecido pelo Fisco"; (: )
exanfecorp;NFECORP;NOTA_FISCAL_ELETRONICA;"Contém os dados que identificam uma NF-e, equivalente ao elemento ""ide"" do documento original.";1390452847;N;59;COD_RESULTADO_ESPECIFICO;NUMBER;22;Y;0;4;11;0;NO;STATUS específico da Nfe; (: )
exanfecorp;NFECORP;NOTA_FISCAL_ELETRONICA;"Contém os dados que identificam uma NF-e, equivalente ao elemento ""ide"" do documento original.";1390452847;N;50;COD_RESULTADO_PROCESSAMEN;NUMBER;22;Y;0;4;5;0;NO;COD_RESULTADO_PROCESSAMEN; (: )
exanfecorp;NFECORP;NOTA_FISCAL_ELETRONICA;"Contém os dados que identificam uma NF-e, equivalente ao elemento ""ide"" do documento original.";1390452847;N;5;COD_UF;NUMBER;22;Y;0;3;27;0;NO;Código da UF do emitente do Documento Fiscal. Utilizar a Tabela do IBGE.; (: )
exanfecorp;NFECORP;NOTA_FISCAL_ELETRONICA;"Contém os dados que identificam uma NF-e, equivalente ao elemento ""ide"" do documento original.";1390452847;N;;DAT_CARGA_ETL;DATE;7;Y;;8;714816;0;NO;data default sysdate  de inserção do registro; (: )
exanfecorp;NFECORP;NOTA_FISCAL_ELETRONICA;"Contém os dados que identificam uma NF-e, equivalente ao elemento ""ide"" do documento original.";1390452847;N;11;DAT_EMISSAO_DOC_FISCAL;DATE;7;Y;;8;189251584;2539;NO;Data de emissão do Documento Fiscal (AAAA-MM-DD); (: )
exanfecorp;NFECORP;NOTA_FISCAL_ELETRONICA;"Contém os dados que identificam uma NF-e, equivalente ao elemento ""ide"" do documento original.";1390452847;N;56;DAT_ENTRADA_CONT;DATE;7;Y;;2;1755264;1379227033;NO;data e hora de entrada em conting?ncia; (: )
exanfecorp;NFECORP;NOTA_FISCAL_ELETRONICA;"Contém os dados que identificam uma NF-e, equivalente ao elemento ""ide"" do documento original.";1390452847;N;72;DAT_PRE_ENT;DATE;7;Y;;0;0;1390452847;NO;dPrevEntrega - Data da previsão de entrega ou disponibilização do bem; (: )
exanfecorp;NFECORP;NOTA_FISCAL_ELETRONICA;"Contém os dados que identificam uma NF-e, equivalente ao elemento ""ide"" do documento original.";1390452847;N;48;DAT_PROCESSAMENTO;DATE;7;Y;;8;283967488;0;NO;DAT_PROCESSAMENTO; (: )
exanfecorp;NFECORP;NOTA_FISCAL_ELETRONICA;"Contém os dados que identificam uma NF-e, equivalente ao elemento ""ide"" do documento original.";1390452847;N;47;DAT_RECEBIMENTO;DATE;7;Y;;8;274202624;0;NO;DAT_RECEBIMENTO; (: )
exanfecorp;NFECORP;NOTA_FISCAL_ELETRONICA;"Contém os dados que identificam uma NF-e, equivalente ao elemento ""ide"" do documento original.";1390452847;N;12;DAT_SAIDA_ENTRADA_PROD;DATE;7;Y;;7;160202752;316043503;NO;Data de saída ou de entrada da mercadoria / produto (AAAA-MM-DD); (: )
exanfecorp;NFECORP;NOTA_FISCAL_ELETRONICA;"Contém os dados que identificam uma NF-e, equivalente ao elemento ""ide"" do documento original.";1390452847;N;45;DSC_DIGEST_VALUE;VARCHAR2;30;Y;;29;1390452847;0;NO;DSC_DIGEST_VALUE; (: )
exanfecorp;NFECORP;NOTA_FISCAL_ELETRONICA;"Contém os dados que identificam uma NF-e, equivalente ao elemento ""ide"" do documento original.";1390452847;N;6;DSC_NAT_OP;VARCHAR2;60;Y;;34;1013120;1003;NO;Descrição da Natureza da Operação; (: )
exanfecorp;NFECORP;NOTA_FISCAL_ELETRONICA;"Contém os dados que identificam uma NF-e, equivalente ao elemento ""ide"" do documento original.";1390452847;N;49;DSC_SCHEMA_XML;VARCHAR2;4;Y;;5;5;0;NO;DSC_SCHEMA_XML; (: )
exanfecorp;NFECORP;NOTA_FISCAL_ELETRONICA;"Contém os dados que identificam uma NF-e, equivalente ao elemento ""ide"" do documento original.";1390452847;N;31;NOME_TRANSP;VARCHAR2;60;Y;;15;2088704;703696454;NO;Razão Social ou nome; (: )
exanfecorp;NFECORP;NOTA_FISCAL_ELETRONICA;"Contém os dados que identificam uma NF-e, equivalente ao elemento ""ide"" do documento original.";1390452847;N;34;NOM_MUNICIPIO_TRANSP;VARCHAR2;60;Y;;6;46680;762830699;NO;Nome do munícipio; (: )
exanfecorp;NFECORP;NOTA_FISCAL_ELETRONICA;"Contém os dados que identificam uma NF-e, equivalente ao elemento ""ide"" do documento original.";1390452847;N;35;NOM_SIGLA_UF_TRANSP;VARCHAR2;2;Y;;2;31;760764105;NO;Sigla da UF; (: )
exanfecorp;NFECORP;NOTA_FISCAL_ELETRONICA;"Contém os dados que identificam uma NF-e, equivalente ao elemento ""ide"" do documento original.";1390452847;N;29;NUM_CNPJ_TRANSP;NUMBER;22;Y;0;5;482880;833416059;NO;CNPJ do transportador; (: )
exanfecorp;NFECORP;NOTA_FISCAL_ELETRONICA;"Contém os dados que identificam uma NF-e, equivalente ao elemento ""ide"" do documento original.";1390452847;N;79;NUM_CNPJ_TRANSP_A;VARCHAR2;14;Y;;0;0;1390452847;NO;Documento convertido para texto com padronizacao em 14 posicoes e zeros a esquerda; (: )
exanfecorp;NFECORP;NOTA_FISCAL_ELETRONICA;"Contém os dados que identificam uma NF-e, equivalente ao elemento ""ide"" do documento original.";1390452847;N;30;NUM_CPF_TRANSP;NUMBER;22;Y;0;2;530688;1360431732;NO;CPF do transportador; (: )
exanfecorp;NFECORP;NOTA_FISCAL_ELETRONICA;"Contém os dados que identificam uma NF-e, equivalente ao elemento ""ide"" do documento original.";1390452847;N;17;NUM_DIG_VERIFICADOR;NUMBER;22;Y;0;3;10;0;NO;Digito Verificador da Chave de Acesso da NF-e; (: )
exanfecorp;NFECORP;NOTA_FISCAL_ELETRONICA;"Contém os dados que identificam uma NF-e, equivalente ao elemento ""ide"" do documento original.";1390452847;N;10;NUM_DOC_FISCAL;NUMBER;22;Y;0;6;48250880;0;NO;Número do Documento Fiscal; (: )
exanfecorp;NFECORP;NOTA_FISCAL_ELETRONICA;"Contém os dados que identificam uma NF-e, equivalente ao elemento ""ide"" do documento original.";1390452847;N;22;NUM_FATURA;VARCHAR2;60;Y;;5;111878144;816863213;NO;Número da fatura; (: )
exanfecorp;NFECORP;NOTA_FISCAL_ELETRONICA;"Contém os dados que identificam uma NF-e, equivalente ao elemento ""ide"" do documento original.";1390452847;N;2;NUM_ID;VARCHAR2;100;Y;;45;1390452847;0;NO;ID da NFE, chave de acesso; (: )
exanfecorp;NFECORP;NOTA_FISCAL_ELETRONICA;"Contém os dados que identificam uma NF-e, equivalente ao elemento ""ide"" do documento original.";1390452847;N;32;NUM_IE_TRANSP;VARCHAR2;14;Y;;5;400704;859614056;NO;Inscrição Estadual; (: )
exanfecorp;NFECORP;NOTA_FISCAL_ELETRONICA;"Contém os dados que identificam uma NF-e, equivalente ao elemento ""ide"" do documento original.";1390452847;N;68;NUM_PORTA_CONEXAO;VARCHAR2;10;Y;;0;0;1390452847;NO;Número da porta de conexão referente ao ip do transmissor ; (: )
exanfecorp;NFECORP;NOTA_FISCAL_ELETRONICA;"Contém os dados que identificam uma NF-e, equivalente ao elemento ""ide"" do documento original.";1390452847;N;58;NUM_SEQ_UNICO;NUMBER;22;N;0;7;1387003904;0;NO;NSU da NFE;SYS_C00199778 (C: ENABLED)
exanfecorp;NFECORP;NOTA_FISCAL_ELETRONICA;"Contém os dados que identificam uma NF-e, equivalente ao elemento ""ide"" do documento original.";1390452847;N;9;NUM_SERIE;NUMBER;22;Y;0;3;966;0;NO;Série do Documento Fiscal; (: )
exanfecorp;NFECORP;NOTA_FISCAL_ELETRONICA;"Contém os dados que identificam uma NF-e, equivalente ao elemento ""ide"" do documento original.";1390452847;N;3;NUM_VERSAO;VARCHAR2;8;Y;;5;6;69252;NO;Versão da NF-e - 1.10; (: )
exanfecorp;NFECORP;NOTA_FISCAL_ELETRONICA;"Contém os dados que identificam uma NF-e, equivalente ao elemento ""ide"" do documento original.";1390452847;N;21;NUM_VERSAO_APLICATIVO;VARCHAR2;20;Y;;11;460544;11934;NO;versão do aplicativo utilizado no processo de emissão; (: )
exanfecorp;NFECORP;NOTA_FISCAL_ELETRONICA;"Contém os dados que identificam uma NF-e, equivalente ao elemento ""ide"" do documento original.";1390452847;N;55;QTD_NOTA_FISCAL;NUMBER;22;Y;0;3;1;0;NO;Usado no Business Objects para se contar a quantidade de notas fiscais eletrônicas; (: )
exanfecorp;NFECORP;NOTA_FISCAL_ELETRONICA;"Contém os dados que identificam uma NF-e, equivalente ao elemento ""ide"" do documento original.";1390452847;N;;SEQ_CARGA_ETL;NUMBER;22;N;;7;1385824256;0;NO;sequencial auto incremental;SYS_C00199779 (C: ENABLED)
exanfecorp;NFECORP;NOTA_FISCAL_ELETRONICA;"Contém os dados que identificam uma NF-e, equivalente ao elemento ""ide"" do documento original.";1390452847;N;52;SEQ_DATA_AUTORIZACAO;NUMBER;22;Y;0;5;5889;621;NO;;FK_D_CALENDARIO_AUTO_R_NFE (FOREIGN KEY: ENABLED)
exanfecorp;NFECORP;NOTA_FISCAL_ELETRONICA;"Contém os dados que identificam uma NF-e, equivalente ao elemento ""ide"" do documento original.";1390452847;N;51;SEQ_DATA_EMISSAO;NUMBER;22;Y;0;5;6260;2529;NO;;FK_D_CALENDARIO_EMIS_R_NFE (FOREIGN KEY: ENABLED)
exanfecorp;NFECORP;NOTA_FISCAL_ELETRONICA;"Contém os dados que identificam uma NF-e, equivalente ao elemento ""ide"" do documento original.";1390452847;N;66;SEQ_DESTINATARIO_CADASTRO;NUMBER;22;Y;0;5;531264;1181412;NO;Sequencial do destinatario no cadastro; (: )
exanfecorp;NFECORP;NOTA_FISCAL_ELETRONICA;"Contém os dados que identificam uma NF-e, equivalente ao elemento ""ide"" do documento original.";1390452847;N;65;SEQ_EMITENTE_CADASTRO;NUMBER;22;Y;0;5;153936;1167891;NO;Sequencial do emitente no cadastro; (: )
exanfecorp;NFECORP;NOTA_FISCAL_ELETRONICA;"Contém os dados que identificam uma NF-e, equivalente ao elemento ""ide"" do documento original.";1390452847;N;46;SEQ_LOTE;NUMBER;22;Y;0;6;455901184;674879684;NO;SEQ_LOTE; (: )
exanfecorp;NFECORP;NOTA_FISCAL_ELETRONICA;"Contém os dados que identificam uma NF-e, equivalente ao elemento ""ide"" do documento original.";1390452847;N;1;SEQ_NOTA_FISCAL;NUMBER;22;N;0;10;1390452847;0;NO;SEQ_NOTA_FISCAL;PK_NOTA_FISCAL_ELETRONICA (PRIMARY KEY: ENABLED)- SYS_C00199774 (C: ENABLED)
exanfecorp;NFECORP;NOTA_FISCAL_ELETRONICA;"Contém os dados que identificam uma NF-e, equivalente ao elemento ""ide"" do documento original.";1390452847;N;18;TIP_AMBIENTE;NUMBER;22;Y;0;3;2;7321;NO;"Identificação do Ambiente:
1 - Produção
2 - Homologação"; (: )
exanfecorp;NFECORP;NOTA_FISCAL_ELETRONICA;"Contém os dados que identificam uma NF-e, equivalente ao elemento ""ide"" do documento original.";1390452847;N;13;TIP_DOC_FISCAL;NUMBER;22;Y;0;3;2;0;NO;"Tipo do Documento Fiscal (0 - entrada; 1 - saída)"; (: )
exanfecorp;NFECORP;NOTA_FISCAL_ELETRONICA;"Contém os dados que identificam uma NF-e, equivalente ao elemento ""ide"" do documento original.";1390452847;N;16;TIP_EMISSAO;NUMBER;22;N;0;3;9;0;NO;"Forma de emissão da NF-e
(1 - Normal; 2 - Contingência)";SYS_C00199775 (C: ENABLED)
exanfecorp;NFECORP;NOTA_FISCAL_ELETRONICA;"Contém os dados que identificam uma NF-e, equivalente ao elemento ""ide"" do documento original.";1390452847;N;69;TIP_ENTE_GOVERNAMENTAL;NUMBER;22;Y;0;0;0;1390452847;NO;"tpEnteGov - Tipo de ente governamental - Para administração pública direta e suas autarquias e fundações:
1=União
2=Estado
3=Distrito Federal
4=Município"; (: )
exanfecorp;NFECORP;NOTA_FISCAL_ELETRONICA;"Contém os dados que identificam uma NF-e, equivalente ao elemento ""ide"" do documento original.";1390452847;N;15;TIP_IMPRESSAO;NUMBER;22;Y;0;3;6;0;NO;"Formato de impressão do DANFE (1 - Retrato; 2 - Paisagem)"; (: )
exanfecorp;NFECORP;NOTA_FISCAL_ELETRONICA;"Contém os dados que identificam uma NF-e, equivalente ao elemento ""ide"" do documento original.";1390452847;N;76;TIP_INTERMEDIADOR_MKT;NUMBER;22;Y;0;0;0;1390452847;NO;"0=Operação sem intermediador (em site ou plataforma própria)
1=Operação em site ou plataforma de terceiros (intermediadores/marketplace)
Considera-se intermediador/marketplace os prestadores de serviços e de negócios referentes às transações comerciais ou de prestação de serviços intermediadas, realizadas por pessoas jurídicas inscritas no Cadastro Nacional de Pessoa Jurídica - CNPJ ou pessoas físicas inscritas no Cadastro de Pessoa Física - CPF, ainda que não inscritas no cadastro de contribuintes do ICMS.
Considera-se site/plataforma própria as vendas que não foram intermediadas (por marketplace), como venda em site próprio, teleatendimento. (Criado na NT 2020.006)"; (: )
exanfecorp;NFECORP;NOTA_FISCAL_ELETRONICA;"Contém os dados que identificam uma NF-e, equivalente ao elemento ""ide"" do documento original.";1390452847;N;75;TIP_NOT_CRE;NUMBER;22;Y;0;0;0;1390452847;NO;tpNFCredito - Tipo nota de credito; (: )
exanfecorp;NFECORP;NOTA_FISCAL_ELETRONICA;"Contém os dados que identificam uma NF-e, equivalente ao elemento ""ide"" do documento original.";1390452847;N;74;TIP_NOT_DEB;NUMBER;22;Y;0;0;0;1390452847;NO;tpNFDebito - Tipo nota de debito; (: )
exanfecorp;NFECORP;NOTA_FISCAL_ELETRONICA;"Contém os dados que identificam uma NF-e, equivalente ao elemento ""ide"" do documento original.";1390452847;N;71;TIP_OPER_COM_ENTE;NUMBER;22;Y;0;0;0;1390452847;NO;"tpOperGov - Tipo de operação com o ente governamental
1=Fornecimento 2=Recebimento do pagamento, conforme fato gerador do IBS/CBS definido no Art. 10 § 2º"; (: )
exanfecorp;NFECORP;NOTA_FISCAL_ELETRONICA;"Contém os dados que identificam uma NF-e, equivalente ao elemento ""ide"" do documento original.";1390452847;N;44;TXT_CPL_INFO_ADIC;VARCHAR2;4000;Y;;252;949354496;159140266;NO;Informações complementares de interesse do Contribuinte; (: )
exanfecorp;NFECORP;NOTA_FISCAL_ELETRONICA;"Contém os dados que identificam uma NF-e, equivalente ao elemento ""ide"" do documento original.";1390452847;N;33;TXT_ENDERECO_TRANSP;VARCHAR2;60;Y;;13;2802432;760824269;NO;Endereço completo; (: )
exanfecorp;NFECORP;NOTA_FISCAL_ELETRONICA;"Contém os dados que identificam uma NF-e, equivalente ao elemento ""ide"" do documento original.";1390452847;N;43;TXT_FISCO_INFO_ADIC;VARCHAR2;2000;Y;;34;71467008;1003943596;NO;Informações adicionais de interesse do Fisco; (: )
exanfecorp;NFECORP;NOTA_FISCAL_ELETRONICA;"Contém os dados que identificam uma NF-e, equivalente ao elemento ""ide"" do documento original.";1390452847;N;28;TXT_INF_CONT_COMPRA;VARCHAR2;60;Y;;2;867072;1386916815;NO;Informação do contrato; (: )
exanfecorp;NFECORP;NOTA_FISCAL_ELETRONICA;"Contém os dados que identificam uma NF-e, equivalente ao elemento ""ide"" do documento original.";1390452847;N;26;TXT_INF_NOTA_COMPRA;VARCHAR2;17;Y;;2;787904;1388353973;NO;Informação da Nota de Empenho de compras públicas; (: )
exanfecorp;NFECORP;NOTA_FISCAL_ELETRONICA;"Contém os dados que identificam uma NF-e, equivalente ao elemento ""ide"" do documento original.";1390452847;N;27;TXT_INF_PED_COMPRA;VARCHAR2;60;Y;;2;55234560;1297554424;NO;Informação do pedido; (: )
exanfecorp;NFECORP;NOTA_FISCAL_ELETRONICA;"Contém os dados que identificam uma NF-e, equivalente ao elemento ""ide"" do documento original.";1390452847;N;57;TXT_JUST_ENT_CONT;VARCHAR2;500;Y;;2;34168;1385724476;NO;Informar a Justificativa da entrada em (v.2.0); (: )
exanfecorp;NFECORP;NOTA_FISCAL_ELETRONICA;"Contém os dados que identificam uma NF-e, equivalente ao elemento ""ide"" do documento original.";1390452847;N;38;VLR_ALIQ_RET_TRANSP;NUMBER;22;Y;4;2;1631;1388676148;NO;Alíquota da Retenção; (: )
exanfecorp;NFECORP;NOTA_FISCAL_ELETRONICA;"Contém os dados que identificam uma NF-e, equivalente ao elemento ""ide"" do documento original.";1390452847;N;37;VLR_BC_RET_TRANSP;NUMBER;22;Y;2;2;250576;1388676148;NO;BC da Retenção do ICMS; (: )
exanfecorp;NFECORP;NOTA_FISCAL_ELETRONICA;"Contém os dados que identificam uma NF-e, equivalente ao elemento ""ide"" do documento original.";1390452847;N;24;VLR_DESCONTO_FATURA;NUMBER;22;Y;2;2;569216;1019381121;NO;Valor do desconto da fatura; (: )
exanfecorp;NFECORP;NOTA_FISCAL_ELETRONICA;"Contém os dados que identificam uma NF-e, equivalente ao elemento ""ide"" do documento original.";1390452847;N;40;VLR_ICMS_RET_TRANSP;NUMBER;22;Y;2;2;93152;1388676323;NO;Valor do ICMS Retido; (: )
exanfecorp;NFECORP;NOTA_FISCAL_ELETRONICA;"Contém os dados que identificam uma NF-e, equivalente ao elemento ""ide"" do documento original.";1390452847;N;25;VLR_LIQUIDO_FATURA;NUMBER;22;Y;2;3;7975424;851967208;NO;Valor líquido da fatura; (: )
exanfecorp;NFECORP;NOTA_FISCAL_ELETRONICA;"Contém os dados que identificam uma NF-e, equivalente ao elemento ""ide"" do documento original.";1390452847;N;23;VLR_ORIGINAL_FATURA;NUMBER;22;Y;2;3;8022016;825975442;NO;Valor original da fatura; (: )
exanfecorp;NFECORP;NOTA_FISCAL_ELETRONICA;"Contém os dados que identificam uma NF-e, equivalente ao elemento ""ide"" do documento original.";1390452847;N;70;VLR_PERC_REDUTOR;NUMBER;22;Y;4;0;0;1390452847;NO;pRedutor - Percentual de redução de alíquota em compra governamental; (: )
exanfecorp;NFECORP;NOTA_FISCAL_ELETRONICA;"Contém os dados que identificam uma NF-e, equivalente ao elemento ""ide"" do documento original.";1390452847;N;36;VLR_SERV_RET_TRANSP;NUMBER;22;Y;2;2;252176;1388676148;NO;Valor do Serviço; (: )
exanfecorp;NFECORP;NOTA_TRANSITO;Contém o XML das Nfes em Transito pelo Ceará.;38231013;N;4;DAT_INCLUSAO;DATE;7;N;;8;9498624;0;NO;data de inclusão da nota;SYS_C00178887 (C: ENABLED)
exanfecorp;NFECORP;NOTA_TRANSITO;Contém o XML das Nfes em Transito pelo Ceará.;38231013;N;3;DSC_CHAVE_ACESSO;VARCHAR2;44;N;;45;36945920;0;NO;Chave da Nota Fiscal Eletrônica;SYS_C00178886 (C: ENABLED)
exanfecorp;NFECORP;NOTA_TRANSITO;Contém o XML das Nfes em Transito pelo Ceará.;38231013;N;1;SEQ_NOTA_TRANSITO;NUMBER;22;N;0;6;38231013;0;NO;SEQ_NOTA_FISCAL;PK_NOTA_TRANSITO (PRIMARY KEY: ENABLED)- SYS_C00178884 (C: ENABLED)
exanfecorp;NFECORP;NOTA_TRANSITO;Contém o XML das Nfes em Transito pelo Ceará.;38231013;N;2;TXT_DOCUMENTO_XML;CLOB;4000;N;;633;0;0;NO;XML da Nfe;SYS_C00178885 (C: ENABLED)
exanfecorp;NFECORP;OBS_CONT;"Campo de uso livre do contribuinte
informar o nome do campo no atributo xCampo
e o conteudo do campo no xTexto";683218078;N;2;SEQ_NOTA_FISCAL;NUMBER;22;N;0;10;300154880;0;NO;SEQ_NOTA_FISCAL;FK_NFE_R_OBS_CONT (FOREIGN KEY: ENABLED)- SYS_C00178953 (C: ENABLED)
exanfecorp;NFECORP;OBS_CONT;"Campo de uso livre do contribuinte
informar o nome do campo no atributo xCampo
e o conteudo do campo no xTexto";683218078;N;1;SEQ_OBS_CONT;NUMBER;22;N;0;7;683218078;0;NO;Sequencial;PK_OBS_CONT (PRIMARY KEY: ENABLED)- SYS_C00178952 (C: ENABLED)
exanfecorp;NFECORP;OBS_CONT;"Campo de uso livre do contribuinte
informar o nome do campo no atributo xCampo
e o conteudo do campo no xTexto";683218078;N;4;TXT_CAMPO;VARCHAR2;20;Y;;10;415552;0;NO;CAMPO; (: )
exanfecorp;NFECORP;OBS_CONT;"Campo de uso livre do contribuinte
informar o nome do campo no atributo xCampo
e o conteudo do campo no xTexto";683218078;N;3;TXT_TEXTO;VARCHAR2;60;Y;;18;92848128;0;NO;TEXTO; (: )
exanfecorp;NFECORP;OBS_FISCO;"Campo de uso exclusivo do Fisco
informar o nome do campo no atributo xCampo
e o conteudo do campo no xTexto";6877421;N;2;SEQ_NOTA_FISCAL;NUMBER;22;N;0;10;5038080;0;NO;SEQ_NOTA_FISCAL;FK_NFE_R_OBS_FISCO (FOREIGN KEY: ENABLED)- SYS_C0011673 (C: ENABLED)
exanfecorp;NFECORP;OBS_FISCO;"Campo de uso exclusivo do Fisco
informar o nome do campo no atributo xCampo
e o conteudo do campo no xTexto";6877421;N;1;SEQ_OBS_FISCO;NUMBER;22;N;0;6;6877421;0;NO;Sequencial;PK_OBS_FISCO (PRIMARY KEY: ENABLED)- SYS_C0011672 (C: ENABLED)
exanfecorp;NFECORP;OBS_FISCO;"Campo de uso exclusivo do Fisco
informar o nome do campo no atributo xCampo
e o conteudo do campo no xTexto";6877421;N;4;TXT_CAMPO;VARCHAR2;20;Y;;6;12810;0;NO;CAMPO; (: )
exanfecorp;NFECORP;OBS_FISCO;"Campo de uso exclusivo do Fisco
informar o nome do campo no atributo xCampo
e o conteudo do campo no xTexto";6877421;N;3;TXT_TEXTO;VARCHAR2;60;Y;;27;225280;0;NO;TEXTO; (: )
exanfecorp;NFECORP;ODS_CONTRIBUINTE_CFE;Tabela com informações referentes ao CFE por contribuinte;671302;N;2;COD_CGF;NUMBER;22;Y;0;6;32652;0;NO;Código do CGF; (: )
exanfecorp;NFECORP;ODS_CONTRIBUINTE_CFE;Tabela com informações referentes ao CFE por contribuinte;671302;N;7;COD_CNAE_NACIONAL;NUMBER;22;Y;0;6;419;0;NO;Código de setor de atividade nacional; (: )
exanfecorp;NFECORP;ODS_CONTRIBUINTE_CFE;Tabela com informações referentes ao CFE por contribuinte;671302;N;9;COD_CNAE_PRIMARIO;NUMBER;22;Y;0;6;330;0;NO;Código de setor de atividade primária; (: )
exanfecorp;NFECORP;ODS_CONTRIBUINTE_CFE;Tabela com informações referentes ao CFE por contribuinte;671302;N;11;COD_CNAE_SECUNDARIO;NUMBER;22;Y;0;5;523;235584;NO;Código de setor de atividade secundário; (: )
exanfecorp;NFECORP;ODS_CONTRIBUINTE_CFE;Tabela com informações referentes ao CFE por contribuinte;671302;N;13;COD_CNAE_SECUNDARIO2;NUMBER;22;Y;0;3;514;410485;NO;Código de setor de atividade secundário2; (: )
exanfecorp;NFECORP;ODS_CONTRIBUINTE_CFE;Tabela com informações referentes ao CFE por contribuinte;671302;N;3;COD_CNPJ;NUMBER;22;Y;0;9;31996;0;NO;Código CNPJ; (: )
exanfecorp;NFECORP;ODS_CONTRIBUINTE_CFE;Tabela com informações referentes ao CFE por contribuinte;671302;N;4;DAT_INICIO_ATIVIDADE;DATE;7;Y;;8;8598;0;NO;Representa a data da inscrição do contribuinte no Estado do Ceará; (: )
exanfecorp;NFECORP;ODS_CONTRIBUINTE_CFE;Tabela com informações referentes ao CFE por contribuinte;671302;N;8;DSC_CNAE_NACIONAL;VARCHAR2;60;Y;;61;411;0;NO;Descrição do CNAE nacional; (: )
exanfecorp;NFECORP;ODS_CONTRIBUINTE_CFE;Tabela com informações referentes ao CFE por contribuinte;671302;N;10;DSC_CNAE_PRIMARIO;VARCHAR2;60;Y;;61;323;0;NO;Descrição do CNAE primário; (: )
exanfecorp;NFECORP;ODS_CONTRIBUINTE_CFE;Tabela com informações referentes ao CFE por contribuinte;671302;N;12;DSC_CNAE_SECUNDARIO;VARCHAR2;60;Y;;40;512;235584;NO;Descrição do CNAE secundário; (: )
exanfecorp;NFECORP;ODS_CONTRIBUINTE_CFE;Tabela com informações referentes ao CFE por contribuinte;671302;N;14;DSC_CNAE_SECUNDARIO2;VARCHAR2;60;Y;;25;502;410485;NO;Descrição do CNAE secundário2; (: )
exanfecorp;NFECORP;ODS_CONTRIBUINTE_CFE;Tabela com informações referentes ao CFE por contribuinte;671302;N;20;DSC_MUNICIPIO;VARCHAR2;60;Y;;11;184;0;NO;Município de registro do contribuinte; (: )
exanfecorp;NFECORP;ODS_CONTRIBUINTE_CFE;Tabela com informações referentes ao CFE por contribuinte;671302;N;21;DSC_NATUREZA_JURIDICA;VARCHAR2;30;Y;;31;10;0;NO;Natureza Jurídica ; (: )
exanfecorp;NFECORP;ODS_CONTRIBUINTE_CFE;Tabela com informações referentes ao CFE por contribuinte;671302;N;18;DSC_PORTE;VARCHAR2;30;Y;;14;2;0;NO;Porte da empresa; (: )
exanfecorp;NFECORP;ODS_CONTRIBUINTE_CFE;Tabela com informações referentes ao CFE por contribuinte;671302;N;17;DSC_REGIME_TRIBUTARIO;VARCHAR2;30;Y;;8;2;0;NO;Regime de Recolhimento; (: )
exanfecorp;NFECORP;ODS_CONTRIBUINTE_CFE;Tabela com informações referentes ao CFE por contribuinte;671302;N;5;NUM_ANO;NUMBER;22;N;0;4;4;0;NO;Ano da nota;PK_ODS_CONTRIBUINTE_CFE (PRIMARY KEY: ENABLED)- SYS_C00196970 (C: ENABLED)
exanfecorp;NFECORP;ODS_CONTRIBUINTE_CFE;Tabela com informações referentes ao CFE por contribuinte;671302;N;6;NUM_MES;NUMBER;22;N;0;3;12;0;NO;Mês da nota;PK_ODS_CONTRIBUINTE_CFE (PRIMARY KEY: ENABLED)- SYS_C00196971 (C: ENABLED)
exanfecorp;NFECORP;ODS_CONTRIBUINTE_CFE;Tabela com informações referentes ao CFE por contribuinte;671302;N;32;QTD_DIVERGENCIA_CFE_CST;NUMBER;22;Y;0;0;0;671302;NO;Quantidade divergência do CFE x CST; (: )
exanfecorp;NFECORP;ODS_CONTRIBUINTE_CFE;Tabela com informações referentes ao CFE por contribuinte;671302;N;30;QTD_DIVERGENCIA_CFE_EFD;NUMBER;22;Y;0;3;319;204837;NO;Quantidade divergência do CFE x EFD; (: )
exanfecorp;NFECORP;ODS_CONTRIBUINTE_CFE;Tabela com informações referentes ao CFE por contribuinte;671302;N;23;QTD_TRANS_CFE;NUMBER;22;Y;0;3;23524;183665;NO;Quantidade de CFE emitidas ; (: )
exanfecorp;NFECORP;ODS_CONTRIBUINTE_CFE;Tabela com informações referentes ao CFE por contribuinte;671302;N;24;QTD_VENDAS_CFE_CPF;NUMBER;22;Y;0;2;6426;444111;NO;Quantidade de vendas do CFE; (: )
exanfecorp;NFECORP;ODS_CONTRIBUINTE_CFE;Tabela com informações referentes ao CFE por contribuinte;671302;N;1;SEQ_CONTRIBUINTE;NUMBER;22;N;0;5;32748;0;NO;Sequencial do contribuinte da tabela de cadastro;PK_ODS_CONTRIBUINTE_CFE (PRIMARY KEY: ENABLED)- SYS_C00196969 (C: ENABLED)
exanfecorp;NFECORP;ODS_CONTRIBUINTE_CFE;Tabela com informações referentes ao CFE por contribuinte;671302;N;16;STA_ADOTOU_MFE;NUMBER;22;Y;0;3;2;0;NO;Valor 1 adotou e 0 não adotou; (: )
exanfecorp;NFECORP;ODS_CONTRIBUINTE_CFE;Tabela com informações referentes ao CFE por contribuinte;671302;N;22;STA_CONTADOR;NUMBER;22;Y;0;3;2;0;NO;"Valor 1 indica que o contribuinte tem contador registrado no cadastro e 0 indica o contrário
"; (: )
exanfecorp;NFECORP;ODS_CONTRIBUINTE_CFE;Tabela com informações referentes ao CFE por contribuinte;671302;N;15;STA_MFE_OBRIGATORIO;NUMBER;22;Y;0;3;2;0;NO;Valor 1 é obrigatório e 0 não obrigatoriedade; (: )
exanfecorp;NFECORP;ODS_CONTRIBUINTE_CFE;Tabela com informações referentes ao CFE por contribuinte;671302;N;25;VLR_ARRECADACAO;NUMBER;22;Y;2;4;256032;254443;NO;Valor recolhido pelo contribuinte; (: )
exanfecorp;NFECORP;ODS_CONTRIBUINTE_CFE;Tabela com informações referentes ao CFE por contribuinte;671302;N;19;VLR_CAPITAL_SOCIAL;NUMBER;22;Y;2;3;845;184494;NO;Valor do Capital Social do Contribuinte; (: )
exanfecorp;NFECORP;ODS_CONTRIBUINTE_CFE;Tabela com informações referentes ao CFE por contribuinte;671302;N;28;VLR_DECLARACAO_EFD;NUMBER;22;Y;2;3;224096;444273;NO;Valor da Declaração do EFD; (: )
exanfecorp;NFECORP;ODS_CONTRIBUINTE_CFE;Tabela com informações referentes ao CFE por contribuinte;671302;N;27;VLR_DECLARACAO_PGDAS;NUMBER;22;Y;2;4;376768;225527;NO;Valor da Declaração do PGDAS; (: )
exanfecorp;NFECORP;ODS_CONTRIBUINTE_CFE;Tabela com informações referentes ao CFE por contribuinte;671302;N;31;VLR_DIVERGENCIA_CFE_CST;NUMBER;22;Y;2;2;1610;668455;NO;Valor de divergência do CFE x CST; (: )
exanfecorp;NFECORP;ODS_CONTRIBUINTE_CFE;Tabela com informações referentes ao CFE por contribuinte;671302;N;29;VLR_DIVERGENCIA_CFE_EFD;NUMBER;22;Y;2;4;265216;204837;NO;Valor de divergência do CFE x EFD; (: )
exanfecorp;NFECORP;ODS_CONTRIBUINTE_CFE;Tabela com informações referentes ao CFE por contribuinte;671302;N;33;VLR_VENDAS_CFE;NUMBER;22;Y;2;5;443520;183665;NO;; (: )
exanfecorp;NFECORP;ODS_CONTRIBUINTE_CFE;Tabela com informações referentes ao CFE por contribuinte;671302;N;26;VLR_VENDAS_FORNECEDORES;NUMBER;22;Y;2;6;615040;26888;NO;Valores de vendas aos contribuintes; (: )
exanfecorp;NFECORP;ODS_CONTRIBUINTE_NFCE;Tabela com informações referentes a NFCE por contribuinte;83775;N;2;COD_CGF;NUMBER;22;Y;0;6;7071;0;NO;Código do CGF; (: )
exanfecorp;NFECORP;ODS_CONTRIBUINTE_NFCE;Tabela com informações referentes a NFCE por contribuinte;83775;N;7;COD_CNAE_NACIONAL;NUMBER;22;Y;0;6;178;33;NO;Código de setor de atividade nacional; (: )
exanfecorp;NFECORP;ODS_CONTRIBUINTE_NFCE;Tabela com informações referentes a NFCE por contribuinte;83775;N;9;COD_CNAE_PRIMARIO;NUMBER;22;Y;0;6;139;33;NO;Código de setor de atividade primária; (: )
exanfecorp;NFECORP;ODS_CONTRIBUINTE_NFCE;Tabela com informações referentes a NFCE por contribuinte;83775;N;11;COD_CNAE_SECUNDARIO;NUMBER;22;Y;0;4;269;31257;NO;Código de setor de atividade secundário; (: )
exanfecorp;NFECORP;ODS_CONTRIBUINTE_NFCE;Tabela com informações referentes a NFCE por contribuinte;83775;N;13;COD_CNAE_SECUNDARIO2;NUMBER;22;Y;0;3;244;53758;NO;Código de setor de atividade secundário2; (: )
exanfecorp;NFECORP;ODS_CONTRIBUINTE_NFCE;Tabela com informações referentes a NFCE por contribuinte;83775;N;3;COD_CNPJ;NUMBER;22;Y;0;9;6960;0;NO;Código CNPJ; (: )
exanfecorp;NFECORP;ODS_CONTRIBUINTE_NFCE;Tabela com informações referentes a NFCE por contribuinte;83775;N;4;DAT_INICIO_ATIVIDADE;DATE;7;Y;;8;4368;0;NO;Representa a data da inscrição do contribuinte no Estado do Ceará; (: )
exanfecorp;NFECORP;ODS_CONTRIBUINTE_NFCE;Tabela com informações referentes a NFCE por contribuinte;83775;N;8;DSC_CNAE_NACIONAL;VARCHAR2;60;Y;;61;173;33;NO;Descrição do CNAE nacional; (: )
exanfecorp;NFECORP;ODS_CONTRIBUINTE_NFCE;Tabela com informações referentes a NFCE por contribuinte;83775;N;10;DSC_CNAE_PRIMARIO;VARCHAR2;60;Y;;61;134;33;NO;Descrição do CNAE primário; (: )
exanfecorp;NFECORP;ODS_CONTRIBUINTE_NFCE;Tabela com informações referentes a NFCE por contribuinte;83775;N;12;DSC_CNAE_SECUNDARIO;VARCHAR2;60;Y;;39;262;31257;NO;Descrição do CNAE secundário; (: )
exanfecorp;NFECORP;ODS_CONTRIBUINTE_NFCE;Tabela com informações referentes a NFCE por contribuinte;83775;N;14;DSC_CNAE_SECUNDARIO2;VARCHAR2;60;Y;;23;238;53758;NO;Descrição do CNAE secundário2; (: )
exanfecorp;NFECORP;ODS_CONTRIBUINTE_NFCE;Tabela com informações referentes a NFCE por contribuinte;83775;N;20;DSC_MUNICIPIO;VARCHAR2;60;Y;;11;183;0;NO;Município de registro do contribuinte; (: )
exanfecorp;NFECORP;ODS_CONTRIBUINTE_NFCE;Tabela com informações referentes a NFCE por contribuinte;83775;N;21;DSC_NATUREZA_JURIDICA;VARCHAR2;30;Y;;31;9;0;NO;Natureza Jurídica ; (: )
exanfecorp;NFECORP;ODS_CONTRIBUINTE_NFCE;Tabela com informações referentes a NFCE por contribuinte;83775;N;18;DSC_PORTE;VARCHAR2;30;Y;;14;2;0;NO;Porte da empresa; (: )
exanfecorp;NFECORP;ODS_CONTRIBUINTE_NFCE;Tabela com informações referentes a NFCE por contribuinte;83775;N;17;DSC_REGIME_TRIBUTARIO;VARCHAR2;30;Y;;8;2;0;NO;Regime de Recolhimento; (: )
exanfecorp;NFECORP;ODS_CONTRIBUINTE_NFCE;Tabela com informações referentes a NFCE por contribuinte;83775;N;5;NUM_ANO;NUMBER;22;N;0;4;4;0;NO;Ano da nota;PK_ODS_CONTRIBUINTE_NFCE (PRIMARY KEY: ENABLED)- SYS_C00196974 (C: ENABLED)
exanfecorp;NFECORP;ODS_CONTRIBUINTE_NFCE;Tabela com informações referentes a NFCE por contribuinte;83775;N;6;NUM_MES;NUMBER;22;N;0;3;12;0;NO;Mês da nota;PK_ODS_CONTRIBUINTE_NFCE (PRIMARY KEY: ENABLED)- SYS_C00196975 (C: ENABLED)
exanfecorp;NFECORP;ODS_CONTRIBUINTE_NFCE;Tabela com informações referentes a NFCE por contribuinte;83775;N;23;QTD_TRANS_NFCE;NUMBER;22;Y;0;2;3127;58122;NO;Quantidade de NFCE; (: )
exanfecorp;NFECORP;ODS_CONTRIBUINTE_NFCE;Tabela com informações referentes a NFCE por contribuinte;83775;N;1;SEQ_CONTRIBUINTE;NUMBER;22;N;0;5;7071;0;NO;Sequencial do contribuinte da tabela de cadastro;PK_ODS_CONTRIBUINTE_NFCE (PRIMARY KEY: ENABLED)- SYS_C00196973 (C: ENABLED)
exanfecorp;NFECORP;ODS_CONTRIBUINTE_NFCE;Tabela com informações referentes a NFCE por contribuinte;83775;N;16;STA_ADOTOU_MFE;NUMBER;22;Y;0;3;2;0;NO;Valor 1 adotou e 0 não adotou; (: )
exanfecorp;NFECORP;ODS_CONTRIBUINTE_NFCE;Tabela com informações referentes a NFCE por contribuinte;83775;N;22;STA_CONTADOR;NUMBER;22;Y;0;3;2;0;NO;"Valor 1 indica que o contribuinte tem contador registrado no cadastro e 0 indica o contrário
"; (: )
exanfecorp;NFECORP;ODS_CONTRIBUINTE_NFCE;Tabela com informações referentes a NFCE por contribuinte;83775;N;15;STA_MFE_OBRIGATORIO;NUMBER;22;Y;0;3;2;0;NO;Valor 1 é obrigatório e 0 não obrigatoriedade; (: )
exanfecorp;NFECORP;ODS_CONTRIBUINTE_NFCE;Tabela com informações referentes a NFCE por contribuinte;83775;N;25;VLR_ARRECADACAO;NUMBER;22;Y;2;4;38076;36514;NO;Valor recolhido pelo contribuinte; (: )
exanfecorp;NFECORP;ODS_CONTRIBUINTE_NFCE;Tabela com informações referentes a NFCE por contribuinte;83775;N;19;VLR_CAPITAL_SOCIAL;NUMBER;22;Y;2;3;282;22690;NO;Valor do Capital Social do Contribuinte; (: )
exanfecorp;NFECORP;ODS_CONTRIBUINTE_NFCE;Tabela com informações referentes a NFCE por contribuinte;83775;N;28;VLR_DECLARACAO_EFD;NUMBER;22;Y;2;2;8803;74894;NO;Valor da Declaração do EFD; (: )
exanfecorp;NFECORP;ODS_CONTRIBUINTE_NFCE;Tabela com informações referentes a NFCE por contribuinte;83775;N;27;VLR_DECLARACAO_PGDAS;NUMBER;22;Y;2;4;49632;25991;NO;Valor da Declaração do PGDAS; (: )
exanfecorp;NFECORP;ODS_CONTRIBUINTE_NFCE;Tabela com informações referentes a NFCE por contribuinte;83775;N;26;VLR_VENDAS_FORNECEDORES;NUMBER;22;Y;2;6;79520;1858;NO;Valores de vendas aos contribuintes; (: )
exanfecorp;NFECORP;ODS_CONTRIBUINTE_NFCE;Tabela com informações referentes a NFCE por contribuinte;83775;N;24;VLR_VENDAS_NFCE;NUMBER;22;Y;2;3;24182;58122;NO;Somatório dos valores das vendas com NFCE; (: )
exanfecorp;NFECORP;ODS_CONTRIBUINTE_NFE;Tabela com informações referentes a NFE por contribuinte;469959;N;2;COD_CGF;NUMBER;22;Y;0;6;19350;0;NO;Código do CGF; (: )
exanfecorp;NFECORP;ODS_CONTRIBUINTE_NFE;Tabela com informações referentes a NFE por contribuinte;469959;N;7;COD_CNAE_NACIONAL;NUMBER;22;Y;0;6;503;0;NO;Código de setor de atividade nacional; (: )
exanfecorp;NFECORP;ODS_CONTRIBUINTE_NFE;Tabela com informações referentes a NFE por contribuinte;469959;N;9;COD_CNAE_PRIMARIO;NUMBER;22;Y;0;6;375;0;NO;Código de setor de atividade primária; (: )
exanfecorp;NFECORP;ODS_CONTRIBUINTE_NFE;Tabela com informações referentes a NFE por contribuinte;469959;N;11;COD_CNAE_SECUNDARIO;NUMBER;22;Y;0;6;594;0;NO;Código de setor de atividade secundário; (: )
exanfecorp;NFECORP;ODS_CONTRIBUINTE_NFE;Tabela com informações referentes a NFE por contribuinte;469959;N;13;COD_CNAE_SECUNDARIO2;NUMBER;22;Y;0;6;663;0;NO;Código de setor de atividade secundário2; (: )
exanfecorp;NFECORP;ODS_CONTRIBUINTE_NFE;Tabela com informações referentes a NFE por contribuinte;469959;N;3;COD_CNPJ;NUMBER;22;Y;0;9;19054;0;NO;Código CNPJ; (: )
exanfecorp;NFECORP;ODS_CONTRIBUINTE_NFE;Tabela com informações referentes a NFE por contribuinte;469959;N;4;DAT_INICIO_ATIVIDADE;DATE;7;Y;;8;5787;0;NO;Representa a data da inscrição do contribuinte no Estado do Ceará; (: )
exanfecorp;NFECORP;ODS_CONTRIBUINTE_NFE;Tabela com informações referentes a NFE por contribuinte;469959;N;8;DSC_CNAE_NACIONAL;VARCHAR2;60;Y;;53;887;0;NO;Descrição do CNAE nacional; (: )
exanfecorp;NFECORP;ODS_CONTRIBUINTE_NFE;Tabela com informações referentes a NFE por contribuinte;469959;N;10;DSC_CNAE_PRIMARIO;VARCHAR2;60;Y;;53;691;0;NO;Descrição do CNAE primário; (: )
exanfecorp;NFECORP;ODS_CONTRIBUINTE_NFE;Tabela com informações referentes a NFE por contribuinte;469959;N;12;DSC_CNAE_SECUNDARIO;VARCHAR2;60;Y;;51;1024;0;NO;Descrição do CNAE secundário; (: )
exanfecorp;NFECORP;ODS_CONTRIBUINTE_NFE;Tabela com informações referentes a NFE por contribuinte;469959;N;14;DSC_CNAE_SECUNDARIO2;VARCHAR2;60;Y;;51;1168;0;NO;Descrição do CNAE secundário2; (: )
exanfecorp;NFECORP;ODS_CONTRIBUINTE_NFE;Tabela com informações referentes a NFE por contribuinte;469959;N;20;DSC_MUNICIPIO;VARCHAR2;60;Y;;11;349;0;NO;Município de registro do contribuinte; (: )
exanfecorp;NFECORP;ODS_CONTRIBUINTE_NFE;Tabela com informações referentes a NFE por contribuinte;469959;N;21;DSC_NATUREZA_JURIDICA;VARCHAR2;30;Y;;25;13;0;NO;Natureza Jurídica ; (: )
exanfecorp;NFECORP;ODS_CONTRIBUINTE_NFE;Tabela com informações referentes a NFE por contribuinte;469959;N;18;DSC_PORTE;VARCHAR2;30;Y;;14;2;0;NO;Porte da empresa; (: )
exanfecorp;NFECORP;ODS_CONTRIBUINTE_NFE;Tabela com informações referentes a NFE por contribuinte;469959;N;17;DSC_REGIME_TRIBUTARIO;VARCHAR2;30;Y;;8;2;0;NO;Regime de Recolhimento; (: )
exanfecorp;NFECORP;ODS_CONTRIBUINTE_NFE;Tabela com informações referentes a NFE por contribuinte;469959;N;5;NUM_ANO;NUMBER;22;N;0;4;4;0;NO;Ano da nota;PK_ODS_CONTRIBUINTE_NFE (PRIMARY KEY: ENABLED)- SYS_C00196966 (C: ENABLED)
exanfecorp;NFECORP;ODS_CONTRIBUINTE_NFE;Tabela com informações referentes a NFE por contribuinte;469959;N;6;NUM_MES;NUMBER;22;N;0;3;12;0;NO;Mês da nota;PK_ODS_CONTRIBUINTE_NFE (PRIMARY KEY: ENABLED)- SYS_C00196967 (C: ENABLED)
exanfecorp;NFECORP;ODS_CONTRIBUINTE_NFE;Tabela com informações referentes a NFE por contribuinte;469959;N;25;NUM_TRANS_NFE_NFA;NUMBER;22;Y;0;3;3618;132797;NO;Quantidade de NFE/NFA emitidas ; (: )
exanfecorp;NFECORP;ODS_CONTRIBUINTE_NFE;Tabela com informações referentes a NFE por contribuinte;469959;N;23;NUM_TRANS_NFE_NFA_CONS_FINAL;NUMBER;22;Y;0;3;2932;216451;NO;Quantidade de NFE/NFA emitidas para consumidor final; (: )
exanfecorp;NFECORP;ODS_CONTRIBUINTE_NFE;Tabela com informações referentes a NFE por contribuinte;469959;N;34;QTD_DIVERGENCIA_CFE_CST;NUMBER;22;Y;0;0;0;469959;NO;Quantidade divergência do CFE x CST; (: )
exanfecorp;NFECORP;ODS_CONTRIBUINTE_NFE;Tabela com informações referentes a NFE por contribuinte;469959;N;32;QTD_DIVERGENCIA_CFE_EFD;NUMBER;22;Y;0;0;0;469959;NO;Quantidade divergência do CFE x EFD; (: )
exanfecorp;NFECORP;ODS_CONTRIBUINTE_NFE;Tabela com informações referentes a NFE por contribuinte;469959;N;1;SEQ_CONTRIBUINTE;NUMBER;22;N;0;5;19256;0;NO;Sequencial do contribuinte da tabela de cadastro;PK_ODS_CONTRIBUINTE_NFE (PRIMARY KEY: ENABLED)- SYS_C00196965 (C: ENABLED)
exanfecorp;NFECORP;ODS_CONTRIBUINTE_NFE;Tabela com informações referentes a NFE por contribuinte;469959;N;16;STA_ADOTOU_MFE;NUMBER;22;Y;0;3;2;0;NO;Valor 1 adotou e 0 não adotou; (: )
exanfecorp;NFECORP;ODS_CONTRIBUINTE_NFE;Tabela com informações referentes a NFE por contribuinte;469959;N;22;STA_CONTADOR;NUMBER;22;Y;0;3;2;0;NO;"Valor 1 indica que o contribuinte tem contador registrado no cadastro e 0 indica o contrário
"; (: )
exanfecorp;NFECORP;ODS_CONTRIBUINTE_NFE;Tabela com informações referentes a NFE por contribuinte;469959;N;15;STA_MFE_OBRIGATORIO;NUMBER;22;Y;0;3;2;0;NO;Valor 1 é obrigatório e 0 não obrigatoriedade; (: )
exanfecorp;NFECORP;ODS_CONTRIBUINTE_NFE;Tabela com informações referentes a NFE por contribuinte;469959;N;27;VLR_ARRECADACAO;NUMBER;22;Y;2;4;195616;185640;NO;Valor recolhido pelo contribuinte; (: )
exanfecorp;NFECORP;ODS_CONTRIBUINTE_NFE;Tabela com informações referentes a NFE por contribuinte;469959;N;19;VLR_CAPITAL_SOCIAL;NUMBER;22;Y;2;3;683;85161;NO;Valor do Capital Social do Contribuinte; (: )
exanfecorp;NFECORP;ODS_CONTRIBUINTE_NFE;Tabela com informações referentes a NFE por contribuinte;469959;N;30;VLR_DECLARACAO_EFD;NUMBER;22;Y;2;3;141600;312021;NO;Valor da Declaração do EFD; (: )
exanfecorp;NFECORP;ODS_CONTRIBUINTE_NFE;Tabela com informações referentes a NFE por contribuinte;469959;N;29;VLR_DECLARACAO_PGDAS;NUMBER;22;Y;2;4;228480;168630;NO;Valor da Declaração do PGDAS; (: )
exanfecorp;NFECORP;ODS_CONTRIBUINTE_NFE;Tabela com informações referentes a NFE por contribuinte;469959;N;33;VLR_DIVERGENCIA_CFE_CST;NUMBER;22;Y;2;0;0;469959;NO;Valor de divergência do CFE x CST; (: )
exanfecorp;NFECORP;ODS_CONTRIBUINTE_NFE;Tabela com informações referentes a NFE por contribuinte;469959;N;31;VLR_DIVERGENCIA_CFE_EFD;NUMBER;22;Y;2;0;0;469959;NO;Valor de divergência do CFE x EFD; (: )
exanfecorp;NFECORP;ODS_CONTRIBUINTE_NFE;Tabela com informações referentes a NFE por contribuinte;469959;N;28;VLR_VENDAS_FORNECEDORES;NUMBER;22;Y;2;6;419200;30979;NO;Valores de vendas aos contribuintes; (: )
exanfecorp;NFECORP;ODS_CONTRIBUINTE_NFE;Tabela com informações referentes a NFE por contribuinte;469959;N;26;VLR_VENDAS_NFE_NFA;NUMBER;22;Y;2;5;264192;132797;NO;Somatório dos valores das vendas com NFE/NFA ; (: )
exanfecorp;NFECORP;ODS_CONTRIBUINTE_NFE;Tabela com informações referentes a NFE por contribuinte;469959;N;24;VLR_VENDAS_NFE_NFA_CONS_FINAL;NUMBER;22;Y;2;4;193552;216451;NO;Somatório dos valores das vendas com NFE/NFA para consumidor final; (: )
exanfecorp;NFECORP;PAGAMENTO;Dados de Pagamento. Obrigatório apenas para (NFC-e) NT 2012/004;1394868143;N;6;COD_AUTORIZACAO;VARCHAR2;128;Y;;2;30818304;1306283286;NO;Número de autorização da operação cartão de crédito/débito; (: )
exanfecorp;NFECORP;PAGAMENTO;Dados de Pagamento. Obrigatório apenas para (NFC-e) NT 2012/004;1394868143;N;12;COD_TERMINAL_PAGAMENTO;VARCHAR2;40;Y;;2;37864;1394459116;NO;Identificar o terminal em que foi realizado o pagamento; (: )
exanfecorp;NFECORP;PAGAMENTO;Dados de Pagamento. Obrigatório apenas para (NFC-e) NT 2012/004;1394868143;N;10;DSC_MEIO_PAGAMENTO;VARCHAR2;60;Y;;2;11032;1376849687;NO;Descrição do meio de pagamento. Preencher informando o meio de pagamento utilizado quando o código do meio de pagamento for informado como 99-outros.; (: )
exanfecorp;NFECORP;PAGAMENTO;Dados de Pagamento. Obrigatório apenas para (NFC-e) NT 2012/004;1394868143;N;4;NUM_CNPJ_CARD;NUMBER;22;Y;0;2;16000;1301507590;NO;CNPJ da credenciadora de cartão de crédito/débito; (: )
exanfecorp;NFECORP;PAGAMENTO;Dados de Pagamento. Obrigatório apenas para (NFC-e) NT 2012/004;1394868143;N;13;NUM_CNPJ_CARD_A;VARCHAR2;14;Y;;2;13236;1347348143;NO;Documento convertido para texto com padronizacao em 14 posicoes e zeros a esquerda; (: )
exanfecorp;NFECORP;PAGAMENTO;Dados de Pagamento. Obrigatório apenas para (NFC-e) NT 2012/004;1394868143;N;11;NUM_CNPJ_TRANS_PAGAMENTO;NUMBER;22;Y;0;2;23696;1393317266;NO;Preencher informando o CNPJ do estabelecimento onde o pagamento foi processado/transacionado/recebido quando a emissão do documento fiscal ocorrer em estabelecimento distinto.; (: )
exanfecorp;NFECORP;PAGAMENTO;Dados de Pagamento. Obrigatório apenas para (NFC-e) NT 2012/004;1394868143;N;14;NUM_CNPJ_TRANS_PAGAMENTO_A;VARCHAR2;14;Y;;0;0;1394868143;NO;Documento convertido para texto com padronizacao em 14 posicoes e zeros a esquerda; (: )
exanfecorp;NFECORP;PAGAMENTO;Dados de Pagamento. Obrigatório apenas para (NFC-e) NT 2012/004;1394868143;N;9;SEQ_NOTA_FISCAL;NUMBER;22;N;0;10;1332477952;0;NO;sequencial da NFE;FK_NFE_R_PAGAMENTO (FOREIGN KEY: ENABLED)- SYS_C00187497 (C: ENABLED)
exanfecorp;NFECORP;PAGAMENTO;Dados de Pagamento. Obrigatório apenas para (NFC-e) NT 2012/004;1394868143;N;1;SEQ_PAGAMENTO;NUMBER;22;N;0;7;1394868143;0;NO;Sequencial;PK_PAGAMENTO (PRIMARY KEY: ENABLED)- SYS_C00179048 (C: ENABLED)
exanfecorp;NFECORP;PAGAMENTO;Dados de Pagamento. Obrigatório apenas para (NFC-e) NT 2012/004;1394868143;N;5;TIP_BAND_CARD;NUMBER;22;Y;0;2;29;1291658009;NO;"Bandeira da operadora de cartão de crédito/débito:01–Visa; 02–Mastercard; 03–American Express; 04–Sorocred; 99–Outros"; (: )
exanfecorp;NFECORP;PAGAMENTO;Dados de Pagamento. Obrigatório apenas para (NFC-e) NT 2012/004;1394868143;N;7;TIP_INTEGRACAO;NUMBER;22;Y;0;2;2;1252462535;NO;"Tipo de Integração do processo de pagamento com o sistema de automação da empresa/ 
1=Pagamento integrado com o sistema de automação da empresa Ex. equipamento TEF , Comercio Eletronico				
2=Pagamento não integrado com o sistema de automação da empresa Ex: equipamento POS"; (: )
exanfecorp;NFECORP;PAGAMENTO;Dados de Pagamento. Obrigatório apenas para (NFC-e) NT 2012/004;1394868143;N;2;TIP_PAGAMENTO;NUMBER;22;Y;0;3;24;0;NO;"Forma de Pagamento:01-Dinheiro;02-Cheque;03-Cartão de Crédito;04-Cartão de Débito;05-Crédito Loja;10-Vale Alimentação;11-Vale Refeição;12-Vale Presente;13-Vale Combustível;99 - Outros"; (: )
exanfecorp;NFECORP;PAGAMENTO;Dados de Pagamento. Obrigatório apenas para (NFC-e) NT 2012/004;1394868143;N;3;VLR_PAGAMENTO;NUMBER;22;Y;2;4;9576448;0;NO;Valor do Pagamento; (: )
exanfecorp;NFECORP;PAGAMENTO;Dados de Pagamento. Obrigatório apenas para (NFC-e) NT 2012/004;1394868143;N;8;VLR_TROCO;NUMBER;22;Y;2;2;183456;1298378869;NO;Valor do troco; (: )
exanfecorp;NFECORP;PRE_PROCESSAMENTO;Tabela utilizada para realização de pé-processamento da verificação de faturamento de contribuintes;34746;N;7;DAT_FINAL;TIMESTAMP(6);11;Y;6;11;619;0;NO;Data inicial do periodo que será pré-processado; (: )
exanfecorp;NFECORP;PRE_PROCESSAMENTO;Tabela utilizada para realização de pé-processamento da verificação de faturamento de contribuintes;34746;N;10;DAT_FINAL_PROCESSANDO;TIMESTAMP(6);11;Y;6;11;619;0;NO;Data final do mes de referencia; (: )
exanfecorp;NFECORP;PRE_PROCESSAMENTO;Tabela utilizada para realização de pé-processamento da verificação de faturamento de contribuintes;34746;N;6;DAT_INICIO;TIMESTAMP(6);11;Y;6;11;617;0;NO;Data inicio mes de referencia; (: )
exanfecorp;NFECORP;PRE_PROCESSAMENTO;Tabela utilizada para realização de pé-processamento da verificação de faturamento de contribuintes;34746;N;9;DAT_INICIO_PROCESSANDO;TIMESTAMP(6);11;Y;6;11;329;0;NO;Data definida para informar a data de referência desde a data inicial; (: )
exanfecorp;NFECORP;PRE_PROCESSAMENTO;Tabela utilizada para realização de pé-processamento da verificação de faturamento de contribuintes;34746;N;5;DAT_SOLICITACAO;TIMESTAMP(6);11;Y;6;11;34564;0;NO;Data inicial da solicitação; (: )
exanfecorp;NFECORP;PRE_PROCESSAMENTO;Tabela utilizada para realização de pé-processamento da verificação de faturamento de contribuintes;34746;N;8;DSC_MES_ANO_REFERENCIA;VARCHAR2;7;Y;;5;14;12646;NO;Mês e ano que está sendo processado; (: )
exanfecorp;NFECORP;PRE_PROCESSAMENTO;Tabela utilizada para realização de pé-processamento da verificação de faturamento de contribuintes;34746;N;3;NUM_ANO;NUMBER;22;Y;0;4;3;0;NO;Ano de referência na abertura da solicitação; (: )
exanfecorp;NFECORP;PRE_PROCESSAMENTO;Tabela utilizada para realização de pé-processamento da verificação de faturamento de contribuintes;34746;N;2;NUM_CNPJ;NUMBER;22;Y;0;6;21578;0;NO;CNPJ de referência do contribuinte na abertura da solicitação; (: )
exanfecorp;NFECORP;PRE_PROCESSAMENTO;Tabela utilizada para realização de pé-processamento da verificação de faturamento de contribuintes;34746;N;29;NUM_CNPJ_A;VARCHAR2;14;Y;;0;0;34746;NO;Documento convertido para texto com padronizacao em 14 posicoes e zeros a esquerda; (: )
exanfecorp;NFECORP;PRE_PROCESSAMENTO;Tabela utilizada para realização de pé-processamento da verificação de faturamento de contribuintes;34746;N;28;NUM_VERSAO;VARCHAR2;8;Y;;3;2;25387;NO;Versao aplicacao; (: )
exanfecorp;NFECORP;PRE_PROCESSAMENTO;Tabela utilizada para realização de pé-processamento da verificação de faturamento de contribuintes;34746;N;1;SEQ_PRE_PROCESSAMENTO;NUMBER;22;N;0;5;34746;0;NO;Sequencial da tabela;PK_PRE_PROCESSAMENTO (PRIMARY KEY: ENABLED)- SYS_C00199404 (C: ENABLED)
exanfecorp;NFECORP;PRE_PROCESSAMENTO;Tabela utilizada para realização de pé-processamento da verificação de faturamento de contribuintes;34746;N;11;STA_MES;NUMBER;22;Y;0;3;3;0;NO;Status de processamento do mês; (: )
exanfecorp;NFECORP;PRE_PROCESSAMENTO;Tabela utilizada para realização de pé-processamento da verificação de faturamento de contribuintes;34746;N;4;STA_PRE_PROCESSAMENTO;NUMBER;22;Y;0;3;1;0;NO;Status de processamento da solicitação de pré-processamento; (: )
exanfecorp;NFECORP;PRE_PROCESSAMENTO;Tabela utilizada para realização de pé-processamento da verificação de faturamento de contribuintes;34746;N;13;STA_VLR_NFCE;NUMBER;22;Y;0;3;3;0;NO;Status processamento valor nfce; (: )
exanfecorp;NFECORP;PRE_PROCESSAMENTO;Tabela utilizada para realização de pé-processamento da verificação de faturamento de contribuintes;34746;N;19;STA_VLR_REGRA_1;NUMBER;22;Y;0;3;3;0;NO;Status processamento valor regra 1; (: )
exanfecorp;NFECORP;PRE_PROCESSAMENTO;Tabela utilizada para realização de pé-processamento da verificação de faturamento de contribuintes;34746;N;21;STA_VLR_REGRA_2;NUMBER;22;Y;0;3;3;0;NO;Status processamento valor regra 2; (: )
exanfecorp;NFECORP;PRE_PROCESSAMENTO;Tabela utilizada para realização de pé-processamento da verificação de faturamento de contribuintes;34746;N;23;STA_VLR_REGRA_3;NUMBER;22;Y;0;3;3;0;NO;Status processamento valor regra 3; (: )
exanfecorp;NFECORP;PRE_PROCESSAMENTO;Tabela utilizada para realização de pé-processamento da verificação de faturamento de contribuintes;34746;N;25;STA_VLR_REGRA_4;NUMBER;22;Y;0;3;3;0;NO;Status processamento valor regra 4; (: )
exanfecorp;NFECORP;PRE_PROCESSAMENTO;Tabela utilizada para realização de pé-processamento da verificação de faturamento de contribuintes;34746;N;27;STA_VLR_REGRA_5;NUMBER;22;Y;0;3;3;0;NO;Status processamento valor regra 5; (: )
exanfecorp;NFECORP;PRE_PROCESSAMENTO;Tabela utilizada para realização de pé-processamento da verificação de faturamento de contribuintes;34746;N;15;STA_VLR_TEF;NUMBER;22;Y;0;2;1;0;NO;Status processamento valor tef; (: )
exanfecorp;NFECORP;PRE_PROCESSAMENTO;Tabela utilizada para realização de pé-processamento da verificação de faturamento de contribuintes;34746;N;17;STA_VLR_TOT_NFE;NUMBER;22;Y;0;3;3;0;NO;Status processamento valor total nfe; (: )
exanfecorp;NFECORP;PRE_PROCESSAMENTO;Tabela utilizada para realização de pé-processamento da verificação de faturamento de contribuintes;34746;N;12;VLR_NFCE;NUMBER;22;Y;2;3;3968;0;NO;Valor processamento nfce; (: )
exanfecorp;NFECORP;PRE_PROCESSAMENTO;Tabela utilizada para realização de pé-processamento da verificação de faturamento de contribuintes;34746;N;18;VLR_REGRA_1;NUMBER;22;Y;2;3;9;0;NO;Valor processamento regra 1; (: )
exanfecorp;NFECORP;PRE_PROCESSAMENTO;Tabela utilizada para realização de pé-processamento da verificação de faturamento de contribuintes;34746;N;20;VLR_REGRA_2;NUMBER;22;Y;2;3;9;0;NO;Valor processamento regra 2; (: )
exanfecorp;NFECORP;PRE_PROCESSAMENTO;Tabela utilizada para realização de pé-processamento da verificação de faturamento de contribuintes;34746;N;22;VLR_REGRA_3;NUMBER;22;Y;2;3;916;0;NO;Valor processamento regra 3; (: )
exanfecorp;NFECORP;PRE_PROCESSAMENTO;Tabela utilizada para realização de pé-processamento da verificação de faturamento de contribuintes;34746;N;24;VLR_REGRA_4;NUMBER;22;Y;2;3;309;0;NO;Valor processamento regra 4; (: )
exanfecorp;NFECORP;PRE_PROCESSAMENTO;Tabela utilizada para realização de pé-processamento da verificação de faturamento de contribuintes;34746;N;26;VLR_REGRA_5;NUMBER;22;Y;2;3;1895;0;NO;Valor processamento regra 5; (: )
exanfecorp;NFECORP;PRE_PROCESSAMENTO;Tabela utilizada para realização de pé-processamento da verificação de faturamento de contribuintes;34746;N;14;VLR_TEF;NUMBER;22;Y;2;2;1;34742;NO;Valor processamento tef; (: )
exanfecorp;NFECORP;PRE_PROCESSAMENTO;Tabela utilizada para realização de pé-processamento da verificação de faturamento de contribuintes;34746;N;16;VLR_TOT_NFE;NUMBER;22;Y;2;3;2736;0;NO;Valor processamento total nfe; (: )
exanfecorp;NFECORP;PRODUTO;Dados dos produtos e serviços da NF-e;11173121577;N;29;COD_CEST;NUMBER;22;Y;0;3;19612;6586672497;NO;Codigo especificador da Substuicao Tributaria - CEST, que identifica a mercadoria sujeita aos regimes de  substituicao tributária e de antecipação do recolhimento  do imposto; (: )
exanfecorp;NFECORP;PRODUTO;Dados dos produtos e serviços da NF-e;11173121577;N;3;COD_EAN_PROD;NUMBER;22;Y;0;7;46686208;123759;NO;GTIN (Global Trade Item Number) do produto, antigo código EAN ou código de barras; (: )
exanfecorp;NFECORP;PRODUTO;Dados dos produtos e serviços da NF-e;11173121577;N;13;COD_EAN_TRIB;NUMBER;22;Y;0;7;44490752;159521;NO;GTIN (Global Trade Item Number) da unidade tributável, antigo código EAN ou código de barras; (: )
exanfecorp;NFECORP;PRODUTO;Dados dos produtos e serviços da NF-e;11173121577;N;6;COD_EXTIPI;NUMBER;22;Y;0;2;804;10370564005;NO;Código EX TIPI (3 posições); (: )
exanfecorp;NFECORP;PRODUTO;Dados dos produtos e serviços da NF-e;11173121577;N;8;COD_FOP;NUMBER;22;Y;0;4;677;5;NO;Código Fiscal de Operações e Prestações; (: )
exanfecorp;NFECORP;PRODUTO;Dados dos produtos e serviços da NF-e;11173121577;N;32;COD_IND_BEM_MOVEL;NUMBER;22;Y;0;0;0;11173121577;NO;indBemMovelUsado - Indicador de fornecimento de bem móvel usado; (: )
exanfecorp;NFECORP;PRODUTO;Dados dos produtos e serviços da NF-e;11173121577;N;23;COD_IND_TOTAL;NUMBER;22;Y;0;3;2;558990159;NO;Este campo deverá ser preenchido com:  0  o valor do item (vProd) não compoe o valor total da NF-e (vProd)  1  É o valor do item (vProd) compoe o valor total da NF-e (vProd)(v2.0); (: )
exanfecorp;NFECORP;PRODUTO;Dados dos produtos e serviços da NF-e;11173121577;N;5;COD_NCM;NUMBER;22;Y;0;6;233696;123697375;NO;Código NCM (8 posições); (: )
exanfecorp;NFECORP;PRODUTO;Dados dos produtos e serviços da NF-e;11173121577;N;2;COD_PROD;VARCHAR2;60;Y;;9;135168000;3;NO;Código do produto ou serviço. Preencher com CFOP caso se trate de itens não relacionados com mercadorias/produto e que o contribuinte não possua codificação própria Formato CFOP9999.; (: )
exanfecorp;NFECORP;PRODUTO;Dados dos produtos e serviços da NF-e;11173121577;N;34;DSC_CHAVE_ACESSO_REF;VARCHAR2;44;Y;;0;0;11173121577;NO;DFeReferenciado>chaveAcesso - Chave de acesso do DF-e referenciado; (: )
exanfecorp;NFECORP;PRODUTO;Dados dos produtos e serviços da NF-e;11173121577;N;4;DSC_PROD;VARCHAR2;120;Y;;35;302546944;35;NO;Descrição do produto ou serviço; (: )
exanfecorp;NFECORP;PRODUTO;Dados dos produtos e serviços da NF-e;11173121577;N;26;NUM_ANO_EMISSAO;NUMBER;22;Y;0;4;20;26486;NO;; (: )
exanfecorp;NFECORP;PRODUTO;Dados dos produtos e serviços da NF-e;11173121577;N;28;NUM_FCI;VARCHAR2;50;Y;;5;8628224;10148271098;NO;Número de controle da FCI - Ficha de Conteúdo de Importação.; (: )
exanfecorp;NFECORP;PRODUTO;Dados dos produtos e serviços da NF-e;11173121577;N;7;NUM_GENERO;NUMBER;22;Y;0;2;100;10891239581;NO;Gênero do produto ou serviço. Preencher de acordo com a Tabela de Capítulos da NCM. Em caso de serviço, não incluir a TAG.; (: )
exanfecorp;NFECORP;PRODUTO;Dados dos produtos e serviços da NF-e;11173121577;N;20;NUM_ITEM_DETALHE;NUMBER;22;N;0;4;991;0;NO;Número do item do NF;PK_PRODUTO (PRIMARY KEY: ENABLED)- SYS_C00179146 (C: ENABLED)
exanfecorp;NFECORP;PRODUTO;Dados dos produtos e serviços da NF-e;11173121577;N;25;NUM_ITEM_PED;NUMBER;22;Y;0;2;985216;8784137344;NO;Número do Item do Pedido de Compra - Identificação do número do item do pedido de Compra (v2.0); (: )
exanfecorp;NFECORP;PRODUTO;Dados dos produtos e serviços da NF-e;11173121577;N;35;NUM_ITEM_REF;NUMBER;22;Y;0;0;0;11173121577;NO;DFeReferenciado>nItem - Número do item do documento referenciado; (: )
exanfecorp;NFECORP;PRODUTO;Dados dos produtos e serviços da NF-e;11173121577;N;27;NUM_RECOPI;VARCHAR2;20;Y;;2;16154;11173099747;NO;Número do RECOPI; (: )
exanfecorp;NFECORP;PRODUTO;Dados dos produtos e serviços da NF-e;11173121577;N;10;QTD_COM;NUMBER;22;Y;4;4;5038080;1403;NO;Quantidade Comercial; (: )
exanfecorp;NFECORP;PRODUTO;Dados dos produtos e serviços da NF-e;11173121577;N;15;QTD_TRIB;NUMBER;22;Y;4;4;5117440;4900;NO;Quantidade Tributável; (: )
exanfecorp;NFECORP;PRODUTO;Dados dos produtos e serviços da NF-e;11173121577;N;1;SEQ_NOTA_FISCAL;NUMBER;22;N;0;10;1669464064;0;NO;SEQ_NOTA_FISCAL;FK_NFE_R_PRODUTO (FOREIGN KEY: ENABLED)- PK_PRODUTO (PRIMARY KEY: ENABLED)- SYS_C00179145 (C: ENABLED)
exanfecorp;NFECORP;PRODUTO;Dados dos produtos e serviços da NF-e;11173121577;N;36;TIP_CLA_SUB_IBS_ZFM;NUMBER;22;Y;0;0;0;11173121577;NO;pCredPresIBSZFM - Classificação para subapuração do IBS na ZFM; (: )
exanfecorp;NFECORP;PRODUTO;Dados dos produtos e serviços da NF-e;11173121577;N;21;TXT_INFO_AD_DETALHE;VARCHAR2;500;Y;;24;344457216;7002455761;NO;Informações adicionais do produto (norma referenciada, informações complementares, etc); (: )
exanfecorp;NFECORP;PRODUTO;Dados dos produtos e serviços da NF-e;11173121577;N;24;TXT_PED;VARCHAR2;15;Y;;4;304218112;8643155550;NO;pedido de compra - Informação de interesse do emissor para controle do B2B. (v2.0); (: )
exanfecorp;NFECORP;PRODUTO;Dados dos produtos e serviços da NF-e;11173121577;N;9;TXT_UNID_COM;VARCHAR2;6;Y;;4;45812;1685;NO;Unidade comercial; (: )
exanfecorp;NFECORP;PRODUTO;Dados dos produtos e serviços da NF-e;11173121577;N;14;TXT_UNID_TRIB;VARCHAR2;6;Y;;4;55968;306;NO;Unidade Tributável; (: )
exanfecorp;NFECORP;PRODUTO;Dados dos produtos e serviços da NF-e;11173121577;N;19;VLR_DESC;NUMBER;22;Y;2;2;1217024;9825331749;NO;Valor do Desconto; (: )
exanfecorp;NFECORP;PRODUTO;Dados dos produtos e serviços da NF-e;11173121577;N;17;VLR_FRETE;NUMBER;22;Y;2;2;519040;10926716963;NO;Valor Total do Frete; (: )
exanfecorp;NFECORP;PRODUTO;Dados dos produtos e serviços da NF-e;11173121577;N;31;VLR_IPI_DEVOLVIDO;NUMBER;22;Y;2;2;57008;11146402958;NO;Valor do IPI devolvido; (: )
exanfecorp;NFECORP;PRODUTO;Dados dos produtos e serviços da NF-e;11173121577;N;33;VLR_ITEM;NUMBER;22;Y;2;0;0;11173121577;NO;Valor do item; (: )
exanfecorp;NFECORP;PRODUTO;Dados dos produtos e serviços da NF-e;11173121577;N;22;VLR_OUTRO;NUMBER;22;Y;2;2;596288;9540376704;NO;; (: )
exanfecorp;NFECORP;PRODUTO;Dados dos produtos e serviços da NF-e;11173121577;N;30;VLR_PER_DEVOLUCAO;NUMBER;22;Y;2;2;9620;11146402958;NO;Percentual de mercadoria devolvida; (: )
exanfecorp;NFECORP;PRODUTO;Dados dos produtos e serviços da NF-e;11173121577;N;12;VLR_PROD;NUMBER;22;Y;2;5;9601024;10;NO;Valor bruto do produto ou serviço; (: )
exanfecorp;NFECORP;PRODUTO;Dados dos produtos e serviços da NF-e;11173121577;N;18;VLR_SEGURO;NUMBER;22;Y;2;2;49652;11169017566;NO;Valor Total do Seguro; (: )
exanfecorp;NFECORP;PRODUTO;Dados dos produtos e serviços da NF-e;11173121577;N;16;VLR_UNID_TRIB;NUMBER;22;Y;10;5;78831616;42211;NO;Valor unitário de tributação; (: )
exanfecorp;NFECORP;PRODUTO;Dados dos produtos e serviços da NF-e;11173121577;N;11;VLR_UNIT_COM;NUMBER;22;Y;10;5;75644928;37318;NO;Valor unitário de comercialização; (: )
exanfecorp;NFECORP;RASTRO;rastro;824219298;N;6;DAT_FABRICACAO;DATE;7;Y;;8;8124;0;NO;"Data de fabricação/produção. Formato ""AAAA-MM-DD"""; (: )
exanfecorp;NFECORP;RASTRO;rastro;824219298;N;7;DAT_VALIDADE;DATE;7;Y;;8;18488;0;NO;"Data de validade. Informar o último dia do mês caso a validade não especifique o dia. Formato ""AAAA-MM-DD"""; (: )
exanfecorp;NFECORP;RASTRO;rastro;824219298;N;3;NUM_ITEM_DETALHE;NUMBER;22;Y;0;4;597;0;NO;Número do item do NF;FK_PRODUTO_R_RASTRO (FOREIGN KEY: ENABLED)
exanfecorp;NFECORP;RASTRO;rastro;824219298;N;4;NUM_LOTE;VARCHAR2;20;Y;;8;8058880;0;NO;Número do lote do produto.; (: )
exanfecorp;NFECORP;RASTRO;rastro;824219298;N;5;QTD_LOTE;NUMBER;22;Y;3;4;44928;0;NO;Quantidade de produto no lote; (: )
exanfecorp;NFECORP;RASTRO;rastro;824219298;N;2;SEQ_NOTA_FISCAL;NUMBER;22;Y;0;10;63762432;0;NO;SEQ_NOTA_FISCAL;FK_PRODUTO_R_RASTRO (FOREIGN KEY: ENABLED)
exanfecorp;NFECORP;RASTRO;rastro;824219298;N;1;SEQ_RASTRO;NUMBER;22;N;0;7;824219298;0;NO;Sequencial;PK_RASTRO (PRIMARY KEY: ENABLED)- SYS_C00187494 (C: ENABLED)
exanfecorp;NFECORP;REGISTRO_PASSAGEM;Registro da passagem das mercadorias pelos postos fiscais;334174408;N;30;COD_BARRAS_AUX;VARCHAR2;36;Y;;2;235632;333917776;NO;; (: )
exanfecorp;NFECORP;REGISTRO_PASSAGEM;Registro da passagem das mercadorias pelos postos fiscais;334174408;N;20;COD_FORMULARIO_SEGURANCA;VARCHAR2;11;Y;;2;11706;334162497;NO;Numero do Formulario de Seguranca, preenchido somente quando a NFE e emitida em contingencia.; (: )
exanfecorp;NFECORP;REGISTRO_PASSAGEM;Registro da passagem das mercadorias pelos postos fiscais;334174408;N;18;COD_MODALIDADE_TRANSPORTE;VARCHAR2;2;Y;;3;6;1394424;NO;Identificac?o do Meio de Transporte, preenchido somente quando o transporte n?o e rodoviario.; (: )
exanfecorp;NFECORP;REGISTRO_PASSAGEM;Registro da passagem das mercadorias pelos postos fiscais;334174408;N;14;COD_PLACA_CARRETA;VARCHAR2;8;Y;;5;512256;155919761;NO;Placa da carreta (n?o obrigatorio); (: )
exanfecorp;NFECORP;REGISTRO_PASSAGEM;Registro da passagem das mercadorias pelos postos fiscais;334174408;N;16;COD_PLACA_CARRETA2;VARCHAR2;8;Y;;2;113360;328254438;NO;Placa da segunda carreta (n?o obrigatorio); (: )
exanfecorp;NFECORP;REGISTRO_PASSAGEM;Registro da passagem das mercadorias pelos postos fiscais;334174408;N;12;COD_PLACA_VEICULO;VARCHAR2;8;Y;;8;1043712;28061185;NO;Placa do veiculo de transporte rodoviario; (: )
exanfecorp;NFECORP;REGISTRO_PASSAGEM;Registro da passagem das mercadorias pelos postos fiscais;334174408;N;23;COD_SERIE_DOCUMENTO_FISCAL;VARCHAR2;11;Y;;2;31;334174371;NO;Tipo da serie do documento fiscal, preenchido somente quando a NFE e emitida em contingencia.; (: )
exanfecorp;NFECORP;REGISTRO_PASSAGEM;Registro da passagem das mercadorias pelos postos fiscais;334174408;N;27;COD_STATUS;NUMBER;22;N;0;4;39;0;NO;Codigo do status da mensagem enviada.;SYS_C00178758 (C: ENABLED)
exanfecorp;NFECORP;REGISTRO_PASSAGEM;Registro da passagem das mercadorias pelos postos fiscais;334174408;N;2;COD_UF;NUMBER;22;Y;0;3;27;0;NO;Codigo da UF conforme tabela IBGE;REGISTRO_PASSAGEM_UK1 (UNIQUE: ENABLED)
exanfecorp;NFECORP;REGISTRO_PASSAGEM;Registro da passagem das mercadorias pelos postos fiscais;334174408;N;15;COD_UF_CARRETA;NUMBER;22;Y;0;3;27;155919762;NO;Codigo da UF da carreta conforme tabela IBGE (n?o obrigatorio); (: )
exanfecorp;NFECORP;REGISTRO_PASSAGEM;Registro da passagem das mercadorias pelos postos fiscais;334174408;N;17;COD_UF_CARRETA2;NUMBER;22;Y;0;2;27;328251906;NO;Codigo da UF da segunda carreta conforme tabela IBGE (n?o obrigatorio); (: )
exanfecorp;NFECORP;REGISTRO_PASSAGEM;Registro da passagem das mercadorias pelos postos fiscais;334174408;N;3;COD_UF_DESTINO;NUMBER;22;Y;0;3;30;1117;NO;Codigo da UF de destino da NF-e conforme tabela IBGE. Esta informac?o sera preenchida para os casos do registro de passagem de NF-e n?o encontrada no ambiente nacional.; (: )
exanfecorp;NFECORP;REGISTRO_PASSAGEM;Registro da passagem das mercadorias pelos postos fiscais;334174408;N;29;COD_UF_ORIGEM;NUMBER;22;Y;0;3;27;6510623;NO;Codigo da UF de ORIGEM  da NF-e conforme tabela IBGE.; (: )
exanfecorp;NFECORP;REGISTRO_PASSAGEM;Registro da passagem das mercadorias pelos postos fiscais;334174408;N;13;COD_UF_VEICULO;NUMBER;22;Y;0;3;29;26733714;NO;Codigo da UF do veiculo conforme tabela IBGE; (: )
exanfecorp;NFECORP;REGISTRO_PASSAGEM;Registro da passagem das mercadorias pelos postos fiscais;334174408;N;4;COD_UNIDADE_FISCAL;NUMBER;22;Y;0;4;554;0;NO;Codigo da Unidade Fiscal;REGISTRO_PASSAGEM_UK1 (UNIQUE: ENABLED)
exanfecorp;NFECORP;REGISTRO_PASSAGEM;Registro da passagem das mercadorias pelos postos fiscais;334174408;N;6;DAT_PASSAGEM;DATE;7;Y;;8;109674496;0;NO;Data/Hora do registro da Passagem (Formato: AAAA-MM-DDTHH:MM:SS.mmm);REGISTRO_PASSAGEM_UK1 (UNIQUE: ENABLED)
exanfecorp;NFECORP;REGISTRO_PASSAGEM;Registro da passagem das mercadorias pelos postos fiscais;334174408;N;1;DSC_CHAVE_ACESSO;VARCHAR2;44;N;;45;326336512;0;NO;Chave de Acesso da NF-e em transito;REGISTRO_PASSAGEM_UK1 (UNIQUE: ENABLED)- SYS_C00178756 (C: ENABLED)
exanfecorp;NFECORP;REGISTRO_PASSAGEM;Registro da passagem das mercadorias pelos postos fiscais;334174408;N;19;DSC_IDENTIFICACAO_MEIO_TRANSPO;VARCHAR2;255;Y;;2;111;334169463;NO;Identificac?o do Meio de Transporte, preenchido somente quando o transporte n?o e rodoviario.; (: )
exanfecorp;NFECORP;REGISTRO_PASSAGEM;Registro da passagem das mercadorias pelos postos fiscais;334174408;N;24;DSC_OBSERVACAO;VARCHAR2;500;Y;;40;20056;35059042;NO;Observac?es; (: )
exanfecorp;NFECORP;REGISTRO_PASSAGEM;Registro da passagem das mercadorias pelos postos fiscais;334174408;N;26;NOM_ARQUIVO;VARCHAR2;255;Y;;2;1462749;332711659;NO;Nome do arquivo de origem; (: )
exanfecorp;NFECORP;REGISTRO_PASSAGEM;Registro da passagem das mercadorias pelos postos fiscais;334174408;N;8;NOM_FUNCIONARIO;VARCHAR2;255;Y;;28;8276;0;NO;Nome do Fiscal que registra a passagem; (: )
exanfecorp;NFECORP;REGISTRO_PASSAGEM;Registro da passagem das mercadorias pelos postos fiscais;334174408;N;5;NOM_UNIDADE_FISCAL;VARCHAR2;255;Y;;12;785;0;NO;Nome da Unidade Fiscal; (: )
exanfecorp;NFECORP;REGISTRO_PASSAGEM;Registro da passagem das mercadorias pelos postos fiscais;334174408;N;21;NUM_CNPJ_DESTINATARIO;NUMBER;22;Y;0;2;2;334174406;NO;Numero do CNPJ destinatario da nfe, preenchido somente quando a NFE e emitida em contingencia.; (: )
exanfecorp;NFECORP;REGISTRO_PASSAGEM;Registro da passagem das mercadorias pelos postos fiscais;334174408;N;32;NUM_CNPJ_DESTINATARIO_A;VARCHAR2;14;Y;;0;0;334174408;NO;Documento convertido para texto com padronizacao em 14 posicoes e zeros a esquerda; (: )
exanfecorp;NFECORP;REGISTRO_PASSAGEM;Registro da passagem das mercadorias pelos postos fiscais;334174408;N;7;NUM_CPF_FUNCIONARIO;NUMBER;22;Y;0;8;6772;0;NO;Identificac?o do funcionario responsavel pelo registro da passagem (CPF); (: )
exanfecorp;NFECORP;REGISTRO_PASSAGEM;Registro da passagem das mercadorias pelos postos fiscais;334174408;N;31;NUM_FORM_SEGURANCA;NUMBER;22;Y;0;0;0;334174408;NO;; (: )
exanfecorp;NFECORP;REGISTRO_PASSAGEM;Registro da passagem das mercadorias pelos postos fiscais;334174408;N;25;SEQ_REGISTRO_PASSAGEM;NUMBER;22;N;0;7;334174408;0;NO;Campo de auto-incremento.;PK_REGISTRO_PASSAGEM (PRIMARY KEY: ENABLED)- SYS_C00178757 (C: ENABLED)
exanfecorp;NFECORP;REGISTRO_PASSAGEM;Registro da passagem das mercadorias pelos postos fiscais;334174408;N;11;TIP_RETORNO_MERCADORIA;VARCHAR2;1;Y;;2;2;332823270;NO;Indicador de Retorno de Mercadoria; (: )
exanfecorp;NFECORP;REGISTRO_PASSAGEM;Registro da passagem das mercadorias pelos postos fiscais;334174408;N;10;TIP_SENTIDO_PASSAGEM;VARCHAR2;1;Y;;2;3;46269727;NO;Sentido da passagem; (: )
exanfecorp;NFECORP;REGISTRO_PASSAGEM;Registro da passagem das mercadorias pelos postos fiscais;334174408;N;9;TIP_TRANSMISSAO;VARCHAR2;1;Y;;2;2;333329246;NO;Tipo de trasmissao normal ou atrasada; (: )
exanfecorp;NFECORP;REGISTRO_PASSAGEM;Registro da passagem das mercadorias pelos postos fiscais;334174408;N;28;TXT_MOTIVO;VARCHAR2;255;Y;;36;308;13152407;NO;Descric?o literal do status do servico solicitado.; (: )
exanfecorp;NFECORP;REGISTRO_PASSAGEM;Registro da passagem das mercadorias pelos postos fiscais;334174408;N;22;VLR_TOTAL_NFE;NUMBER;22;Y;2;2;28;334174371;NO;Valor total da nfe, preenchido somente quando a NFE e emitida em contingencia.; (: )
exanfecorp;NFECORP;SIGET_EVENTO_MANIFESTACAO;;41028636;N;7;COD_CNPJ_AUTOR;VARCHAR2;14;Y;;15;373696;85728;NO;; (: )
exanfecorp;NFECORP;SIGET_EVENTO_MANIFESTACAO;;41028636;N;8;COD_CPF_AUTOR;VARCHAR2;11;Y;;2;11450;40942908;NO;; (: )
exanfecorp;NFECORP;SIGET_EVENTO_MANIFESTACAO;;41028636;N;5;COD_RESULTADO_PROCESSAMEN;NUMBER;22;N;0;4;2;0;NO;;SYS_C00187655 (C: ENABLED)
exanfecorp;NFECORP;SIGET_EVENTO_MANIFESTACAO;;41028636;N;3;COD_TIPO;VARCHAR2;6;N;;7;4;0;NO;;SYS_C00187653 (C: ENABLED)
exanfecorp;NFECORP;SIGET_EVENTO_MANIFESTACAO;;41028636;N;6;COD_UF;VARCHAR2;2;N;;3;1;0;NO;;SYS_C00187656 (C: ENABLED)
exanfecorp;NFECORP;SIGET_EVENTO_MANIFESTACAO;;41028636;N;4;DAT_EVENTO;DATE;7;N;;8;10483712;0;NO;;SYS_C00187654 (C: ENABLED)
exanfecorp;NFECORP;SIGET_EVENTO_MANIFESTACAO;;41028636;N;9;NUM_ORDEM;NUMBER;22;Y;;3;6;0;NO;; (: )
exanfecorp;NFECORP;SIGET_EVENTO_MANIFESTACAO;;41028636;N;1;SEQ_EVENTO;NUMBER;22;N;0;10;41028636;0;NO;;SYS_C00187652 (C: ENABLED)
exanfecorp;NFECORP;SIGET_EVENTO_MANIFESTACAO;;41028636;N;2;SEQ_NOTA_FISCAL;NUMBER;22;Y;0;10;32274432;0;NO;; (: )
exanfecorp;NFECORP;SIGET_NOTA_ELETRONICA;;135794698;N;5;COD_RESULTADO_PROCESSAMEN;NUMBER;22;Y;0;4;3;0;NO;; (: )
exanfecorp;NFECORP;SIGET_NOTA_ELETRONICA;;135794698;N;4;DAT_EMISSAO_DOC_FISCAL;DATE;7;Y;;8;14211072;0;NO;; (: )
exanfecorp;NFECORP;SIGET_NOTA_ELETRONICA;;135794698;N;10;NOME_DEST;VARCHAR2;60;Y;;27;22728704;1080;NO;; (: )
exanfecorp;NFECORP;SIGET_NOTA_ELETRONICA;;135794698;N;7;NOME_EMIT;VARCHAR2;60;Y;;33;633856;0;NO;; (: )
exanfecorp;NFECORP;SIGET_NOTA_ELETRONICA;;135794698;N;9;NUM_CNPJ_DEST;NUMBER;22;Y;0;4;877568;86941580;NO;; (: )
exanfecorp;NFECORP;SIGET_NOTA_ELETRONICA;;135794698;N;14;NUM_CNPJ_DEST_A;VARCHAR2;14;Y;;0;0;135794698;NO;; (: )
exanfecorp;NFECORP;SIGET_NOTA_ELETRONICA;;135794698;N;6;NUM_CNPJ_EMIT;NUMBER;22;Y;0;9;591104;220960;NO;; (: )
exanfecorp;NFECORP;SIGET_NOTA_ELETRONICA;;135794698;N;13;NUM_CNPJ_EMIT_A;VARCHAR2;14;Y;;0;0;135794698;NO;; (: )
exanfecorp;NFECORP;SIGET_NOTA_ELETRONICA;;135794698;N;3;NUM_DOC_FISCAL;NUMBER;22;Y;0;6;17508352;0;NO;; (: )
exanfecorp;NFECORP;SIGET_NOTA_ELETRONICA;;135794698;N;2;NUM_ID;VARCHAR2;100;Y;;45;135380992;0;NO;; (: )
exanfecorp;NFECORP;SIGET_NOTA_ELETRONICA;;135794698;N;1;SEQ_NOTA_FISCAL;NUMBER;22;N;0;10;135102464;0;NO;;SYS_C00187714 (C: ENABLED)
exanfecorp;NFECORP;SIGET_NOTA_ELETRONICA;;135794698;N;11;UF_DEST;VARCHAR2;2;Y;;3;28;1528;NO;; (: )
exanfecorp;NFECORP;SIGET_NOTA_ELETRONICA;;135794698;N;8;UF_EMIT;VARCHAR2;2;Y;;3;27;0;NO;; (: )
exanfecorp;NFECORP;SIGET_NOTA_ELETRONICA;;135794698;N;12;VLR_NF_ICMS;NUMBER;22;Y;2;5;3111424;0;NO;; (: )
exanfecorp;NFECORP;SIGET_NOTA_ELETRONICA_HOMOL;;;N;5;COD_RESULTADO_PROCESSAMEN;NUMBER;22;Y;0;;;;NO;; (: )
exanfecorp;NFECORP;SIGET_NOTA_ELETRONICA_HOMOL;;;N;4;DAT_EMISSAO_DOC_FISCAL;DATE;7;Y;;;;;NO;; (: )
exanfecorp;NFECORP;SIGET_NOTA_ELETRONICA_HOMOL;;;N;10;NOME_DEST;VARCHAR2;60;Y;;;;;NO;; (: )
exanfecorp;NFECORP;SIGET_NOTA_ELETRONICA_HOMOL;;;N;7;NOME_EMIT;VARCHAR2;60;Y;;;;;NO;; (: )
exanfecorp;NFECORP;SIGET_NOTA_ELETRONICA_HOMOL;;;N;9;NUM_CNPJ_DEST;NUMBER;22;Y;0;;;;NO;; (: )
exanfecorp;NFECORP;SIGET_NOTA_ELETRONICA_HOMOL;;;N;6;NUM_CNPJ_EMIT;NUMBER;22;Y;0;;;;NO;; (: )
exanfecorp;NFECORP;SIGET_NOTA_ELETRONICA_HOMOL;;;N;3;NUM_DOC_FISCAL;NUMBER;22;Y;0;;;;NO;; (: )
exanfecorp;NFECORP;SIGET_NOTA_ELETRONICA_HOMOL;;;N;2;NUM_ID;VARCHAR2;100;Y;;;;;NO;; (: )
exanfecorp;NFECORP;SIGET_NOTA_ELETRONICA_HOMOL;;;N;1;SEQ_NOTA_FISCAL;NUMBER;22;N;0;;;;NO;;SYS_C00212027 (C: ENABLED)
exanfecorp;NFECORP;SIGET_NOTA_ELETRONICA_HOMOL;;;N;11;UF_DEST;VARCHAR2;2;Y;;;;;NO;; (: )
exanfecorp;NFECORP;SIGET_NOTA_ELETRONICA_HOMOL;;;N;8;UF_EMIT;VARCHAR2;2;Y;;;;;NO;; (: )
exanfecorp;NFECORP;SIGET_NOTA_ELETRONICA_HOMOL;;;N;12;VLR_NF_ICMS;NUMBER;22;Y;2;;;;NO;; (: )
exanfecorp;NFECORP;SIGET_NOTA_MANIFESTACAO;;135794698;N;9;COD_CNPJ_DESTINATARIO;NUMBER;22;Y;0;4;877568;86941580;NO;; (: )
exanfecorp;NFECORP;SIGET_NOTA_MANIFESTACAO;;135794698;N;15;COD_CNPJ_DESTINATARIO_A;VARCHAR2;14;Y;;0;0;135794698;NO;; (: )
exanfecorp;NFECORP;SIGET_NOTA_MANIFESTACAO;;135794698;N;6;COD_CNPJ_EMITENTE;NUMBER;22;Y;0;9;591104;220960;NO;; (: )
exanfecorp;NFECORP;SIGET_NOTA_MANIFESTACAO;;135794698;N;14;COD_CNPJ_EMITENTE_A;VARCHAR2;14;Y;;0;0;135794698;NO;; (: )
exanfecorp;NFECORP;SIGET_NOTA_MANIFESTACAO;;135794698;N;5;COD_RESULTADO_PROCESSAMEN;NUMBER;22;Y;0;4;3;0;NO;; (: )
exanfecorp;NFECORP;SIGET_NOTA_MANIFESTACAO;;135794698;N;4;DAT_EMISSAO_DOC_FISCAL;DATE;7;Y;;8;14225408;0;NO;; (: )
exanfecorp;NFECORP;SIGET_NOTA_MANIFESTACAO;;135794698;N;13;IC_MANIFESTACAO;CHAR;1;Y;;2;2;0;NO;; (: )
exanfecorp;NFECORP;SIGET_NOTA_MANIFESTACAO;;135794698;N;11;NOM_SIGLA_UF_DESTINATARIO;VARCHAR2;2;Y;;3;28;1528;NO;; (: )
exanfecorp;NFECORP;SIGET_NOTA_MANIFESTACAO;;135794698;N;8;NOM_SIGLA_UF_EMITENTE;VARCHAR2;2;Y;;3;27;0;NO;; (: )
exanfecorp;NFECORP;SIGET_NOTA_MANIFESTACAO;;135794698;N;3;NUM_DOC_FISCAL;NUMBER;22;Y;0;6;17508352;0;NO;; (: )
exanfecorp;NFECORP;SIGET_NOTA_MANIFESTACAO;;135794698;N;2;NUM_ID;VARCHAR2;100;Y;;45;135380992;0;NO;; (: )
exanfecorp;NFECORP;SIGET_NOTA_MANIFESTACAO;;135794698;N;10;RAZAO_SOCIAL_DESTINATARIO;VARCHAR2;60;Y;;27;22716416;1080;NO;; (: )
exanfecorp;NFECORP;SIGET_NOTA_MANIFESTACAO;;135794698;N;7;RAZAO_SOCIAL_EMITENTE;VARCHAR2;60;Y;;33;633856;0;NO;; (: )
exanfecorp;NFECORP;SIGET_NOTA_MANIFESTACAO;;135794698;N;1;SEQ_NOTA_FISCAL;NUMBER;22;N;0;10;135102464;0;NO;;SYS_C00187657 (C: ENABLED)
exanfecorp;NFECORP;SIGET_NOTA_MANIFESTACAO;;135794698;N;12;VLR_TOTAL_NF;NUMBER;22;Y;2;5;3111424;0;NO;; (: )
exanfecorp;NFECORP;STAGE_NOTA_XML;Contém o XML da Nfe para carga.;1872;N;12;COD_CNPJ_TRANSMISSOR;VARCHAR2;14;Y;;9;83;896;NO;CNPJ do Transmissor da NF-e; (: )
exanfecorp;NFECORP;STAGE_NOTA_XML;Contém o XML da Nfe para carga.;1872;N;13;COD_IP_TRANSMISSOR;VARCHAR2;25;Y;;11;233;569;NO;IP do Transmissor da NF-e; (: )
exanfecorp;NFECORP;STAGE_NOTA_XML;Contém o XML da Nfe para carga.;1872;N;11;COD_RESULTADO_ESPECIFICO;NUMBER;22;Y;0;3;1;0;NO;Cógido especifico de processamento da autorização da nota; (: )
exanfecorp;NFECORP;STAGE_NOTA_XML;Contém o XML da Nfe para carga.;1872;N;9;COD_RESULTADO_PROCESSAMEN;NUMBER;22;Y;0;3;1;0;NO;COD_RESULTADO_PROCESSAMEN; (: )
exanfecorp;NFECORP;STAGE_NOTA_XML;Contém o XML da Nfe para carga.;1872;N;10;DAT_PROCESSAMENTO;DATE;7;Y;;8;651;0;NO;DAT_PROCESSAMENTO; (: )
exanfecorp;NFECORP;STAGE_NOTA_XML;Contém o XML da Nfe para carga.;1872;N;7;DAT_RECEBIMENTO;DATE;7;Y;;8;240;0;NO;DAT_RECEBIMENTO; (: )
exanfecorp;NFECORP;STAGE_NOTA_XML;Contém o XML da Nfe para carga.;1872;N;5;DSC_DIGEST_VALUE;VARCHAR2;30;Y;;29;1872;0;NO;Digest value da nota (hash); (: )
exanfecorp;NFECORP;STAGE_NOTA_XML;Contém o XML da Nfe para carga.;1872;N;8;DSC_SCHEMA_XML;VARCHAR2;4;Y;;5;1;0;NO;DSC_SCHEMA_XML; (: )
exanfecorp;NFECORP;STAGE_NOTA_XML;Contém o XML da Nfe para carga.;1872;N;15;NUM_PORTA_CONEXAO;VARCHAR2;10;Y;;5;900;569;NO;Número da porta de conexão referente ao ip do transmissor ; (: )
exanfecorp;NFECORP;STAGE_NOTA_XML;Contém o XML da Nfe para carga.;1872;N;6;SEQ_LOTE;NUMBER;22;Y;0;0;0;1872;NO;SEQ_LOTE; (: )
exanfecorp;NFECORP;STAGE_NOTA_XML;Contém o XML da Nfe para carga.;1872;N;2;SEQ_NOTA_FISCAL;NUMBER;22;Y;0;10;1872;0;NO;ID da NFE, chave de acesso; (: )
exanfecorp;NFECORP;STAGE_NOTA_XML;Contém o XML da Nfe para carga.;1872;N;1;SEQ_NOTA_XML;NUMBER;22;N;0;7;1872;0;NO;SEQ_NOTA_FISCAL;PK_STAGE_NOTA_XML (PRIMARY KEY: ENABLED)- SYS_C00188553 (C: ENABLED)
exanfecorp;NFECORP;STAGE_NOTA_XML;Contém o XML da Nfe para carga.;1872;N;4;STA_CARGA;NUMBER;22;Y;0;3;1;0;NO;Código numérico que compõe a Chave de Acesso. Número aleatório gerado pelo emitente para cada NF-e.; (: )
exanfecorp;NFECORP;STAGE_NOTA_XML;Contém o XML da Nfe para carga.;1872;N;3;TXT_DOCUMENTO_XML;CLOB;4000;Y;;139;0;0;NO;Versão da NF-e - 1.10; (: )
exanfecorp;NFECORP;STAGE_NOTA_XML;Contém o XML da Nfe para carga.;1872;N;14;TXT_XML_DOCUMENTO;XMLTYPE;2000;Y;;;;;NO;xml da nota em texto claro; (: )
exanfecorp;NFECORP;STAGE_NOTA_XML_RECUPERAR; usada no processo de recuperação de carga das notas fiscais vindas do RACPROD para a NFECORP, usando o Java.;0;N;12;COD_CNPJ_TRANSMISSOR;VARCHAR2;14;Y;;0;0;0;NO;CNPJ do Transmissor da NF-e; (: )
exanfecorp;NFECORP;STAGE_NOTA_XML_RECUPERAR; usada no processo de recuperação de carga das notas fiscais vindas do RACPROD para a NFECORP, usando o Java.;0;N;13;COD_IP_TRANSMISSOR;VARCHAR2;25;Y;;0;0;0;NO;IP do Transmissor da NF-e; (: )
exanfecorp;NFECORP;STAGE_NOTA_XML_RECUPERAR; usada no processo de recuperação de carga das notas fiscais vindas do RACPROD para a NFECORP, usando o Java.;0;N;11;COD_RESULTADO_ESPECIFICO;NUMBER;22;Y;0;0;0;0;NO;Cógido especifico de processamento da autorização da nota; (: )
exanfecorp;NFECORP;STAGE_NOTA_XML_RECUPERAR; usada no processo de recuperação de carga das notas fiscais vindas do RACPROD para a NFECORP, usando o Java.;0;N;9;COD_RESULTADO_PROCESSAMEN;NUMBER;22;Y;0;0;0;0;NO;COD_RESULTADO_PROCESSAMEN; (: )
exanfecorp;NFECORP;STAGE_NOTA_XML_RECUPERAR; usada no processo de recuperação de carga das notas fiscais vindas do RACPROD para a NFECORP, usando o Java.;0;N;10;DAT_PROCESSAMENTO;DATE;7;Y;;0;0;0;NO;DAT_PROCESSAMENTO; (: )
exanfecorp;NFECORP;STAGE_NOTA_XML_RECUPERAR; usada no processo de recuperação de carga das notas fiscais vindas do RACPROD para a NFECORP, usando o Java.;0;N;7;DAT_RECEBIMENTO;DATE;7;Y;;0;0;0;NO;DAT_RECEBIMENTO; (: )
exanfecorp;NFECORP;STAGE_NOTA_XML_RECUPERAR; usada no processo de recuperação de carga das notas fiscais vindas do RACPROD para a NFECORP, usando o Java.;0;N;5;DSC_DIGEST_VALUE;VARCHAR2;30;Y;;0;0;0;NO;Digest value da nota (hash); (: )
exanfecorp;NFECORP;STAGE_NOTA_XML_RECUPERAR; usada no processo de recuperação de carga das notas fiscais vindas do RACPROD para a NFECORP, usando o Java.;0;N;8;DSC_SCHEMA_XML;VARCHAR2;4;Y;;0;0;0;NO;DSC_SCHEMA_XML; (: )
exanfecorp;NFECORP;STAGE_NOTA_XML_RECUPERAR; usada no processo de recuperação de carga das notas fiscais vindas do RACPROD para a NFECORP, usando o Java.;0;N;14;NUM_PORTA_CONEXAO;VARCHAR2;10;Y;;0;0;0;NO;Número da porta de conexão referente ao ip do transmissor ; (: )
exanfecorp;NFECORP;STAGE_NOTA_XML_RECUPERAR; usada no processo de recuperação de carga das notas fiscais vindas do RACPROD para a NFECORP, usando o Java.;0;N;6;SEQ_LOTE;NUMBER;22;Y;0;0;0;0;NO;SEQ_LOTE; (: )
exanfecorp;NFECORP;STAGE_NOTA_XML_RECUPERAR; usada no processo de recuperação de carga das notas fiscais vindas do RACPROD para a NFECORP, usando o Java.;0;N;2;SEQ_NOTA_FISCAL;NUMBER;22;Y;0;0;0;0;NO;ID da NFE, chave de acesso; (: )
exanfecorp;NFECORP;STAGE_NOTA_XML_RECUPERAR; usada no processo de recuperação de carga das notas fiscais vindas do RACPROD para a NFECORP, usando o Java.;0;N;1;SEQ_NOTA_XML;NUMBER;22;N;0;0;0;0;NO;SEQ_NOTA_FISCAL;PK_STAGE_NOTA_XML_RECUPERAR (PRIMARY KEY: ENABLED)- SYS_C00188551 (C: ENABLED)
exanfecorp;NFECORP;STAGE_NOTA_XML_RECUPERAR; usada no processo de recuperação de carga das notas fiscais vindas do RACPROD para a NFECORP, usando o Java.;0;N;4;STA_CARGA;NUMBER;22;Y;0;0;0;0;NO;Código numérico que compõe a Chave de Acesso. Número aleatório gerado pelo emitente para cada NF-e.; (: )
exanfecorp;NFECORP;STAGE_NOTA_XML_RECUPERAR; usada no processo de recuperação de carga das notas fiscais vindas do RACPROD para a NFECORP, usando o Java.;0;N;3;TXT_DOCUMENTO_XML;CLOB;4000;Y;;0;0;0;NO;Versão da NF-e - 1.10; (: )
exanfecorp;NFECORP;STAGE_NOTA_XML_RECUPERAR; usada no processo de recuperação de carga das notas fiscais vindas do RACPROD para a NFECORP, usando o Java.;0;N;15;TXT_XML_DOCUMENTO;XMLTYPE;2000;Y;;0;0;23823;NO;xml da nota em texto claro; (: )
exanfecorp;NFECORP;STATUS_FISCO;Cadastro dos possíveis status definidos pela sefaz do ceará que podem ser atribuídos a uma NF-e.;15;N;2;DSC_STATUS_FISCO;VARCHAR2;144;N;;41;15;0;NO;Descrição do status definido pelo fisco;SYS_C00186574 (C: ENABLED)
exanfecorp;NFECORP;STATUS_FISCO;Cadastro dos possíveis status definidos pela sefaz do ceará que podem ser atribuídos a uma NF-e.;15;N;1;SEQ_STATUS_FISCO;NUMBER;22;N;0;3;15;0;NO;Campo de auto-incremento.;PK_STATUS_FISCO (PRIMARY KEY: ENABLED)- SYS_C00186573 (C: ENABLED)
exanfecorp;NFECORP;TESTE;;9971;N;1;SEQ_NOTA;NUMBER;22;Y;0;10;9971;0;NO;; (: )
exanfecorp;NFECORP;TIPO_EVENTO;Dimensao contendo a descrição do tipo de evento para utilização pelo DataMart da NFECORP.;47;N;1;COD_TIPO;VARCHAR2;6;N;;7;47;0;NO;Código do tipo de evento.;PK_TIPO_EVENTO (PRIMARY KEY: ENABLED)- SYS_C00145844 (C: ENABLED)
exanfecorp;NFECORP;TIPO_EVENTO;Dimensao contendo a descrição do tipo de evento para utilização pelo DataMart da NFECORP.;47;N;2;DSC_TIPO;VARCHAR2;60;Y;;34;47;0;NO;Descrição do Tipo de Evento.; (: )
exanfecorp;NFECORP;TOTAL;Dados dos totais da NF-e;1352815791;N;36;COD_REG_TRIB;NUMBER;22;Y;0;2;6;1352340138;NO;Código do regime especial de tributação; (: )
exanfecorp;NFECORP;TOTAL;Dados dos totais da NF-e;1352815791;N;30;DAT_COMPET;DATE;7;Y;;2;3646;1350527090;NO;Data da prestação do serviço  (AAAA-MM-DD); (: )
exanfecorp;NFECORP;TOTAL;Dados dos totais da NF-e;1352815791;N;28;NUM_ANO_EMISSAO;NUMBER;22;Y;0;4;19;6386;NO;; (: )
exanfecorp;NFECORP;TOTAL;Dados dos totais da NF-e;1352815791;N;45;QTD_TRIB_RET_ANT;NUMBER;22;Y;4;2;134672;1347195904;NO;Quantidade tributada retida anteriormente; (: )
exanfecorp;NFECORP;TOTAL;Dados dos totais da NF-e;1352815791;N;1;SEQ_NOTA_FISCAL;NUMBER;22;N;0;10;1352815791;0;NO;SEQ_NOTA_FISCAL;FK_NFE_R_TOTAL (FOREIGN KEY: ENABLED)- PK_TOTAL (PRIMARY KEY: ENABLED)- SYS_C0011417 (C: ENABLED)
exanfecorp;NFECORP;TOTAL;Dados dos totais da NF-e;1352815791;N;48;VLR_BC_IBS_CBS;NUMBER;22;Y;2;0;0;1352815791;NO;IBSCBSTot>vBCIBSCBS - Valor total da BC do IBS e da CBS; (: )
exanfecorp;NFECORP;TOTAL;Dados dos totais da NF-e;1352815791;N;2;VLR_BC_ICMS;NUMBER;22;Y;2;4;8413184;18;NO;BC do ICMS; (: )
exanfecorp;NFECORP;TOTAL;Dados dos totais da NF-e;1352815791;N;16;VLR_BC_IRRF_RET;NUMBER;22;Y;2;2;207248;1351898870;NO;Base de Cálculo do IRRF; (: )
exanfecorp;NFECORP;TOTAL;Dados dos totais da NF-e;1352815791;N;23;VLR_BC_ISSQN;NUMBER;22;Y;2;2;113056;1351931498;NO;Base de Cálculo do ISS; (: )
exanfecorp;NFECORP;TOTAL;Dados dos totais da NF-e;1352815791;N;18;VLR_BC_PREV_RET;NUMBER;22;Y;2;2;214080;1352342255;NO;Base de Cálculo da Retenção da Previdêncica Social; (: )
exanfecorp;NFECORP;TOTAL;Dados dos totais da NF-e;1352815791;N;3;VLR_BC_ST_ICMS;NUMBER;22;Y;2;3;3489024;18;NO;BC do ICMS ST; (: )
exanfecorp;NFECORP;TOTAL;Dados dos totais da NF-e;1352815791;N;60;VLR_CBS;NUMBER;22;Y;2;0;0;1352815791;NO;IBSCBSTot>gCBS>vCBS - Valor total da CBS; (: )
exanfecorp;NFECORP;TOTAL;Dados dos totais da NF-e;1352815791;N;71;VLR_CBS_EST;NUMBER;22;Y;2;0;0;1352815791;NO;IBSCBSTot>gEstornoCred>vCBSEstCred - Valor total do CBS estornada; (: )
exanfecorp;NFECORP;TOTAL;Dados dos totais da NF-e;1352815791;N;64;VLR_CBS_MON;NUMBER;22;Y;2;0;0;1352815791;NO;IBSCBSTot>gMono> vCBSMono-Total da CBS monofásica; (: )
exanfecorp;NFECORP;TOTAL;Dados dos totais da NF-e;1352815791;N;68;VLR_CBS_RET_ANT_MON;NUMBER;22;Y;2;0;0;1352815791;NO;IBSCBSTot>gMono> vCBSMonoRet -Total da CBS monofásica retida anteriormente; (: )
exanfecorp;NFECORP;TOTAL;Dados dos totais da NF-e;1352815791;N;66;VLR_CBS_SUJ_RET_MON;NUMBER;22;Y;2;0;0;1352815791;NO;IBSCBSTot>gMono>vCBSMonoReten - Total da CBS monofásica sujeita a retenção; (: )
exanfecorp;NFECORP;TOTAL;Dados dos totais da NF-e;1352815791;N;12;VLR_CONFINS_ICMS;NUMBER;22;Y;2;3;1759744;41;NO;Valor do COFINS; (: )
exanfecorp;NFECORP;TOTAL;Dados dos totais da NF-e;1352815791;N;27;VLR_CONFINS_ISSQN;NUMBER;22;Y;2;2;56664;1352184882;NO;Valor do COFINS sobre serviços; (: )
exanfecorp;NFECORP;TOTAL;Dados dos totais da NF-e;1352815791;N;20;VLR_CONFINS_RET;NUMBER;22;Y;2;2;66512;1351727272;NO;Valor Retido de COFINS; (: )
exanfecorp;NFECORP;TOTAL;Dados dos totais da NF-e;1352815791;N;61;VLR_CRE_PRE_CBS;NUMBER;22;Y;2;0;0;1352815791;NO;IBSCBSTot>gCBS>vCredPres - Valor total do crédito presumido; (: )
exanfecorp;NFECORP;TOTAL;Dados dos totais da NF-e;1352815791;N;56;VLR_CRE_PRE_IBS;NUMBER;22;Y;2;0;0;1352815791;NO;IBSCBSTot>gIBS>vCredPres - Valor total do crédito presumido; (: )
exanfecorp;NFECORP;TOTAL;Dados dos totais da NF-e;1352815791;N;62;VLR_CRE_PRE_SUS_CBS;NUMBER;22;Y;2;0;0;1352815791;NO;IBSCBSTot>gCBS>vCredPresCondSus - Valor total do crédito presumido em condição suspensiva; (: )
exanfecorp;NFECORP;TOTAL;Dados dos totais da NF-e;1352815791;N;57;VLR_CRE_PRE_SUS_IBS;NUMBER;22;Y;2;0;0;1352815791;NO;IBSCBSTot>gIBS>vCredPresCondSus - Valor total do crédito presumido em condição suspensiva; (: )
exanfecorp;NFECORP;TOTAL;Dados dos totais da NF-e;1352815791;N;22;VLR_CSLL_RET;NUMBER;22;Y;2;2;30914;1352615559;NO;Valor Retido de CSLL; (: )
exanfecorp;NFECORP;TOTAL;Dados dos totais da NF-e;1352815791;N;31;VLR_DEDUCAO;NUMBER;22;Y;2;2;8636;1352790617;NO;Valor dedução para redução da base de cálculo; (: )
exanfecorp;NFECORP;TOTAL;Dados dos totais da NF-e;1352815791;N;34;VLR_DESC_COND;NUMBER;22;Y;2;2;21;1352815723;NO;Valor desconto condicionado; (: )
exanfecorp;NFECORP;TOTAL;Dados dos totais da NF-e;1352815791;N;8;VLR_DESC_ICMS;NUMBER;22;Y;2;3;1389440;18;NO;Valor Total do Desconto; (: )
exanfecorp;NFECORP;TOTAL;Dados dos totais da NF-e;1352815791;N;33;VLR_DESC_INCOND;NUMBER;22;Y;2;2;2696;1352808487;NO;Valor desconto incondicionado; (: )
exanfecorp;NFECORP;TOTAL;Dados dos totais da NF-e;1352815791;N;59;VLR_DEV_TRI_CBS;NUMBER;22;Y;2;0;0;1352815791;NO;IBSCBSTot>gCBS>vDevTrib - Valor total de devolução de tributos; (: )
exanfecorp;NFECORP;TOTAL;Dados dos totais da NF-e;1352815791;N;53;VLR_DEV_TRI_IBS_MUN;NUMBER;22;Y;2;0;0;1352815791;NO;IBSCBSTot>gIBS>gIBSMun>vDevTrib - Valor total de devolução de tributos; (: )
exanfecorp;NFECORP;TOTAL;Dados dos totais da NF-e;1352815791;N;50;VLR_DEV_TRI_IBS_UF;NUMBER;22;Y;2;0;0;1352815791;NO;IBSCBSTot>gIBS>gIBSUF>vDevTrib - Valor total de devolução de tributos; (: )
exanfecorp;NFECORP;TOTAL;Dados dos totais da NF-e;1352815791;N;58;VLR_DIF_CBS;NUMBER;22;Y;2;0;0;1352815791;NO;IBSCBSTot>gCBS>vDif - Valor total do diferimento; (: )
exanfecorp;NFECORP;TOTAL;Dados dos totais da NF-e;1352815791;N;52;VLR_DIF_IBS_MUN;NUMBER;22;Y;2;0;0;1352815791;NO;IBSCBSTot>gIBS>gIBSMun>vDif - Valor total do diferimento; (: )
exanfecorp;NFECORP;TOTAL;Dados dos totais da NF-e;1352815791;N;49;VLR_DIF_IBS_UF;NUMBER;22;Y;2;0;0;1352815791;NO;IBSCBSTot>gIBS>gIBSUF>vDif - Valor total do diferimento; (: )
exanfecorp;NFECORP;TOTAL;Dados dos totais da NF-e;1352815791;N;41;VLR_FCP;NUMBER;22;Y;2;2;35976;560165261;NO;Valor Total do FCP (Fundo de Combate à Pobreza).; (: )
exanfecorp;NFECORP;TOTAL;Dados dos totais da NF-e;1352815791;N;42;VLR_FCP_ST;NUMBER;22;Y;2;2;119344;560165261;NO;Valor Total do FCP (Fundo de Combate à Pobreza) retido por substituição tributária.; (: )
exanfecorp;NFECORP;TOTAL;Dados dos totais da NF-e;1352815791;N;43;VLR_FCP_ST_RET;NUMBER;22;Y;2;2;33088;560165261;NO;Valor Total do FCP (Fundo de Combate à Pobreza) retido por substituição tributária.; (: )
exanfecorp;NFECORP;TOTAL;Dados dos totais da NF-e;1352815791;N;38;VLR_FCP_UF_DEST;NUMBER;22;Y;2;2;47460;1017246621;NO;Valor total do ICMS relativo ao Fundo de Combate à Pobreza (FCP) para a UF de destino.; (: )
exanfecorp;NFECORP;TOTAL;Dados dos totais da NF-e;1352815791;N;6;VLR_FRETE_ICMS;NUMBER;22;Y;2;3;434368;18;NO;Valor Total do Frete; (: )
exanfecorp;NFECORP;TOTAL;Dados dos totais da NF-e;1352815791;N;55;VLR_IBS;NUMBER;22;Y;2;0;0;1352815791;NO;IBSCBSTot>gIBS>vIBS - Valor total do IBS; (: )
exanfecorp;NFECORP;TOTAL;Dados dos totais da NF-e;1352815791;N;69;VLR_IBS_CBS_IS;NUMBER;22;Y;2;0;0;1352815791;NO;vNFTot - Valor total da NF-e com IBS / CBS / IS; (: )
exanfecorp;NFECORP;TOTAL;Dados dos totais da NF-e;1352815791;N;70;VLR_IBS_EST;NUMBER;22;Y;2;0;0;1352815791;NO;IBSCBSTot>gEstornoCred>vIBSEstCred  - Valor total do IBS estornado; (: )
exanfecorp;NFECORP;TOTAL;Dados dos totais da NF-e;1352815791;N;63;VLR_IBS_MON;NUMBER;22;Y;2;0;0;1352815791;NO;IBSCBSTot>gMono> vIBSMono - Total do IBS monofásico; (: )
exanfecorp;NFECORP;TOTAL;Dados dos totais da NF-e;1352815791;N;54;VLR_IBS_MUN;NUMBER;22;Y;2;0;0;1352815791;NO;IBSCBSTot>gIBS>gIBSMun>vIBSMun- Valor total do IBS do Município; (: )
exanfecorp;NFECORP;TOTAL;Dados dos totais da NF-e;1352815791;N;67;VLR_IBS_RET_ANT_MON;NUMBER;22;Y;2;0;0;1352815791;NO;IBSCBSTot>gMono> vIBSMonoRet - Total do IBS monofásico retido anteriormente; (: )
exanfecorp;NFECORP;TOTAL;Dados dos totais da NF-e;1352815791;N;65;VLR_IBS_SUJ_RET_MON;NUMBER;22;Y;2;0;0;1352815791;NO;IBSCBSTot>gMono> vIBSMonoReten - Total do IBS monofásico sujeito a retenção; (: )
exanfecorp;NFECORP;TOTAL;Dados dos totais da NF-e;1352815791;N;51;VLR_IBS_UF;NUMBER;22;Y;2;0;0;1352815791;NO;IBSCBSTot>gIBS>gIBSUF>vIBSUF - Valor total do IBS da UF; (: )
exanfecorp;NFECORP;TOTAL;Dados dos totais da NF-e;1352815791;N;15;VLR_ICMS;NUMBER;22;Y;2;3;2484992;18;NO;Valor Total do ICMS; (: )
exanfecorp;NFECORP;TOTAL;Dados dos totais da NF-e;1352815791;N;29;VLR_ICMS_DESON;NUMBER;22;Y;2;2;597312;310928738;NO;Valor Total do ICMS desonerado; (: )
exanfecorp;NFECORP;TOTAL;Dados dos totais da NF-e;1352815791;N;46;VLR_ICMS_RET_ANT;NUMBER;22;Y;2;2;146464;1347065604;NO;Valor do ICMS retido anteriormente; (: )
exanfecorp;NFECORP;TOTAL;Dados dos totais da NF-e;1352815791;N;9;VLR_II_ICMS;NUMBER;22;Y;2;3;363456;4616;NO;Valor Total do II; (: )
exanfecorp;NFECORP;TOTAL;Dados dos totais da NF-e;1352815791;N;44;VLR_IPI_DEVOLVIDO;NUMBER;22;Y;2;2;50564;560165261;NO;Valor Total do IPI devolvido. Deve ser informado quando preenchido o Grupo Tributos Devolvidos na emissão de nota finNFe=4 (devolução) nas operações com não contribuintes do IPI. Corresponde ao total da soma dos campos id: UA04.; (: )
exanfecorp;NFECORP;TOTAL;Dados dos totais da NF-e;1352815791;N;10;VLR_IPI_ICMS;NUMBER;22;Y;2;3;1113600;18;NO;Valor Total do IPI; (: )
exanfecorp;NFECORP;TOTAL;Dados dos totais da NF-e;1352815791;N;17;VLR_IRRF_RET;NUMBER;22;Y;2;2;34236;1352617476;NO;Valor Retido de IRRF; (: )
exanfecorp;NFECORP;TOTAL;Dados dos totais da NF-e;1352815791;N;47;VLR_IS;NUMBER;22;Y;2;0;0;1352815791;NO;ISTot>vIS - Total do imposto seletivo; (: )
exanfecorp;NFECORP;TOTAL;Dados dos totais da NF-e;1352815791;N;25;VLR_ISS_ISSQN;NUMBER;22;Y;2;2;32720;1352038801;NO;Valor Total do ISS; (: )
exanfecorp;NFECORP;TOTAL;Dados dos totais da NF-e;1352815791;N;35;VLR_ISS_RET;NUMBER;22;Y;2;2;5947;1352803284;NO;Valor Total Retenção ISS; (: )
exanfecorp;NFECORP;TOTAL;Dados dos totais da NF-e;1352815791;N;14;VLR_NF_ICMS;NUMBER;22;Y;2;5;11548672;18;NO;Valor Total da NF-e; (: )
exanfecorp;NFECORP;TOTAL;Dados dos totais da NF-e;1352815791;N;32;VLR_OUTRO;NUMBER;22;Y;2;2;149;1352815458;NO;Valor outras retenções; (: )
exanfecorp;NFECORP;TOTAL;Dados dos totais da NF-e;1352815791;N;13;VLR_OUTRO_ICMS;NUMBER;22;Y;2;3;376480;4631;NO;Outras Despesas acessórias; (: )
exanfecorp;NFECORP;TOTAL;Dados dos totais da NF-e;1352815791;N;39;VLR_PARTILHA_DEST;NUMBER;22;Y;2;2;406272;1015515892;NO;Valor total do ICMS de partilha para a UF do destinatário; (: )
exanfecorp;NFECORP;TOTAL;Dados dos totais da NF-e;1352815791;N;40;VLR_PARTILHA_REMET;NUMBER;22;Y;2;2;137392;1038553146;NO;Valor total do ICMS de partilha para a UF do remetente; (: )
exanfecorp;NFECORP;TOTAL;Dados dos totais da NF-e;1352815791;N;11;VLR_PIS_ICMS;NUMBER;22;Y;2;3;713664;41;NO;Valor do PIS; (: )
exanfecorp;NFECORP;TOTAL;Dados dos totais da NF-e;1352815791;N;26;VLR_PIS_ISSQN;NUMBER;22;Y;2;2;32844;1352236194;NO;Valor do PIS sobre serviços; (: )
exanfecorp;NFECORP;TOTAL;Dados dos totais da NF-e;1352815791;N;19;VLR_PIS_RET;NUMBER;22;Y;2;2;36200;1351679664;NO;Valor Retido de PIS; (: )
exanfecorp;NFECORP;TOTAL;Dados dos totais da NF-e;1352815791;N;21;VLR_PREV_RET;NUMBER;22;Y;2;2;55900;1352563985;NO;Valor da Retenção da Previdêncica Social; (: )
exanfecorp;NFECORP;TOTAL;Dados dos totais da NF-e;1352815791;N;5;VLR_PROD_ICMS;NUMBER;22;Y;2;5;11264000;18;NO;Valor Total dos produtos e serviços; (: )
exanfecorp;NFECORP;TOTAL;Dados dos totais da NF-e;1352815791;N;7;VLR_SEG_ICMS;NUMBER;22;Y;2;3;47300;4631;NO;Valor Total do Seguro; (: )
exanfecorp;NFECORP;TOTAL;Dados dos totais da NF-e;1352815791;N;24;VLR_SERV_ISSQN;NUMBER;22;Y;2;2;129064;1351861323;NO;Valor Total dos Serviços sob não-incidência ou não tributados pelo ICMS; (: )
exanfecorp;NFECORP;TOTAL;Dados dos totais da NF-e;1352815791;N;4;VLR_ST_ICMS;NUMBER;22;Y;2;3;1240576;18;NO;Valor Total do ICMS ST; (: )
exanfecorp;NFECORP;TOTAL;Dados dos totais da NF-e;1352815791;N;37;VLR_TOT_TRIB;NUMBER;22;Y;2;2;2111488;817477785;NO;Valor estimado total de impostos federais, estaduais e municipais; (: )
exanfecorp;NFECORP;XML_ITEM_IRREGULARID_FISC;Tabela utilizada para guardar o xml de autorização e cancelamento;0;N;1;SEQ_XML_ITEM_IRRE_FIS;NUMBER;22;N;0;0;0;0;NO;Sequencial da tabela;PK_XML_ITEM_IRRE_FIS (PRIMARY KEY: ENABLED)- SYS_C00188591 (C: ENABLED)
exanfecorp;NFECORP;XML_ITEM_IRREGULARID_FISC;Tabela utilizada para guardar o xml de autorização e cancelamento;0;N;2;TXT_XML_AUTORIZACAO;CLOB;4000;Y;;0;0;0;NO;Xml de autorização; (: )
exanfecorp;NFECORP;XML_ITEM_IRREGULARID_FISC;Tabela utilizada para guardar o xml de autorização e cancelamento;0;N;3;TXT_XML_CANCELAMENTO;CLOB;4000;Y;;0;0;0;NO;Xml de autorização; (: )
