DB_INSTANCE_NAME;OWNER;TABLE_NAME;TAB_COMMENTS;NUM_ROWS;DUPLICATED;COLUMN_ID;COLUMN_NAME;DATA_TYPE;DATA_LENGTH;NULLABLE;DATA_SCALE;AVG_COL_LEN;NUM_DISTINCT;NUM_NULLS;DEFAULT_ON_NULL;COL_COMMENTS;CONSTRAINTS
exaprod;SISCOEX2;ACRESCIMO_DEDUCAO;TABELA PARA REGISTRO DE ACRESCIMO DE DEDUCAO;3457;N;4;COD_ACRESCIMO_DEDUCAO;NUMBER;22;Y;0;3;9;0;NO;"Código do acréscimo/dedução. Referencia: codigo.Domínio:
Disponível nas Tabelas Aduaneiras";FK_TIPO_ACR_DED_R_ACR_DED (FOREIGN KEY: ENABLED)
exaprod;SISCOEX2;ACRESCIMO_DEDUCAO;TABELA PARA REGISTRO DE ACRESCIMO DE DEDUCAO;3457;N;2;COD_MOEDA;NUMBER;22;Y;0;4;10;0;NO;"Moeda negociada para o acréscimo/dedução. Referencia:
moeda. Domínio: Tabela de moedas.";FK_MOEDA_R_ACRESCIMO_DEDUCAO (FOREIGN KEY: ENABLED)
exaprod;SISCOEX2;ACRESCIMO_DEDUCAO;TABELA PARA REGISTRO DE ACRESCIMO DE DEDUCAO;3457;N;3;COD_TIPO_OPERACAO;NUMBER;22;Y;0;3;2;0;NO;"Tipo da operação (acréscimo ou dedução). Referencia:
tipoOperacao.
Domínio: 1 - Acréscimo , 2 – Dedução";FK_TIPO_ACR_DED_R_ACR_DED (FOREIGN KEY: ENABLED)
exaprod;SISCOEX2;ACRESCIMO_DEDUCAO;TABELA PARA REGISTRO DE ACRESCIMO DE DEDUCAO;3457;N;1;SEQ_ACRESCIMO_DEDUCAO;NUMBER;22;N;0;4;3457;0;NO;SEQ ACRESCIMO DEDUCAO;PK_ACRESCIMO_DEDUCAO (PRIMARY KEY: ENABLED)- SYS_C001546796 (C: ENABLED)
exaprod;SISCOEX2;ACRESCIMO_DEDUCAO;TABELA PARA REGISTRO DE ACRESCIMO DE DEDUCAO;3457;N;5;SEQ_ITEM;NUMBER;22;Y;0;5;3148;0;NO;SEQ ITEM;FK_ITEM_DUIMP_R_ACRESCIMO_DED (FOREIGN KEY: ENABLED)
exaprod;SISCOEX2;ACRESCIMO_DEDUCAO;TABELA PARA REGISTRO DE ACRESCIMO DE DEDUCAO;3457;N;6;VLR_ACRESC_DED_MOEDA_NEGOCIADA;NUMBER;22;Y;2;5;1967;0;NO;; (: )
exaprod;SISCOEX2;ACRESCIMO_DEDUCAO;TABELA PARA REGISTRO DE ACRESCIMO DE DEDUCAO;3457;N;7;VLR_ACRESC_DED_REAL;NUMBER;22;Y;2;5;2182;0;NO;; (: )
exaprod;SISCOEX2;ALCANCE_BENEFICIO;TABELA QUE ARMAZENA ALCANCES_BENEFICIO;51;N;2;COD_ALCANCE;NUMBER;22;Y;0;3;21;0;NO;CODIGO DO TERMO DE ACORDO; (: )
exaprod;SISCOEX2;ALCANCE_BENEFICIO;TABELA QUE ARMAZENA ALCANCES_BENEFICIO;51;N;3;SEQ_ALCANCE_BENEFICIO;NUMBER;22;N;0;3;51;0;NO;;SYS_C001560209 (C: ENABLED)
exaprod;SISCOEX2;ALCANCE_BENEFICIO;TABELA QUE ARMAZENA ALCANCES_BENEFICIO;51;N;1;SEQ_BENEFICIO;NUMBER;22;Y;0;3;9;0;NO;SEQUENCIAL DA TABELA DE BENEFICIOS;FK_ALCANCE_R_BENEFICIO (FOREIGN KEY: ENABLED)
exaprod;SISCOEX2;ATRIBUTO_DINAMICO;TABELA PARA REGISTRO DE ATRIBUTO DINAMICO;412698;N;3;COD_ATRIBUTO_DINAMICO;VARCHAR2;12;Y;;10;36;0;NO;Obtido do Catálogo de Produtos. Referencia: codigo.; (: )
exaprod;SISCOEX2;ATRIBUTO_DINAMICO;TABELA PARA REGISTRO DE ATRIBUTO DINAMICO;412698;N;1;SEQ_ATRIBUTO_DINAMICO;NUMBER;22;N;0;5;412698;0;NO;SEQ ATRIBUTO DINAMICO;PK_ATRIBUTO_DINAMICO (PRIMARY KEY: ENABLED)- SYS_C001546798 (C: ENABLED)
exaprod;SISCOEX2;ATRIBUTO_DINAMICO;TABELA PARA REGISTRO DE ATRIBUTO DINAMICO;412698;N;2;SEQ_ITEM;NUMBER;22;Y;0;5;94688;0;NO;SEQ ITEM;FK_ITEM_DUIMP_R_ATR_DIN (FOREIGN KEY: ENABLED)
exaprod;SISCOEX2;ATRIBUTO_DINAMICO;TABELA PARA REGISTRO DE ATRIBUTO DINAMICO;412698;N;4;TXT_VLR_ATRIBUTO_DINAMICO;VARCHAR2;1024;Y;;5;18202;265517;NO;Obtido do Catálogo de Produtos. Referencia: valor.; (: )
exaprod;SISCOEX2;ATRIBUTO_DINAMICO_TRIB;TABELA PARA REGISTRO DE ATRIBUTOS DINAMICOS TRIB;60879;N;3;COD_ATRIBUTO_DINAMICO_TRIB;VARCHAR2;12;Y;;10;46;0;NO;Codigo do atributo. Referencia: codigo.; (: )
exaprod;SISCOEX2;ATRIBUTO_DINAMICO_TRIB;TABELA PARA REGISTRO DE ATRIBUTOS DINAMICOS TRIB;60879;N;5;DSC_ATRIBUTO_DINAMICO_TRIB;VARCHAR2;80;Y;;15;46;0;NO;Descrição do abritubo. Referencia: descricao.; (: )
exaprod;SISCOEX2;ATRIBUTO_DINAMICO_TRIB;TABELA PARA REGISTRO DE ATRIBUTOS DINAMICOS TRIB;60879;N;1;SEQ_ATRIBUTO_DINAMICO_TRIB;NUMBER;22;N;0;5;60879;0;NO;SEQ ATRIBUTO DINAMICO TRIB;PK_ATRIBUTO_DINAMICO_TRIB (PRIMARY KEY: ENABLED)- SYS_C001546800 (C: ENABLED)
exaprod;SISCOEX2;ATRIBUTO_DINAMICO_TRIB;TABELA PARA REGISTRO DE ATRIBUTOS DINAMICOS TRIB;60879;N;2;SEQ_TRIBUTO_APLICADO;NUMBER;22;Y;0;5;55780;0;NO;SEQ TRIBUTO APLICADO;FK_ITEM_TRI_APL_R_ATR_DIN_TRIB (FOREIGN KEY: ENABLED)
exaprod;SISCOEX2;ATRIBUTO_DINAMICO_TRIB;TABELA PARA REGISTRO DE ATRIBUTOS DINAMICOS TRIB;60879;N;6;TXT_TIPO_ATRIBUTO;VARCHAR2;100;Y;;0;0;60879;NO;Tipo do Atributo. Referencia: tipoAtributo.; (: )
exaprod;SISCOEX2;ATRIBUTO_DINAMICO_TRIB;TABELA PARA REGISTRO DE ATRIBUTOS DINAMICOS TRIB;60879;N;7;TXT_TIPO_CAMPO_ADICIONAL;VARCHAR2;100;Y;;6;4;0;NO;Tipo do Campo Adicional. Referencia: tipoCampoAdicional.; (: )
exaprod;SISCOEX2;ATRIBUTO_DINAMICO_TRIB;TABELA PARA REGISTRO DE ATRIBUTOS DINAMICOS TRIB;60879;N;4;VLR_ATRIBUTO_DINAMICO_TRIB;VARCHAR2;1000;Y;;5;465;0;NO;Valor do atributo.Referencia: valor; (: )
exaprod;SISCOEX2;BENEFICIO;TABELA QUE ARMAZENA OS DADOS DOS BENEFICIOS;141;N;3;COD_TIPO_TRAT_TRIB;NUMBER;22;Y;0;3;6;0;NO;CODIGO DO TRATAMENTO TRIBUTARIO;FK_BENEFICIO_R_TIP_TRAT (FOREIGN KEY: ENABLED)
exaprod;SISCOEX2;BENEFICIO;TABELA QUE ARMAZENA OS DADOS DOS BENEFICIOS;141;N;6;DAT_FIM_VIGENCIA;DATE;7;Y;;3;2;118;NO;DATA DO FIM DA VIGENCIA DO BENEFICIO; (: )
exaprod;SISCOEX2;BENEFICIO;TABELA QUE ARMAZENA OS DADOS DOS BENEFICIOS;141;N;7;DAT_INCLUSAO;DATE;7;Y;;8;141;0;NO;DATA DE INCLUSAO DO BENEFICIO; (: )
exaprod;SISCOEX2;BENEFICIO;TABELA QUE ARMAZENA OS DADOS DOS BENEFICIOS;141;N;5;DAT_INI_VIGENCIA;DATE;7;Y;;8;4;0;NO;DATA DE INICIO DA VIGENCIA DO BENEFICIO; (: )
exaprod;SISCOEX2;BENEFICIO;TABELA QUE ARMAZENA OS DADOS DOS BENEFICIOS;141;N;2;DSC_BENEFICIO;VARCHAR2;200;Y;;81;137;0;NO;DESCRICAO DO BENEFICIO; (: )
exaprod;SISCOEX2;BENEFICIO;TABELA QUE ARMAZENA OS DADOS DOS BENEFICIOS;141;N;9;DSC_FIM_FUNDAM_LEGAL;VARCHAR2;2000;Y;;14;21;0;NO;FIM TEXTO FUNAMENTACAO LEGAL; (: )
exaprod;SISCOEX2;BENEFICIO;TABELA QUE ARMAZENA OS DADOS DOS BENEFICIOS;141;N;10;DSC_FUNDAM_LEGAL_IMPRESSA;VARCHAR2;2000;Y;;82;99;28;NO;FUNDAMENTACAO LEGAL CONCATENADA; (: )
exaprod;SISCOEX2;BENEFICIO;TABELA QUE ARMAZENA OS DADOS DOS BENEFICIOS;141;N;8;DSC_INI_FUNDAM_LEGAL;VARCHAR2;2000;Y;;90;123;0;NO;INICIO TEXTO FUNDAMENTACAO LEGAL; (: )
exaprod;SISCOEX2;BENEFICIO;TABELA QUE ARMAZENA OS DADOS DOS BENEFICIOS;141;N;1;SEQ_BENEFICIO;NUMBER;22;N;0;4;141;0;NO;SEQUENCIAL DA TABELA DE BENEFICIOS;PK_BENEFICIO (PRIMARY KEY: ENABLED)- SYS_C001546802 (C: ENABLED)
exaprod;SISCOEX2;BENEFICIO;TABELA QUE ARMAZENA OS DADOS DOS BENEFICIOS;141;N;12;STA_APENAS_PROTOC_INTEN;NUMBER;22;Y;0;3;2;0;NO;STATUS SE EXIGIR APENAS PROTOCOLO DE INTENCAO; (: )
exaprod;SISCOEX2;BENEFICIO;TABELA QUE ARMAZENA OS DADOS DOS BENEFICIOS;141;N;4;STA_BENEFICIO;NUMBER;22;Y;0;3;2;0;NO;STATUS DO BENEFICIO; (: )
exaprod;SISCOEX2;BENEFICIO;TABELA QUE ARMAZENA OS DADOS DOS BENEFICIOS;141;N;17;STA_CERTIF_SIMILAR;NUMBER;22;Y;0;3;2;0;NO;STATUS CERTIFICADO SIMILAR; (: )
exaprod;SISCOEX2;BENEFICIO;TABELA QUE ARMAZENA OS DADOS DOS BENEFICIOS;141;N;21;STA_COMPET_CEBEF;NUMBER;22;Y;0;3;2;0;NO;STATUS COMPETENCIA CEBEF; (: )
exaprod;SISCOEX2;BENEFICIO;TABELA QUE ARMAZENA OS DADOS DOS BENEFICIOS;141;N;11;STA_DIF_VINC_TRM_ACORDO;NUMBER;22;Y;0;3;2;0;NO;STATUS DIFERIMENTO VICULO TERMO DE ACORDO; (: )
exaprod;SISCOEX2;BENEFICIO;TABELA QUE ARMAZENA OS DADOS DOS BENEFICIOS;141;N;19;STA_ENVOLVE_DIFERIM;NUMBER;22;Y;0;3;2;0;NO;STATUS ENVOLVE DIFERIMENTO; (: )
exaprod;SISCOEX2;BENEFICIO;TABELA QUE ARMAZENA OS DADOS DOS BENEFICIOS;141;N;20;STA_EXIGE_CERT_NEG_DEB;NUMBER;22;Y;0;3;2;0;NO;STATUS EXIGE CERTIDAO NEGATIVA DE DEBITOS; (: )
exaprod;SISCOEX2;BENEFICIO;TABELA QUE ARMAZENA OS DADOS DOS BENEFICIOS;141;N;22;STA_EXIGE_NAO_SIMILAR;NUMBER;22;Y;0;3;2;0;NO;STATUS EXIGE NAO SIMILAR; (: )
exaprod;SISCOEX2;BENEFICIO;TABELA QUE ARMAZENA OS DADOS DOS BENEFICIOS;141;N;13;STA_EXIGE_RESOL_CONDEC;NUMBER;22;Y;0;3;2;0;NO;STATUS CONF EXIGE RESOLUCAO CONDEC; (: )
exaprod;SISCOEX2;BENEFICIO;TABELA QUE ARMAZENA OS DADOS DOS BENEFICIOS;141;N;18;STA_EXTENSIVO_ST;NUMBER;22;Y;0;3;2;0;NO;STATUS EXTENSIVO ST; (: )
exaprod;SISCOEX2;BENEFICIO;TABELA QUE ARMAZENA OS DADOS DOS BENEFICIOS;141;N;26;STA_MANDATO_SEGURANCA;NUMBER;22;Y;0;3;2;0;NO;Status do mandato de segurança (0 - Não, 1 - Sim).; (: )
exaprod;SISCOEX2;BENEFICIO;TABELA QUE ARMAZENA OS DADOS DOS BENEFICIOS;141;N;25;STA_PERMITE_DEF_AUTOMATICO;NUMBER;22;Y;0;3;2;0;NO;Indica se o sistema permite a definição automática (1 = Sim, 0 = Não).; (: )
exaprod;SISCOEX2;BENEFICIO;TABELA QUE ARMAZENA OS DADOS DOS BENEFICIOS;141;N;14;STA_PERMITE_REQ_RESOL_CONDEC;NUMBER;22;Y;0;3;2;0;NO;STATUS PERMITE REQUERIMENTO RESOLUCAO CONDEC; (: )
exaprod;SISCOEX2;BENEFICIO;TABELA QUE ARMAZENA OS DADOS DOS BENEFICIOS;141;N;23;STA_REGIME_ADMIS_TEMP;NUMBER;22;Y;0;3;2;0;NO;STATUS REGIME ADMISSAO TEMPORARIA; (: )
exaprod;SISCOEX2;BENEFICIO;TABELA QUE ARMAZENA OS DADOS DOS BENEFICIOS;141;N;16;STA_RESOL_CONDEC;NUMBER;22;Y;0;3;2;0;NO;STATUS RESOLUCAO CONDEC; (: )
exaprod;SISCOEX2;BENEFICIO;TABELA QUE ARMAZENA OS DADOS DOS BENEFICIOS;141;N;15;STA_TERMO_ACORDO_REGIME;NUMBER;22;Y;0;3;2;0;NO;STATUS TERMO ACORDO REGIME; (: )
exaprod;SISCOEX2;BENEFICIO;TABELA QUE ARMAZENA OS DADOS DOS BENEFICIOS;141;N;24;VLR_PERCENT_DIFERM;NUMBER;22;Y;2;3;4;9;NO;VALOR PERCENTUAL DIFERIMENTO; (: )
exaprod;SISCOEX2;CALCULO_TRIBUTACAO;TABELA PARA REGISTRO DE CALCULO DA TRIBUTACAO;391347;N;3;COD_FUNDAMENTO_LEGAL_N;NUMBER;22;Y;0;4;8;16;NO;COD FUNDAMENTO LEGAL N;FK_FUND_LEGAL_N_R_CALC_TRIB (FOREIGN KEY: ENABLED)
exaprod;SISCOEX2;CALCULO_TRIBUTACAO;TABELA PARA REGISTRO DE CALCULO DA TRIBUTACAO;391347;N;8;COD_INDICACAO_TRIBUTADO;NUMBER;22;Y;0;3;3;0;NO;"Indicador de tributado. Referencia: indicadorTributado.
Domínio: 1 – Sim, 2 – Não"; (: )
exaprod;SISCOEX2;CALCULO_TRIBUTACAO;TABELA PARA REGISTRO DE CALCULO DA TRIBUTACAO;391347;N;5;COD_TIPO_ALIQUOTA;VARCHAR2;3;Y;;2;2;4899;NO;COD TIPO ALIQUOTA;FK_TIPO_ALIQ_R_CALCULO_TRIB (FOREIGN KEY: ENABLED)
exaprod;SISCOEX2;CALCULO_TRIBUTACAO;TABELA PARA REGISTRO DE CALCULO DA TRIBUTACAO;391347;N;2;COD_TIPO_IMPOSTO;VARCHAR2;2;Y;;2;6;0;NO;"Memória de Cálculo por Código de Tipo de Imposto.
";FK_TIPO_IMPOSTO_R_CALCULO_TRIB (FOREIGN KEY: ENABLED)
exaprod;SISCOEX2;CALCULO_TRIBUTACAO;TABELA PARA REGISTRO DE CALCULO DA TRIBUTACAO;391347;N;1;SEQ_CALCULO_TRIBUTACAO;NUMBER;22;N;0;5;391347;0;NO;SEQ CALC TRIBUTACAO;PK_CALCULO_TRIBUTACAO (PRIMARY KEY: ENABLED)- SYS_C001546804 (C: ENABLED)
exaprod;SISCOEX2;CALCULO_TRIBUTACAO;TABELA PARA REGISTRO DE CALCULO DA TRIBUTACAO;391347;N;6;SEQ_ITEM;NUMBER;22;Y;0;5;98064;0;NO;SEQ ITEM;FK_ITEM_DUIMP_R_CALCULO_TRIB (FOREIGN KEY: ENABLED)
exaprod;SISCOEX2;CALCULO_TRIBUTACAO;TABELA PARA REGISTRO DE CALCULO DA TRIBUTACAO;391347;N;12;VLR_ALIQUOTA;NUMBER;22;Y;2;4;108;5139;NO;; (: )
exaprod;SISCOEX2;CALCULO_TRIBUTACAO;TABELA PARA REGISTRO DE CALCULO DA TRIBUTACAO;391347;N;13;VLR_ALQT_ESPECIFICA;NUMBER;22;Y;2;2;142;390646;NO;; (: )
exaprod;SISCOEX2;CALCULO_TRIBUTACAO;TABELA PARA REGISTRO DE CALCULO DA TRIBUTACAO;391347;N;14;VLR_ALQT_REDZ;NUMBER;22;Y;2;2;11;384461;NO;; (: )
exaprod;SISCOEX2;CALCULO_TRIBUTACAO;TABELA PARA REGISTRO DE CALCULO DA TRIBUTACAO;391347;N;16;VLR_A_REDUZIR;NUMBER;22;Y;2;2;3242;384445;NO;; (: )
exaprod;SISCOEX2;CALCULO_TRIBUTACAO;TABELA PARA REGISTRO DE CALCULO DA TRIBUTACAO;391347;N;10;VLR_BASE_CALC_ESPECIFICA;NUMBER;22;Y;2;2;283;390646;NO;; (: )
exaprod;SISCOEX2;CALCULO_TRIBUTACAO;TABELA PARA REGISTRO DE CALCULO DA TRIBUTACAO;391347;N;11;VLR_BASE_CALC_REDZ;NUMBER;22;Y;2;2;3;391331;NO;; (: )
exaprod;SISCOEX2;CALCULO_TRIBUTACAO;TABELA PARA REGISTRO DE CALCULO DA TRIBUTACAO;391347;N;9;VLR_BASE_CALCULO;NUMBER;22;Y;2;6;141472;5139;NO;; (: )
exaprod;SISCOEX2;CALCULO_TRIBUTACAO;TABELA PARA REGISTRO DE CALCULO DA TRIBUTACAO;391347;N;7;VLR_CALC;NUMBER;22;Y;5;5;149040;4422;NO;Valor Calculado em Real. Referencia: valorCalculado.; (: )
exaprod;SISCOEX2;CALCULO_TRIBUTACAO;TABELA PARA REGISTRO DE CALCULO DA TRIBUTACAO;391347;N;23;VLR_CALC_PAG_PROPORCIONAL;NUMBER;22;Y;2;2;16;391331;NO;; (: )
exaprod;SISCOEX2;CALCULO_TRIBUTACAO;TABELA PARA REGISTRO DE CALCULO DA TRIBUTACAO;391347;N;17;VLR_DEVIDO;NUMBER;22;Y;2;5;147712;4422;NO;; (: )
exaprod;SISCOEX2;CALCULO_TRIBUTACAO;TABELA PARA REGISTRO DE CALCULO DA TRIBUTACAO;391347;N;19;VLR_IMPOSTO_RECOLHER;NUMBER;22;Y;2;5;137568;4422;NO;; (: )
exaprod;SISCOEX2;CALCULO_TRIBUTACAO;TABELA PARA REGISTRO DE CALCULO DA TRIBUTACAO;391347;N;20;VLR_NORMAL;NUMBER;22;Y;2;5;150720;3890;NO;; (: )
exaprod;SISCOEX2;CALCULO_TRIBUTACAO;TABELA PARA REGISTRO DE CALCULO DA TRIBUTACAO;391347;N;21;VLR_ORIG_DEVIDO;NUMBER;22;Y;2;2;16;391331;NO;; (: )
exaprod;SISCOEX2;CALCULO_TRIBUTACAO;TABELA PARA REGISTRO DE CALCULO DA TRIBUTACAO;391347;N;22;VLR_PERC_PAG_PROPORCIONAL;NUMBER;22;Y;2;2;6;390915;NO;; (: )
exaprod;SISCOEX2;CALCULO_TRIBUTACAO;TABELA PARA REGISTRO DE CALCULO DA TRIBUTACAO;391347;N;15;VLR_PERC_REDCUCAO_ALQT_RDZ;NUMBER;22;Y;2;2;1;391343;NO;; (: )
exaprod;SISCOEX2;CALCULO_TRIBUTACAO;TABELA PARA REGISTRO DE CALCULO DA TRIBUTACAO;391347;N;4;VLR_PERC_REDUCAO_BC;NUMBER;22;Y;5;2;1;391331;NO;"Percentual de Redução da Base de Cálculo (%). Referencia:
percReducaoBaseCalculo."; (: )
exaprod;SISCOEX2;CALCULO_TRIBUTACAO;TABELA PARA REGISTRO DE CALCULO DA TRIBUTACAO;391347;N;18;VLR_SUSPENSO;NUMBER;22;Y;2;2;15261;369130;NO;; (: )
exaprod;SISCOEX2;CODIGO_SITRAM_BENEFICIO;TABELA QUE ARMAZENA OS CODIGOS DO SITRAM REFERENTES AO BENEFICIO;167;N;2;COD_SITRAM;VARCHAR2;6;Y;;6;79;0;NO;CODIGO DO DOCUMENTO; (: )
exaprod;SISCOEX2;CODIGO_SITRAM_BENEFICIO;TABELA QUE ARMAZENA OS CODIGOS DO SITRAM REFERENTES AO BENEFICIO;167;N;1;SEQ_BENEFICIO;NUMBER;22;Y;0;4;118;0;NO;SEQUENCIAL DA TABELA DE BENEFICIOS;FK_COD_SITRAM_R_BENF (FOREIGN KEY: ENABLED)
exaprod;SISCOEX2;CODIGO_SITRAM_BENEFICIO;TABELA QUE ARMAZENA OS CODIGOS DO SITRAM REFERENTES AO BENEFICIO;167;N;3;SEQ_CODIGO_SITRAM_BENEFICIO;NUMBER;22;N;0;4;167;0;NO;;SYS_C001560208 (C: ENABLED)
exaprod;SISCOEX2;COMP_FUND_LEG_BENEFICIO;TABELA QUE ARMAZENA OS COMEPLEMENTOS DE FUNDAMENTACAO LEGAL DO BENEFICIO;62;N;2;COD_ORDEM_COMPLEMENTO;NUMBER;22;Y;0;3;4;0;NO;CODIGO QUE REPRESENTA A ORDENACAO DO COMPLEMENTO DO BENEFICIO; (: )
exaprod;SISCOEX2;COMP_FUND_LEG_BENEFICIO;TABELA QUE ARMAZENA OS COMEPLEMENTOS DE FUNDAMENTACAO LEGAL DO BENEFICIO;62;N;3;DSC_TIPO_COMPLEMENTO;VARCHAR2;20;Y;;9;5;0;NO;TIPO DE COMPLEMENTO; (: )
exaprod;SISCOEX2;COMP_FUND_LEG_BENEFICIO;TABELA QUE ARMAZENA OS COMEPLEMENTOS DE FUNDAMENTACAO LEGAL DO BENEFICIO;62;N;1;SEQ_BENEFICIO;NUMBER;22;Y;0;4;48;0;NO;SEQUENCIAL DA TABELA DE BENEFICIOS;FK_COMP_FUN_R_BENEFICIO (FOREIGN KEY: ENABLED)
exaprod;SISCOEX2;COMP_FUND_LEG_BENEFICIO;TABELA QUE ARMAZENA OS COMEPLEMENTOS DE FUNDAMENTACAO LEGAL DO BENEFICIO;62;N;7;SEQ_COMP_FUND_LEG_BENEFICIO;NUMBER;22;N;0;3;62;0;NO;;SYS_C001560207 (C: ENABLED)
exaprod;SISCOEX2;COMP_FUND_LEG_BENEFICIO;TABELA QUE ARMAZENA OS COMEPLEMENTOS DE FUNDAMENTACAO LEGAL DO BENEFICIO;62;N;6;TXT_LIVRE;VARCHAR2;300;Y;;27;18;37;NO;CAMPO PARA TEXTO LIVRE; (: )
exaprod;SISCOEX2;COMP_FUND_LEG_BENEFICIO;TABELA QUE ARMAZENA OS COMEPLEMENTOS DE FUNDAMENTACAO LEGAL DO BENEFICIO;62;N;5;VLR_INTERVALO_FINAL;VARCHAR2;10;Y;;3;18;25;NO;VALOR INTERVALO FINAL; (: )
exaprod;SISCOEX2;COMP_FUND_LEG_BENEFICIO;TABELA QUE ARMAZENA OS COMEPLEMENTOS DE FUNDAMENTACAO LEGAL DO BENEFICIO;62;N;4;VLR_INTERVALO_INICIAL;VARCHAR2;10;Y;;2;4;25;NO;VALOR INTERVALO INICIAL; (: )
exaprod;SISCOEX2;COMPONENTE_FRETE_AEREA;dados dos componentes de frete de uma carga aérea.;2750;N;2;SEQ_CARGA_AEREA;NUMBER;22;Y;0;5;2686;0;NO;sequencial da carga aerea.;FK_CARGA_AEREA (FOREIGN KEY: ENABLED)
exaprod;SISCOEX2;COMPONENTE_FRETE_AEREA;dados dos componentes de frete de uma carga aérea.;2750;N;1;SEQ_COMP_FRETE_AEREA;NUMBER;22;N;0;5;2750;0;NO;sequencial do componente de frete aerea.;PK_COMP_FRETE_AEREA (PRIMARY KEY: ENABLED)
exaprod;SISCOEX2;COMPONENTE_FRETE_AEREA;dados dos componentes de frete de uma carga aérea.;2750;N;3;TIP_TOTAL_MOEDA;VARCHAR2;30;Y;;19;2;0;NO;tipo de totalizador do componente do frete.; (: )
exaprod;SISCOEX2;COMPONENTE_FRETE_AEREA;dados dos componentes de frete de uma carga aérea.;2750;N;4;TXT_COLLECT_MOEDA;VARCHAR2;3;Y;;4;15;165;NO;código da moeda utilizada neste componente de frete (iso-4217).; (: )
exaprod;SISCOEX2;COMPONENTE_FRETE_AEREA;dados dos componentes de frete de uma carga aérea.;2750;N;8;TXT_FLAG_COMPONETE_TIPO;VARCHAR2;1;Y;;2;2;0;NO;flag para identificar se é componente de frete destino ou origem.;CKC_TXT_FLAG_COMPONETE_TIPO (C: ENABLED)
exaprod;SISCOEX2;COMPONENTE_FRETE_AEREA;dados dos componentes de frete de uma carga aérea.;2750;N;6;TXT_PREPAID_MOEDA;VARCHAR2;3;Y;;4;15;465;NO;código da moeda utilizada neste componente de frete (iso-4217).; (: )
exaprod;SISCOEX2;COMPONENTE_FRETE_AEREA;dados dos componentes de frete de uma carga aérea.;2750;N;5;VLR_COLLECT_VALOR;NUMBER;22;Y;7;5;1663;165;NO;valor deste componente de frete.; (: )
exaprod;SISCOEX2;COMPONENTE_FRETE_AEREA;dados dos componentes de frete de uma carga aérea.;2750;N;7;VLR_PREPAID_VALOR;NUMBER;22;Y;7;3;486;465;NO;valor deste componente de frete.; (: )
exaprod;SISCOEX2;COMPONENTE_FRETE_AQUAVIARIA;componentes de frete aquaviaria.;30417;N;4;COD_COMPONETE_FRETE;VARCHAR2;3;Y;;4;17;0;NO;código do componente do frete.; (: )
exaprod;SISCOEX2;COMPONENTE_FRETE_AQUAVIARIA;componentes de frete aquaviaria.;30417;N;5;COD_MOEDA;VARCHAR2;3;Y;;4;26;0;NO;código da moeda utilizada no frete do componente.; (: )
exaprod;SISCOEX2;COMPONENTE_FRETE_AQUAVIARIA;componentes de frete aquaviaria.;30417;N;3;DSC_COMPONETE_FRETE;VARCHAR2;200;Y;;21;17;0;NO;descrição do componente.; (: )
exaprod;SISCOEX2;COMPONENTE_FRETE_AQUAVIARIA;componentes de frete aquaviaria.;30417;N;2;SEQ_CARGA_AQUAVIARIA;NUMBER;22;Y;0;5;8926;258;NO;código da carga aquaviaria.;FK_CARGA_AQUAVIARIA (FOREIGN KEY: ENABLED)
exaprod;SISCOEX2;COMPONENTE_FRETE_AQUAVIARIA;componentes de frete aquaviaria.;30417;N;1;SEQ_COMP_FRETE_AQUAVIARIA;NUMBER;22;N;0;5;30417;0;NO;sequencial do componente de frete aquaviaria.;PK_COMP_FRETE_AQUAVIARIA (PRIMARY KEY: ENABLED)
exaprod;SISCOEX2;COMPONENTE_FRETE_AQUAVIARIA;componentes de frete aquaviaria.;30417;N;7;TXT_PAGAMENTO;VARCHAR2;7;Y;;8;2;258;NO;tipo de pagamento.; (: )
exaprod;SISCOEX2;COMPONENTE_FRETE_AQUAVIARIA;componentes de frete aquaviaria.;30417;N;6;VLR_MOEDA;NUMBER;22;Y;7;4;5865;0;NO;valor do frete na moeda utilizada pelo componente.; (: )
exaprod;SISCOEX2;CONDICAO_DEFERIMENTO;Tabela para registro de condições do deferimento condicionado.;5;N;10;COD_USU_ATUALIZACAO;NUMBER;22;Y;0;0;0;5;NO;código do usuário que atualizou o registro.; (: )
exaprod;SISCOEX2;CONDICAO_DEFERIMENTO;Tabela para registro de condições do deferimento condicionado.;5;N;9;COD_USU_CRIACAO;NUMBER;22;N;0;5;1;0;NO;código do usuário que criou o registro.;SYS_C001560197 (C: ENABLED)
exaprod;SISCOEX2;CONDICAO_DEFERIMENTO;Tabela para registro de condições do deferimento condicionado.;5;N;7;DAT_ATUALIZACAO;TIMESTAMP(6);11;Y;6;1;0;5;NO;data de atualização do registro.; (: )
exaprod;SISCOEX2;CONDICAO_DEFERIMENTO;Tabela para registro de condições do deferimento condicionado.;5;N;6;DAT_CRIACAO;TIMESTAMP(6);11;N;6;11;5;0;NO;data de criação do registro.;SYS_C001560196 (C: ENABLED)
exaprod;SISCOEX2;CONDICAO_DEFERIMENTO;Tabela para registro de condições do deferimento condicionado.;5;N;8;DAT_EXCLUSAO;TIMESTAMP(6);11;Y;6;1;0;5;NO;data de exclusão do registro.; (: )
exaprod;SISCOEX2;CONDICAO_DEFERIMENTO;Tabela para registro de condições do deferimento condicionado.;5;N;11;DSC_TIPO_CONDICAO;VARCHAR2;100;Y;;28;5;0;NO;Descrição do tipo da condição de deferimento.; (: )
exaprod;SISCOEX2;CONDICAO_DEFERIMENTO;Tabela para registro de condições do deferimento condicionado.;5;N;3;NUM_PRAZO;NUMBER;22;N;0;3;4;0;NO;prazo da condiçao.;SYS_C001560193 (C: ENABLED)
exaprod;SISCOEX2;CONDICAO_DEFERIMENTO;Tabela para registro de condições do deferimento condicionado.;5;N;1;SEQ_ID;NUMBER;22;N;0;3;5;0;NO;código autonumérico de identificação do registro.;PK_CONDICAO_DEFERIMENTO (PRIMARY KEY: ENABLED)- SYS_C001560191 (C: ENABLED)
exaprod;SISCOEX2;CONDICAO_DEFERIMENTO;Tabela para registro de condições do deferimento condicionado.;5;N;5;SIT_SITUACAO;VARCHAR2;10;N;;6;1;0;NO;situação do registro.;SYS_C001560195 (C: ENABLED)
exaprod;SISCOEX2;CONDICAO_DEFERIMENTO;Tabela para registro de condições do deferimento condicionado.;5;N;4;TIP_PRAZO;VARCHAR2;10;N;;6;2;0;NO;tipo do prazo.;SYS_C001560194 (C: ENABLED)
exaprod;SISCOEX2;CONDICAO_DEFERIMENTO;Tabela para registro de condições do deferimento condicionado.;5;N;2;TXT_DESCRICAO;VARCHAR2;100;N;;47;5;0;NO;nome do tipo de documento auxiliar.;SYS_C001560192 (C: ENABLED)
exaprod;SISCOEX2;CONFIGURACOES_GERAIS;Tabela de configurações gerais do sistema.;8;N;13;COD_USU_ATUALIZACAO;NUMBER;22;Y;0;2;1;7;NO;código do usuário que atualizou o registro.; (: )
exaprod;SISCOEX2;CONFIGURACOES_GERAIS;Tabela de configurações gerais do sistema.;8;N;12;COD_USU_CRIACAO;NUMBER;22;N;0;5;1;0;NO;código do usuário que criou o registro.;SYS_C001560189 (C: ENABLED)
exaprod;SISCOEX2;CONFIGURACOES_GERAIS;Tabela de configurações gerais do sistema.;8;N;10;DAT_ATUALIZACAO;TIMESTAMP(6);11;Y;6;3;1;7;NO;data de atualização do registro.; (: )
exaprod;SISCOEX2;CONFIGURACOES_GERAIS;Tabela de configurações gerais do sistema.;8;N;9;DAT_CRIACAO;TIMESTAMP(6);11;N;6;11;8;0;NO;data de criação do registro.;SYS_C001560188 (C: ENABLED)
exaprod;SISCOEX2;CONFIGURACOES_GERAIS;Tabela de configurações gerais do sistema.;8;N;11;DAT_EXCLUSAO;TIMESTAMP(6);11;Y;6;1;0;8;NO;data de exclusão do registro.; (: )
exaprod;SISCOEX2;CONFIGURACOES_GERAIS;Tabela de configurações gerais do sistema.;8;N;5;NUM_TAMANHO;NUMBER;22;Y;4;2;2;6;NO;tamanho.; (: )
exaprod;SISCOEX2;CONFIGURACOES_GERAIS;Tabela de configurações gerais do sistema.;8;N;1;SEQ_ID;NUMBER;22;N;0;3;8;0;NO;código autonumérico de identificação do registro.;PK_CONFIGURACOES_GERAIS (PRIMARY KEY: ENABLED)- SYS_C001560186 (C: ENABLED)
exaprod;SISCOEX2;CONFIGURACOES_GERAIS;Tabela de configurações gerais do sistema.;8;N;8;SIT_SITUACAO;VARCHAR2;10;N;;6;1;0;NO;situação do registro.;SYS_C001560187 (C: ENABLED)
exaprod;SISCOEX2;CONFIGURACOES_GERAIS;Tabela de configurações gerais do sistema.;8;N;14;TXT_CODIGO;VARCHAR2;100;Y;;32;8;0;NO;código para controle do usúario referente a configuração.; (: )
exaprod;SISCOEX2;CONFIGURACOES_GERAIS;Tabela de configurações gerais do sistema.;8;N;3;TXT_DESCRICAO;VARCHAR2;100;Y;;41;8;0;NO;nome da configuração.; (: )
exaprod;SISCOEX2;CONFIGURACOES_GERAIS;Tabela de configurações gerais do sistema.;8;N;7;TXT_FLAG_GESTOR_ATUALIZA;VARCHAR2;1;Y;;2;1;0;NO;flag sim ou não para saber se o gestor pode ou não atualizar o registro.; (: )
exaprod;SISCOEX2;CONFIGURACOES_GERAIS;Tabela de configurações gerais do sistema.;8;N;2;TXT_FLAG_INTERNA;VARCHAR2;100;Y;;0;0;8;NO;flag de validação do sistema.; (: )
exaprod;SISCOEX2;CONFIGURACOES_GERAIS;Tabela de configurações gerais do sistema.;8;N;4;TXT_TIPO_PARAMETRO;VARCHAR2;100;Y;;6;3;0;NO;tipo do parâmetro.; (: )
exaprod;SISCOEX2;CONFIGURACOES_GERAIS;Tabela de configurações gerais do sistema.;8;N;6;TXT_VALOR_PARAMETRO;VARCHAR2;500;Y;;64;8;0;NO;valor do parâmetro.; (: )
exaprod;SISCOEX2;DECLARACAO_ADUANEIRA_VINCULADA;DECLARACAO_ADUANEIRA_VINCULADA;1755;N;6;COD_ITEM_FUNDAMENTO;NUMBER;22;Y;0;4;4;18;NO;; (: )
exaprod;SISCOEX2;DECLARACAO_ADUANEIRA_VINCULADA;DECLARACAO_ADUANEIRA_VINCULADA;1755;N;7;COD_ITEM_NCM_ASSOCIADA;VARCHAR2;8;Y;;9;115;18;NO;; (: )
exaprod;SISCOEX2;DECLARACAO_ADUANEIRA_VINCULADA;DECLARACAO_ADUANEIRA_VINCULADA;1755;N;8;COD_ITEM_REGIME;NUMBER;22;Y;0;3;2;18;NO;; (: )
exaprod;SISCOEX2;DECLARACAO_ADUANEIRA_VINCULADA;DECLARACAO_ADUANEIRA_VINCULADA;1755;N;18;DAT_HORA_REGISTRO;TIMESTAMP(6) WITH TIME ZONE;13;Y;6;13;362;18;NO;Data hora registro; (: )
exaprod;SISCOEX2;DECLARACAO_ADUANEIRA_VINCULADA;DECLARACAO_ADUANEIRA_VINCULADA;1755;N;9;NUM_DECLARACAO_ORIGINAL;VARCHAR2;15;Y;;16;362;18;NO;; (: )
exaprod;SISCOEX2;DECLARACAO_ADUANEIRA_VINCULADA;DECLARACAO_ADUANEIRA_VINCULADA;1755;N;4;NUM_DECLARACAO_VINCULADA;VARCHAR2;16;Y;;16;375;0;NO;"O número da declaração vinculada informada, conforme o tipo
selecionado (DUIMP, DU-E, DI e DEE).Referencia: numero."; (: )
exaprod;SISCOEX2;DECLARACAO_ADUANEIRA_VINCULADA;DECLARACAO_ADUANEIRA_VINCULADA;1755;N;10;NUM_ITEM_DECL_ORIGINAL;NUMBER;22;Y;0;4;505;0;NO;; (: )
exaprod;SISCOEX2;DECLARACAO_ADUANEIRA_VINCULADA;DECLARACAO_ADUANEIRA_VINCULADA;1755;N;5;NUM_ITEM_DECL_VINCULADA;NUMBER;22;Y;0;4;504;0;NO;"Número do item da Declaração Vinculada. Referencia:
numeroItem."; (: )
exaprod;SISCOEX2;DECLARACAO_ADUANEIRA_VINCULADA;DECLARACAO_ADUANEIRA_VINCULADA;1755;N;11;NUM_VERSAO_DECLARACAO_ORIGINAL;VARCHAR2;4;Y;;2;3;18;NO;; (: )
exaprod;SISCOEX2;DECLARACAO_ADUANEIRA_VINCULADA;DECLARACAO_ADUANEIRA_VINCULADA;1755;N;12;NUM_VERSAO_DEC_VINCULADA;VARCHAR2;4;Y;;2;3;18;NO;; (: )
exaprod;SISCOEX2;DECLARACAO_ADUANEIRA_VINCULADA;DECLARACAO_ADUANEIRA_VINCULADA;1755;N;13;QTD_MERC_UNID_ESTATISTICA;NUMBER;22;Y;5;4;619;18;NO;; (: )
exaprod;SISCOEX2;DECLARACAO_ADUANEIRA_VINCULADA;DECLARACAO_ADUANEIRA_VINCULADA;1755;N;1;SEQ_DECL_ADUANEIRA_VINCULADA;NUMBER;22;N;0;4;1755;0;NO;SEQ DECL ADUANEIRA VINCULADA;PK_DEC_ADUANEIRA_VINCULADA (PRIMARY KEY: ENABLED)- SYS_C001546806 (C: ENABLED)
exaprod;SISCOEX2;DECLARACAO_ADUANEIRA_VINCULADA;DECLARACAO_ADUANEIRA_VINCULADA;1755;N;2;SEQ_ITEM;NUMBER;22;Y;0;5;1755;0;NO;SEQ ITEM;FK_ITEM_DUIMP_R_DEC_ADU_VINC (FOREIGN KEY: ENABLED)
exaprod;SISCOEX2;DECLARACAO_ADUANEIRA_VINCULADA;DECLARACAO_ADUANEIRA_VINCULADA;1755;N;3;TIP_DECLARACAO_VINCULADA;VARCHAR2;1;Y;;2;2;0;NO;"Indica o tipo da declaração vinculada informada. Referencia:
tipo. Domínio: 1 - DUIMP, 2 -DU-E, 3 - DI, 4 - DE;"; (: )
exaprod;SISCOEX2;DECLARACAO_ADUANEIRA_VINCULADA;DECLARACAO_ADUANEIRA_VINCULADA;1755;N;14;TXT_MNEMONICO_SISTEMA_CONTROLE;VARCHAR2;8;Y;;0;0;1755;NO;; (: )
exaprod;SISCOEX2;DECLARACAO_ADUANEIRA_VINCULADA;DECLARACAO_ADUANEIRA_VINCULADA;1755;N;15;TXT_UNIDADE_ESTATISTICA;VARCHAR2;30;Y;;18;4;18;NO;; (: )
exaprod;SISCOEX2;DECLARACAO_ADUANEIRA_VINCULADA;DECLARACAO_ADUANEIRA_VINCULADA;1755;N;16;VLR_FRETE_REAL;NUMBER;22;Y;2;6;1016;18;NO;; (: )
exaprod;SISCOEX2;DECLARACAO_ADUANEIRA_VINCULADA;DECLARACAO_ADUANEIRA_VINCULADA;1755;N;17;VLR_SEGURO_REAL;NUMBER;22;Y;2;4;792;18;NO;; (: )
exaprod;SISCOEX2;DECLARACAO_EXPORTACAO_ESTRANGE;TABELA PARA ARMAZENAMENTO DE REGISTROS DE DECLARACAO DE EXPORTACAO ESTRANGEIRA;173;N;3;COD_TIPO_CERT_MSUL;VARCHAR2;2;Y;;2;1;0;NO;"Tipo do Certificado Mercosul. Identificação do certificado
quando o país de procedência é pertencente ao Mercosul.
Referencia: tipoCertificadoMercosul.
Domínio: 1 - Sem certificado, 2 - CCPTC , 3 – CCROM";FK_TIP_CER_MER_R_DEC_EXP_EST (FOREIGN KEY: ENABLED)
exaprod;SISCOEX2;DECLARACAO_EXPORTACAO_ESTRANGE;TABELA PARA ARMAZENAMENTO DE REGISTROS DE DECLARACAO DE EXPORTACAO ESTRANGEIRA;173;N;4;NUM_CERTIFICADO;VARCHAR2;24;Y;;21;57;0;NO;"Número do Certificado. Número composto pelo código do país
do Mercosul, número e item da declaração de importação
estrangeira. Referencia: numeroCertificado"; (: )
exaprod;SISCOEX2;DECLARACAO_EXPORTACAO_ESTRANGE;TABELA PARA ARMAZENAMENTO DE REGISTROS DE DECLARACAO DE EXPORTACAO ESTRANGEIRA;173;N;5;QTD_UNID_ESTAT_CERT;NUMBER;22;Y;5;5;102;0;NO;"Quantidade na Unidade Estatística Associada ao Certificado.
Referencia: quantidadeUnidadeEstatisticaCertificado."; (: )
exaprod;SISCOEX2;DECLARACAO_EXPORTACAO_ESTRANGE;TABELA PARA ARMAZENAMENTO DE REGISTROS DE DECLARACAO DE EXPORTACAO ESTRANGEIRA;173;N;1;SEQ_DECL_EXP_ESTRANGEIRA;NUMBER;22;N;0;4;173;0;NO;SEQ DECL EXP ESTRANGEIRA;PK_DECLARACAO_EXPORTACAO_ESTRA (PRIMARY KEY: ENABLED)- SYS_C001546808 (C: ENABLED)
exaprod;SISCOEX2;DECLARACAO_EXPORTACAO_ESTRANGE;TABELA PARA ARMAZENAMENTO DE REGISTROS DE DECLARACAO DE EXPORTACAO ESTRANGEIRA;173;N;2;SEQ_ITEM;NUMBER;22;Y;0;5;173;0;NO;SEQ ITEM;FK_ITEM_DUIMP_R_DEC_EXP_ESTR (FOREIGN KEY: ENABLED)
exaprod;SISCOEX2;DECLARACAO_ICMS;Tabela que armazena informações da declaração de ICMS associada à DUIMP.;2091;N;13;COD_CERTIDAO_NEGATIVA;VARCHAR2;100;Y;;2;1;2090;NO;Número da Certidão Negativa de Débitos Estaduais (CADINE); (: )
exaprod;SISCOEX2;DECLARACAO_ICMS;Tabela que armazena informações da declaração de ICMS associada à DUIMP.;2091;N;12;COD_CERTIFICADO_REGULARIDADE;VARCHAR2;100;Y;;2;3;2078;NO;Número do Certificado de Regularidade (CADINE); (: )
exaprod;SISCOEX2;DECLARACAO_ICMS;Tabela que armazena informações da declaração de ICMS associada à DUIMP.;2091;N;3;COD_MODALIDADE_DESPACHO;NUMBER;22;Y;0;3;2;28;NO;Código da modalidade de despacho.;FK_DECL_ICMS_MODALIDADE (FOREIGN KEY: ENABLED)
exaprod;SISCOEX2;DECLARACAO_ICMS;Tabela que armazena informações da declaração de ICMS associada à DUIMP.;2091;N;9;COD_USUARIO;VARCHAR2;100;Y;;12;108;3;NO;CPF do usuário responsável.; (: )
exaprod;SISCOEX2;DECLARACAO_ICMS;Tabela que armazena informações da declaração de ICMS associada à DUIMP.;2091;N;18;COD_USUARIO_ATRIBUIDOR;VARCHAR2;15;Y;;7;19;577;NO;Usuário responsável pela atribuição da declaração; (: )
exaprod;SISCOEX2;DECLARACAO_ICMS;Tabela que armazena informações da declaração de ICMS associada à DUIMP.;2091;N;19;COD_USUARIO_HOMOLOGADOR;VARCHAR2;15;Y;;7;19;575;NO;Usuário responsável pela homologação da declaração; (: )
exaprod;SISCOEX2;DECLARACAO_ICMS;Tabela que armazena informações da declaração de ICMS associada à DUIMP.;2091;N;8;DAT_ATUALIZACAO;TIMESTAMP(6);11;Y;6;11;2091;0;NO;Data de atualização da declaração.; (: )
exaprod;SISCOEX2;DECLARACAO_ICMS;Tabela que armazena informações da declaração de ICMS associada à DUIMP.;2091;N;7;DAT_CRIACAO;TIMESTAMP(6);11;Y;6;11;2091;0;NO;Data de criação da declaração.; (: )
exaprod;SISCOEX2;DECLARACAO_ICMS;Tabela que armazena informações da declaração de ICMS associada à DUIMP.;2091;N;15;DAT_ENVIO_ANALISE;DATE;7;Y;;7;1637;453;NO;Data em que a declaração de ICMS foi enviada para análise; (: )
exaprod;SISCOEX2;DECLARACAO_ICMS;Tabela que armazena informações da declaração de ICMS associada à DUIMP.;2091;N;25;DAT_IMPORTACAO_ANEXOS_DUIMP;TIMESTAMP(6);11;Y;6;2;180;1911;NO;Data e hora da importacao dos anexos da DUIMP.; (: )
exaprod;SISCOEX2;DECLARACAO_ICMS;Tabela que armazena informações da declaração de ICMS associada à DUIMP.;2091;N;23;NUM_ACAO_FISCAL_SITRAM;VARCHAR2;44;Y;;9;1378;713;NO;Número da ação fiscal vinculada à declaração de ICMS.; (: )
exaprod;SISCOEX2;DECLARACAO_ICMS;Tabela que armazena informações da declaração de ICMS associada à DUIMP.;2091;N;10;NUM_IDENT_DECL_ICMS;VARCHAR2;11;N;;12;2091;0;NO;Identificador no formato AAAA.NNNNNN.;SYS_C001564997 (C: ENABLED)
exaprod;SISCOEX2;DECLARACAO_ICMS;Tabela que armazena informações da declaração de ICMS associada à DUIMP.;2091;N;1;SEQ_DECLARACAO_ICMS;NUMBER;22;N;0;4;2091;0;NO;Identificador único da declaração de ICMS.;PK_DECL_ICMS (PRIMARY KEY: ENABLED)
exaprod;SISCOEX2;DECLARACAO_ICMS;Tabela que armazena informações da declaração de ICMS associada à DUIMP.;2091;N;2;SEQ_DUIMP;NUMBER;22;Y;0;5;1787;0;NO;Referência para a DUIMP.;FK_DECL_ICMS_DUIMP (FOREIGN KEY: ENABLED)
exaprod;SISCOEX2;DECLARACAO_ICMS;Tabela que armazena informações da declaração de ICMS associada à DUIMP.;2091;N;14;SIT_OUTRAS_DESPESAS_OBRIGATORIA;NUMBER;22;Y;0;3;2;0;NO;Coluna para indicar se é obrigatório informar outras despesas.; (: )
exaprod;SISCOEX2;DECLARACAO_ICMS;Tabela que armazena informações da declaração de ICMS associada à DUIMP.;2091;N;11;SIT_VLR_MUL_JUROS_DUIMP_EDIT;NUMBER;22;Y;0;0;0;2091;NO;Indicador se o valor de multa e juros da DUIMP foi editado pelo usuário.; (: )
exaprod;SISCOEX2;DECLARACAO_ICMS;Tabela que armazena informações da declaração de ICMS associada à DUIMP.;2091;N;22;STA_CERTIDAO_VALIDA;NUMBER;22;Y;0;3;2;0;NO;Indicador se a certidão negativa é válida (0 - Não, 1 - Sim).; (: )
exaprod;SISCOEX2;DECLARACAO_ICMS;Tabela que armazena informações da declaração de ICMS associada à DUIMP.;2091;N;6;STA_DECLARACAO_ICMS;VARCHAR2;50;Y;;12;6;0;NO;Status da declaração de ICMS.; (: )
exaprod;SISCOEX2;DECLARACAO_ICMS;Tabela que armazena informações da declaração de ICMS associada à DUIMP.;2091;N;24;STA_DUIMP_RETIF_APOS_LIBERACAO;NUMBER;22;Y;0;0;0;2091;NO;"Indica que a DUIMP vinculada foi retificada apos a entrega da mercadoria; a Declaracao de ICMS nao foi cancelada automaticamente por esse motivo."; (: )
exaprod;SISCOEX2;DECLARACAO_ICMS;Tabela que armazena informações da declaração de ICMS associada à DUIMP.;2091;N;20;STA_ENVIO_RECEITA;VARCHAR2;30;Y;;0;0;2091;NO;Situação do envio da declaração para a Receita Federal.; (: )
exaprod;SISCOEX2;DECLARACAO_ICMS;Tabela que armazena informações da declaração de ICMS associada à DUIMP.;2091;N;21;STA_ENVIO_RECEITA_CANCELAMENTO;VARCHAR2;30;Y;;0;0;2091;NO;Situação do envio de cancelamento para a Receita Federal.; (: )
exaprod;SISCOEX2;DECLARACAO_ICMS;Tabela que armazena informações da declaração de ICMS associada à DUIMP.;2091;N;17;TIP_DECLARACAO_ICMS;VARCHAR2;20;Y;;7;1;0;NO;Tipo da declaração de ICMS; (: )
exaprod;SISCOEX2;DECLARACAO_ICMS;Tabela que armazena informações da declaração de ICMS associada à DUIMP.;2091;N;16;VLR_AFRMM_TUM_PAGO;NUMBER;22;Y;2;2;1;2090;NO;Valor do AFRMM/TUM pago informado para a declaração; (: )
exaprod;SISCOEX2;DECLARACAO_ICMS;Tabela que armazena informações da declaração de ICMS associada à DUIMP.;2091;N;5;VLR_ARQUEACAO_FINAL;NUMBER;22;Y;4;0;0;2091;NO;Valor da arqueação final.; (: )
exaprod;SISCOEX2;DECLARACAO_ICMS;Tabela que armazena informações da declaração de ICMS associada à DUIMP.;2091;N;4;VLR_MULTA_JUROS_DUIMP;NUMBER;22;Y;2;3;22;0;NO;Valor da multa e juros da DUIMP.; (: )
exaprod;SISCOEX2;DECLARACAO_ICMS_ANEXO;Tabela responsável por armazenar os anexos (documentos obrigatórios e auxiliares) vinculados a uma declaração de ICMS.;16533;N;8;COD_USUARIO_CRIACAO;VARCHAR2;30;Y;;12;157;36;NO;Código ou login do usuário responsável pela criação do registro.; (: )
exaprod;SISCOEX2;DECLARACAO_ICMS_ANEXO;Tabela responsável por armazenar os anexos (documentos obrigatórios e auxiliares) vinculados a uma declaração de ICMS.;16533;N;7;DAT_CRIACAO;TIMESTAMP(6);11;Y;6;11;16474;0;NO;Data e hora de criação do registro de anexo.; (: )
exaprod;SISCOEX2;DECLARACAO_ICMS_ANEXO;Tabela responsável por armazenar os anexos (documentos obrigatórios e auxiliares) vinculados a uma declaração de ICMS.;16533;N;10;ID_DOCUMENTO_EDOCEX;NUMBER;22;Y;0;2;654;15862;NO;Identificador do documento no e-Docex associado ao anexo da Declaracao de ICMS.; (: )
exaprod;SISCOEX2;DECLARACAO_ICMS_ANEXO;Tabela responsável por armazenar os anexos (documentos obrigatórios e auxiliares) vinculados a uma declaração de ICMS.;16533;N;2;SEQ_DECLARACAO_ICMS;NUMBER;22;Y;0;4;1807;0;NO;Identificador da declaração de ICMS à qual o anexo está vinculado (chave estrangeira).;FK_DECLARACAO_ICMS_ANEXO_R_DECLARACAO_ICMS (FOREIGN KEY: ENABLED)
exaprod;SISCOEX2;DECLARACAO_ICMS_ANEXO;Tabela responsável por armazenar os anexos (documentos obrigatórios e auxiliares) vinculados a uma declaração de ICMS.;16533;N;1;SEQ_DECLARACAO_ICMS_ANEXO;NUMBER;22;N;0;5;16533;0;NO;Identificador único do anexo da declaração de ICMS (chave primária).;PK_SEQ_DECLARACAO_ICMS_ANEXO (PRIMARY KEY: ENABLED)
exaprod;SISCOEX2;DECLARACAO_ICMS_ANEXO;Tabela responsável por armazenar os anexos (documentos obrigatórios e auxiliares) vinculados a uma declaração de ICMS.;16533;N;4;SEQ_TIPO_DOC_AUXILIAR;NUMBER;22;Y;0;2;33;9931;NO;Identificador do tipo de documento auxiliar vinculado ao anexo.;FK_DECLARACAO_ICMS_ANEXO_R_TIPO_DOC_AUXILIAR (FOREIGN KEY: ENABLED)
exaprod;SISCOEX2;DECLARACAO_ICMS_ANEXO;Tabela responsável por armazenar os anexos (documentos obrigatórios e auxiliares) vinculados a uma declaração de ICMS.;16533;N;3;SEQ_TIPO_DOC_OBRIGATORIO;NUMBER;22;Y;0;3;15;7140;NO;Identificador do tipo de documento obrigatório associado ao anexo.;FK_DECLARACAO_ICMS_ANEXO_R_TIPO_DOC_OBRIGATORIO (FOREIGN KEY: ENABLED)
exaprod;SISCOEX2;DECLARACAO_ICMS_ANEXO;Tabela responsável por armazenar os anexos (documentos obrigatórios e auxiliares) vinculados a uma declaração de ICMS.;16533;N;6;TXT_CAMINHO;VARCHAR2;1000;Y;;82;1775;671;NO;Caminho físico ou lógico onde o arquivo anexo está armazenado.; (: )
exaprod;SISCOEX2;DECLARACAO_ICMS_ANEXO;Tabela responsável por armazenar os anexos (documentos obrigatórios e auxiliares) vinculados a uma declaração de ICMS.;16533;N;9;TXT_DESCRICAO;VARCHAR2;400;Y;;37;254;0;NO;Junção da informações da descrição do tipo do documento , sequencial e extensão; (: )
exaprod;SISCOEX2;DECLARACAO_ICMS_ANEXO;Tabela responsável por armazenar os anexos (documentos obrigatórios e auxiliares) vinculados a uma declaração de ICMS.;16533;N;5;TXT_HASH_ARQUIVO;VARCHAR2;64;Y;;36;15862;671;NO;Hash do arquivo anexado (utilizado para garantir integridade e unicidade).; (: )
exaprod;SISCOEX2;DECLARACAO_ICMS_CALCULO;Tabela de cálculos das declarações de ICMS;2048;N;2;SEQ_DECLARACAO_ICMS;NUMBER;22;N;0;4;2048;0;NO;Referência para a declaração ICMS;FK_DECL_ICMS_CALCULO_R_DECL_ICMS (FOREIGN KEY: ENABLED)- SYS_C001565019 (C: ENABLED)
exaprod;SISCOEX2;DECLARACAO_ICMS_CALCULO;Tabela de cálculos das declarações de ICMS;2048;N;1;SEQ_DECLARACAO_ICMS_CALCULO;NUMBER;22;N;0;4;2048;0;NO;Identificador único do cálculo;PK_DECLARACAO_ICMS_CALCULO (PRIMARY KEY: ENABLED)- SYS_C001565018 (C: ENABLED)
exaprod;SISCOEX2;DECLARACAO_ICMS_CALCULO;Tabela de cálculos das declarações de ICMS;2048;N;19;STA_DESP_INTEGRAM_VALOR_TOTAL;NUMBER;22;Y;0;3;2;0;NO;Flag indicando se as despesas integram o valor total (S/N); (: )
exaprod;SISCOEX2;DECLARACAO_ICMS_CALCULO;Tabela de cálculos das declarações de ICMS;2048;N;3;VLR_BASE_CALCULO_FECOP;NUMBER;22;Y;2;0;0;2048;NO;Valor da base de cálculo do FECOP; (: )
exaprod;SISCOEX2;DECLARACAO_ICMS_CALCULO;Tabela de cálculos das declarações de ICMS;2048;N;4;VLR_BASE_CALCULO_FECOP_ST;NUMBER;22;Y;2;0;0;2048;NO;Valor da base de cálculo do FECOP para substituição tributária; (: )
exaprod;SISCOEX2;DECLARACAO_ICMS_CALCULO;Tabela de cálculos das declarações de ICMS;2048;N;7;VLR_BC_FECOP_IMPORTACAO;NUMBER;22;Y;2;3;30;0;NO;Valor da base de cálculo do FECOP para importação; (: )
exaprod;SISCOEX2;DECLARACAO_ICMS_CALCULO;Tabela de cálculos das declarações de ICMS;2048;N;8;VLR_BC_FECOP_SUBSTITUICAO;NUMBER;22;Y;2;3;25;0;NO;Valor da base de cálculo do FECOP para substituição; (: )
exaprod;SISCOEX2;DECLARACAO_ICMS_CALCULO;Tabela de cálculos das declarações de ICMS;2048;N;5;VLR_BC_ICMS_IMPORTACAO;NUMBER;22;Y;2;6;1346;0;NO;Valor da base de cálculo do ICMS para importação; (: )
exaprod;SISCOEX2;DECLARACAO_ICMS_CALCULO;Tabela de cálculos das declarações de ICMS;2048;N;6;VLR_BC_ICMS_SUBS_RECOLHER;NUMBER;22;Y;2;3;422;0;NO;Valor da base de cálculo do ICMS para substituição a recolher; (: )
exaprod;SISCOEX2;DECLARACAO_ICMS_CALCULO;Tabela de cálculos das declarações de ICMS;2048;N;9;VLR_FECOP;NUMBER;22;Y;2;3;25;0;NO;Valor do FECOP; (: )
exaprod;SISCOEX2;DECLARACAO_ICMS_CALCULO;Tabela de cálculos das declarações de ICMS;2048;N;10;VLR_FECOP_IMPORTACAO;NUMBER;22;Y;2;3;29;0;NO;Valor do FECOP para importação; (: )
exaprod;SISCOEX2;DECLARACAO_ICMS_CALCULO;Tabela de cálculos das declarações de ICMS;2048;N;11;VLR_ICMS_IMPORTACAO_DIFERIDO;NUMBER;22;Y;2;3;213;0;NO;Valor do ICMS de importação diferido; (: )
exaprod;SISCOEX2;DECLARACAO_ICMS_CALCULO;Tabela de cálculos das declarações de ICMS;2048;N;12;VLR_ICMS_IMPORTACAO_RECOLHER;NUMBER;22;Y;2;5;1149;0;NO;Valor do ICMS de importação a recolher; (: )
exaprod;SISCOEX2;DECLARACAO_ICMS_CALCULO;Tabela de cálculos das declarações de ICMS;2048;N;13;VLR_ICMS_IMPORTACAO_SUSPENSO;NUMBER;22;Y;2;2;1;0;NO;Valor do ICMS de importação suspenso; (: )
exaprod;SISCOEX2;DECLARACAO_ICMS_CALCULO;Tabela de cálculos das declarações de ICMS;2048;N;14;VLR_ICMS_SUBSTITUICAO_RECOLHER;NUMBER;22;Y;2;3;426;0;NO;Valor do ICMS de substituição a recolher; (: )
exaprod;SISCOEX2;DECLARACAO_ICMS_CALCULO;Tabela de cálculos das declarações de ICMS;2048;N;15;VLR_IPI;NUMBER;22;Y;2;4;738;0;NO;Valor do IPI; (: )
exaprod;SISCOEX2;DECLARACAO_ICMS_CALCULO;Tabela de cálculos das declarações de ICMS;2048;N;16;VLR_NOTA_FISCAL;NUMBER;22;Y;2;7;1725;0;NO;Valor total da nota fiscal; (: )
exaprod;SISCOEX2;DECLARACAO_ICMS_CALCULO;Tabela de cálculos das declarações de ICMS;2048;N;17;VLR_NOTA_FISCAL_OUTRAS_DESP;NUMBER;22;Y;2;7;1724;0;NO;Valor da nota fiscal sem outras despesas; (: )
exaprod;SISCOEX2;DECLARACAO_ICMS_CALCULO;Tabela de cálculos das declarações de ICMS;2048;N;18;VLR_NOTA_FISCAL_TELA;NUMBER;22;Y;2;7;1729;0;NO;Valor da nota fiscal exibido em tela; (: )
exaprod;SISCOEX2;DECLARACAO_ICMS_COND_DEFER;Tabela que armazena as condições de deferimento associadas à declaração de ICMS.;2;N;4;DAT_GERACAO;TIMESTAMP(6);11;N;6;11;2;0;NO;Data e hora de geração da condição para a declaração.;SYS_C001565510 (C: ENABLED)
exaprod;SISCOEX2;DECLARACAO_ICMS_COND_DEFER;Tabela que armazena as condições de deferimento associadas à declaração de ICMS.;2;N;5;DAT_VENCIMENTO;TIMESTAMP(6);11;N;6;11;2;0;NO;Data limite para cumprimento da condição.;SYS_C001565511 (C: ENABLED)
exaprod;SISCOEX2;DECLARACAO_ICMS_COND_DEFER;Tabela que armazena as condições de deferimento associadas à declaração de ICMS.;2;N;6;NUM_PRAZO;NUMBER;22;N;0;3;2;0;NO;Quantidade do prazo definido para a condição.;SYS_C001565512 (C: ENABLED)
exaprod;SISCOEX2;DECLARACAO_ICMS_COND_DEFER;Tabela que armazena as condições de deferimento associadas à declaração de ICMS.;2;N;3;SEQ_CONDICAO_DEFERIMENTO;NUMBER;22;N;0;3;1;0;NO;Sequencial da condição de deferimento cadastrada.;FK_DECL_ICMS_COND_DEF_COND_REF_COND_DEFERIMENTO (FOREIGN KEY: ENABLED)- SYS_C001565509 (C: ENABLED)
exaprod;SISCOEX2;DECLARACAO_ICMS_COND_DEFER;Tabela que armazena as condições de deferimento associadas à declaração de ICMS.;2;N;2;SEQ_DECLARACAO_ICMS;NUMBER;22;N;0;4;2;0;NO;Sequencial da declaração de ICMS associada.;FK_DECL_ICMS_COND_DEF_REF_DECL_ICMS (FOREIGN KEY: ENABLED)- SYS_C001565508 (C: ENABLED)
exaprod;SISCOEX2;DECLARACAO_ICMS_COND_DEFER;Tabela que armazena as condições de deferimento associadas à declaração de ICMS.;2;N;1;SEQ_DECLARACAO_ICMS_COND_DEF;NUMBER;22;N;0;3;2;0;NO;Sequencial da condição de deferimento vinculada à declaração de ICMS.;PK_DECLARACAO_ICMS_COND_DEF (PRIMARY KEY: ENABLED)- SYS_C001565507 (C: ENABLED)
exaprod;SISCOEX2;DECLARACAO_ICMS_COND_DEFER;Tabela que armazena as condições de deferimento associadas à declaração de ICMS.;2;N;10;SEQ_ITEM_DECLARACAO_ICMS;NUMBER;22;Y;0;5;2;0;NO;SEQUENCIAL DO ITEM DA DECLARACAO DE ICMS; (: )
exaprod;SISCOEX2;DECLARACAO_ICMS_COND_DEFER;Tabela que armazena as condições de deferimento associadas à declaração de ICMS.;2;N;9;SIT_STATUS;VARCHAR2;20;N;;6;1;0;NO;Situação da condição (ATIVA, CUMPRIDA, EXPIRADA, etc.).;SYS_C001565515 (C: ENABLED)
exaprod;SISCOEX2;DECLARACAO_ICMS_COND_DEFER;Tabela que armazena as condições de deferimento associadas à declaração de ICMS.;2;N;8;TIP_ORIGEM;VARCHAR2;60;N;;32;1;0;NO;Origem da condição (MANUAL ou AUTOMATICA).;SYS_C001565514 (C: ENABLED)
exaprod;SISCOEX2;DECLARACAO_ICMS_COND_DEFER;Tabela que armazena as condições de deferimento associadas à declaração de ICMS.;2;N;7;TIP_PRAZO;VARCHAR2;10;N;;6;1;0;NO;Tipo do prazo associado à condição.;SYS_C001565513 (C: ENABLED)
exaprod;SISCOEX2;DECLARACAO_ICMS_DEBITO;Débitos vinculados a uma Declaração de ICMS (valor principal, receita, situação e metadados).;1632;N;11;COD_PESSOA;VARCHAR2;20;N;;9;317;0;NO;Codigo identificador da pessoa (IE,CPF,CNPJ);SYS_C001565038 (C: ENABLED)
exaprod;SISCOEX2;DECLARACAO_ICMS_DEBITO;Débitos vinculados a uma Declaração de ICMS (valor principal, receita, situação e metadados).;1632;N;6;COD_RECEITA;VARCHAR2;4;N;;5;3;0;NO;Código da receita tributária utilizado na arrecadação (4 caracteres).;SYS_C001565034 (C: ENABLED)
exaprod;SISCOEX2;DECLARACAO_ICMS_DEBITO;Débitos vinculados a uma Declaração de ICMS (valor principal, receita, situação e metadados).;1632;N;10;COD_TIPO_DEBITO;NUMBER;22;Y;0;2;2;1580;NO;Codigo tipo debito conta corrente. 3=FECOP Importação,4=FECOP ST Importação; (: )
exaprod;SISCOEX2;DECLARACAO_ICMS_DEBITO;Débitos vinculados a uma Declaração de ICMS (valor principal, receita, situação e metadados).;1632;N;12;COD_TIPO_PESSOA;NUMBER;22;N;0;3;1;0;NO;Codigo tipo pessoa 1=PJ contribuinte, 2=PJ não contribuinte, 3=PF, 4=Estrangeiro sem CPF;SYS_C001565039 (C: ENABLED)
exaprod;SISCOEX2;DECLARACAO_ICMS_DEBITO;Débitos vinculados a uma Declaração de ICMS (valor principal, receita, situação e metadados).;1632;N;7;DAT_CRIACAO;DATE;7;N;;8;1231;0;NO;Data de criação do registro (DATE).;SYS_C001565035 (C: ENABLED)
exaprod;SISCOEX2;DECLARACAO_ICMS_DEBITO;Débitos vinculados a uma Declaração de ICMS (valor principal, receita, situação e metadados).;1632;N;8;DAT_SITUACAO;DATE;7;N;;8;1259;0;NO;Data da última alteração de situação do débito (DATE).;SYS_C001565036 (C: ENABLED)
exaprod;SISCOEX2;DECLARACAO_ICMS_DEBITO;Débitos vinculados a uma Declaração de ICMS (valor principal, receita, situação e metadados).;1632;N;9;DAT_VENCIMENTO;DATE;7;N;;8;75;0;NO;Data vencimento debito;SYS_C001565037 (C: ENABLED)
exaprod;SISCOEX2;DECLARACAO_ICMS_DEBITO;Débitos vinculados a uma Declaração de ICMS (valor principal, receita, situação e metadados).;1632;N;16;NUM_DUIMP;VARCHAR2;15;N;;16;1207;0;NO;Numero da duimp;SYS_C001565856 (C: ENABLED)
exaprod;SISCOEX2;DECLARACAO_ICMS_DEBITO;Débitos vinculados a uma Declaração de ICMS (valor principal, receita, situação e metadados).;1632;N;3;SEQ_DEBITO;NUMBER;22;Y;0;6;1632;0;NO;IDENTIFICADOR DO DEBITO NA CONTA CORRENTE; (: )
exaprod;SISCOEX2;DECLARACAO_ICMS_DEBITO;Débitos vinculados a uma Declaração de ICMS (valor principal, receita, situação e metadados).;1632;N;2;SEQ_DECLARACAO_ICMS;NUMBER;22;N;0;4;1207;0;NO;Referência à declaração de ICMS (FK para DECLARACAO_ICMS.SEQ_DECLARACAO_ICMS).;FK_DECL_ICMS_DEBITO_R_DECL_ICMS (FOREIGN KEY: ENABLED)- SYS_C001565031 (C: ENABLED)
exaprod;SISCOEX2;DECLARACAO_ICMS_DEBITO;Débitos vinculados a uma Declaração de ICMS (valor principal, receita, situação e metadados).;1632;N;1;SEQ_DECLARACAO_ICMS_DEBITO;NUMBER;22;N;0;4;1632;0;NO;Identificador único do registro de débito da declaração de ICMS (PK).;PK_DECLARACAO_ICMS_DEBITO (PRIMARY KEY: ENABLED)- SYS_C001565030 (C: ENABLED)
exaprod;SISCOEX2;DECLARACAO_ICMS_DEBITO;Débitos vinculados a uma Declaração de ICMS (valor principal, receita, situação e metadados).;1632;N;14;SEQ_DUIMP;NUMBER;22;Y;0;5;1160;83;NO;IDENTIFICADOR DA DUIMP ASSOCIADO AO DEBITO PARA REAPROVEITAMENTO POR DOCUMENTO;FK_DECL_ICMS_DEB_DUIMP (FOREIGN KEY: ENABLED)
exaprod;SISCOEX2;DECLARACAO_ICMS_DEBITO;Débitos vinculados a uma Declaração de ICMS (valor principal, receita, situação e metadados).;1632;N;5;STA_DEBITO;VARCHAR2;1;N;;2;5;0;NO;"Situação do débito (domínio do negócio; ex.: aberto, cancelado, quitado).";SYS_C001565033 (C: ENABLED)
exaprod;SISCOEX2;DECLARACAO_ICMS_DEBITO;Débitos vinculados a uma Declaração de ICMS (valor principal, receita, situação e metadados).;1632;N;13;STA_PROCESSAMENTO_DEBITO;VARCHAR2;100;Y;;0;0;1632;NO;Status processamento debito; (: )
exaprod;SISCOEX2;DECLARACAO_ICMS_DEBITO;Débitos vinculados a uma Declaração de ICMS (valor principal, receita, situação e metadados).;1632;N;15;TIP_DEBITO;VARCHAR2;50;Y;;17;4;0;NO;DESCRICAO/CODIGO FUNCIONAL DO TIPO DE DEBITO USADO NA UNICIDADE POR DUIMP; (: )
exaprod;SISCOEX2;DECLARACAO_ICMS_DEBITO;Débitos vinculados a uma Declaração de ICMS (valor principal, receita, situação e metadados).;1632;N;4;VLR_PRINCIPAL;NUMBER;22;N;2;6;1428;0;NO;Valor principal do débito (sem multas ou juros).;SYS_C001565032 (C: ENABLED)
exaprod;SISCOEX2;DECLARACAO_ICMS_DESPACHANTE;Tabela de informações do despachante da Declaração de ICMS;2051;N;4;SEQ_DECLARACAO_ICMS;NUMBER;22;N;0;4;2051;0;NO;Chave estrangeira para a tabela DECLARACAO_ICMS;FK_DEC_ICMS_DESPACHANTE_R_DEC_ICMS (FOREIGN KEY: ENABLED)- SYS_C001565015 (C: ENABLED)
exaprod;SISCOEX2;DECLARACAO_ICMS_DESPACHANTE;Tabela de informações do despachante da Declaração de ICMS;2051;N;1;SEQ_DECLARACAO_ICMS_DESP;NUMBER;22;N;0;4;2051;0;NO;Chave primária do despachante;PK_DEC_ICMS_DESPACHANTE (PRIMARY KEY: ENABLED)
exaprod;SISCOEX2;DECLARACAO_ICMS_DESPACHANTE;Tabela de informações do despachante da Declaração de ICMS;2051;N;3;TXT_EMAIL;VARCHAR2;100;Y;;4;37;1911;NO;E-mail do despachante; (: )
exaprod;SISCOEX2;DECLARACAO_ICMS_DESPACHANTE;Tabela de informações do despachante da Declaração de ICMS;2051;N;2;TXT_TELEFONE;VARCHAR2;20;Y;;2;31;1912;NO;Telefone do despachante; (: )
exaprod;SISCOEX2;DECLARACAO_ICMS_DESPESA;Tabela que armazena as despesas associadas à declaração de ICMS.;2051;N;2;SEQ_DECLARACAO_ICMS;NUMBER;22;Y;0;4;2051;0;NO;Referência para a declaração de ICMS.;DECLARACAO_ICMS_DESPESA_UK1 (UNIQUE: ENABLED)- FK_DECL_ICMS_DESPESA_R_DECLARACAO_ICMS (FOREIGN KEY: ENABLED)
exaprod;SISCOEX2;DECLARACAO_ICMS_DESPESA;Tabela que armazena as despesas associadas à declaração de ICMS.;2051;N;1;SEQ_DECLARACAO_ICMS_DESPESA;NUMBER;22;N;0;4;2051;0;NO;Identificador único das despesas.;PK_DECLARACAO_ICMS_DESPESA (PRIMARY KEY: ENABLED)
exaprod;SISCOEX2;DECLARACAO_ICMS_DESPESA;Tabela que armazena as despesas associadas à declaração de ICMS.;2051;N;16;SIT_INTEGRAM_VALOR_TOTAL;NUMBER;22;Y;0;2;2;1311;NO;Indicador de inclusão no valor total (S/N).; (: )
exaprod;SISCOEX2;DECLARACAO_ICMS_DESPESA;Tabela que armazena as despesas associadas à declaração de ICMS.;2051;N;12;VLR_ALVARENGAGEM;NUMBER;22;Y;2;2;1;1311;NO;Valor de alvarengagem.; (: )
exaprod;SISCOEX2;DECLARACAO_ICMS_DESPESA;Tabela que armazena as despesas associadas à declaração de ICMS.;2051;N;13;VLR_AMARRACAO_NAVIO;NUMBER;22;Y;2;2;1;1311;NO;Valor de amarração no navio.; (: )
exaprod;SISCOEX2;DECLARACAO_ICMS_DESPESA;Tabela que armazena as despesas associadas à declaração de ICMS.;2051;N;7;VLR_ARMAZENAGEM;NUMBER;22;Y;2;2;15;1311;NO;Valor de armazenagem.; (: )
exaprod;SISCOEX2;DECLARACAO_ICMS_DESPESA;Tabela que armazena as despesas associadas à declaração de ICMS.;2051;N;10;VLR_ARQUEACAO;NUMBER;22;Y;2;2;1;1311;NO;Valor de arqueação.; (: )
exaprod;SISCOEX2;DECLARACAO_ICMS_DESPESA;Tabela que armazena as despesas associadas à declaração de ICMS.;2051;N;8;VLR_CAPATAZIA;NUMBER;22;Y;2;2;81;1311;NO;Valor de capatazia.; (: )
exaprod;SISCOEX2;DECLARACAO_ICMS_DESPESA;Tabela que armazena as despesas associadas à declaração de ICMS.;2051;N;5;VLR_CONTEINER;NUMBER;22;Y;2;2;8;1311;NO;Valor de contêiner.; (: )
exaprod;SISCOEX2;DECLARACAO_ICMS_DESPESA;Tabela que armazena as despesas associadas à declaração de ICMS.;2051;N;4;VLR_DEMURRAGEM;NUMBER;22;Y;2;2;2;1311;NO;Valor de demurragem.; (: )
exaprod;SISCOEX2;DECLARACAO_ICMS_DESPESA;Tabela que armazena as despesas associadas à declaração de ICMS.;2051;N;3;VLR_DESPACHANTE;NUMBER;22;Y;2;2;85;1311;NO;Valor de despachante.; (: )
exaprod;SISCOEX2;DECLARACAO_ICMS_DESPESA;Tabela que armazena as despesas associadas à declaração de ICMS.;2051;N;6;VLR_EMPILHADEIRA;NUMBER;22;Y;2;2;4;1311;NO;Valor de empilhadeira.; (: )
exaprod;SISCOEX2;DECLARACAO_ICMS_DESPESA;Tabela que armazena as despesas associadas à declaração de ICMS.;2051;N;9;VLR_ESTIVA_DESESTIVA;NUMBER;22;Y;2;2;1;1311;NO;Valor de estiva/desestiva.; (: )
exaprod;SISCOEX2;DECLARACAO_ICMS_DESPESA;Tabela que armazena as despesas associadas à declaração de ICMS.;2051;N;15;VLR_OUTRAS;NUMBER;22;Y;2;2;53;1311;NO;Valor de outras despesas.; (: )
exaprod;SISCOEX2;DECLARACAO_ICMS_DESPESA;Tabela que armazena as despesas associadas à declaração de ICMS.;2051;N;11;VLR_PALETIZACAO;NUMBER;22;Y;2;2;1;1311;NO;Valor de paletização.; (: )
exaprod;SISCOEX2;DECLARACAO_ICMS_DESPESA;Tabela que armazena as despesas associadas à declaração de ICMS.;2051;N;14;VLR_UNITIZACAO;NUMBER;22;Y;2;2;6;1311;NO;Valor de unitização.; (: )
exaprod;SISCOEX2;DECLARACAO_ICMS_ENVIO_REC;TABELA QUE ARMAZENA O CONTROLE DE ENVIO DA DECLARACAO DE ICMS PARA A RECEITA.;1322;N;5;DAT_ULTIMA_TENTATIVA;TIMESTAMP(6);11;Y;6;2;7;1315;NO;DATA DA ULTIMA TENTATIVA DE ENVIO; (: )
exaprod;SISCOEX2;DECLARACAO_ICMS_ENVIO_REC;TABELA QUE ARMAZENA O CONTROLE DE ENVIO DA DECLARACAO DE ICMS PARA A RECEITA.;1322;N;4;QTD_TENTATIVAS_ENVIO;NUMBER;22;Y;0;3;4;0;NO;QUANTIDADE DE TENTATIVAS DE ENVIO; (: )
exaprod;SISCOEX2;DECLARACAO_ICMS_ENVIO_REC;TABELA QUE ARMAZENA O CONTROLE DE ENVIO DA DECLARACAO DE ICMS PARA A RECEITA.;1322;N;2;SEQ_DECLARACAO_ICMS;NUMBER;22;N;0;4;1322;0;NO;SEQUENCIAL DA DECLARACAO_ICMS;FK_DECL_ICMS_ENVIO_REC (FOREIGN KEY: ENABLED)- SYS_C001565520 (C: ENABLED)
exaprod;SISCOEX2;DECLARACAO_ICMS_ENVIO_REC;TABELA QUE ARMAZENA O CONTROLE DE ENVIO DA DECLARACAO DE ICMS PARA A RECEITA.;1322;N;1;SEQ_DECLARACAO_ICMS_ENVIO_REC;NUMBER;22;N;0;4;1322;0;NO;SEQUENCIAL DE DECLARACAO_ICMS_ENVIO_REC;PK_DECL_ICMS_ENVIO_REC (PRIMARY KEY: ENABLED)- SYS_C001565519 (C: ENABLED)
exaprod;SISCOEX2;DECLARACAO_ICMS_ENVIO_REC;TABELA QUE ARMAZENA O CONTROLE DE ENVIO DA DECLARACAO DE ICMS PARA A RECEITA.;1322;N;3;STA_ENVIO_RECEITA;VARCHAR2;30;Y;;16;1;0;NO;STATUS DO ENVIO PARA RECEITA; (: )
exaprod;SISCOEX2;DECLARACAO_ICMS_ENVIO_REC;TABELA QUE ARMAZENA O CONTROLE DE ENVIO DA DECLARACAO DE ICMS PARA A RECEITA.;1322;N;6;TXT_CONTEUDO_ENVIADO;CLOB;4000;Y;;793;0;0;NO;CONTEUDO ENVIADO; (: )
exaprod;SISCOEX2;DECLARACAO_ICMS_HISTORICO;Histórico de eventos associados à declaração de ICMS;11830;N;6;COD_USUARIO;VARCHAR2;20;Y;;11;130;330;NO;Código do usuário responsável pela ação; (: )
exaprod;SISCOEX2;DECLARACAO_ICMS_HISTORICO;Histórico de eventos associados à declaração de ICMS;11830;N;5;DAT_CRIACAO;TIMESTAMP(6);11;N;6;11;11827;0;NO;Data e hora de criação do registro de histórico;SYS_C001565159 (C: ENABLED)
exaprod;SISCOEX2;DECLARACAO_ICMS_HISTORICO;Histórico de eventos associados à declaração de ICMS;11830;N;3;DSC_EVENTO;VARCHAR2;255;N;;33;25;0;NO;Descrição do evento ocorrido;SYS_C001565158 (C: ENABLED)
exaprod;SISCOEX2;DECLARACAO_ICMS_HISTORICO;Histórico de eventos associados à declaração de ICMS;11830;N;7;DSC_NOME_USUARIO;VARCHAR2;100;Y;;29;130;201;NO;Nome do usuário responsável pela ação; (: )
exaprod;SISCOEX2;DECLARACAO_ICMS_HISTORICO;Histórico de eventos associados à declaração de ICMS;11830;N;4;DSC_OBSERVACAO;VARCHAR2;4000;Y;;30;2555;6854;NO;Observações adicionais sobre o evento; (: )
exaprod;SISCOEX2;DECLARACAO_ICMS_HISTORICO;Histórico de eventos associados à declaração de ICMS;11830;N;2;SEQ_DECLARACAO_ICMS;NUMBER;22;N;0;4;2051;0;NO;Chave estrangeira referenciando a declaração de ICMS;FK_DECLARACAO_ICMS_HISTORICO_R_DECLARACAO_ICMS (FOREIGN KEY: ENABLED)- SYS_C001565157 (C: ENABLED)
exaprod;SISCOEX2;DECLARACAO_ICMS_HISTORICO;Histórico de eventos associados à declaração de ICMS;11830;N;1;SEQ_DECLARACAO_ICMS_HISTORICO;NUMBER;22;N;0;5;11830;0;NO;Identificador único do registro de histórico;PK_DECLARACAO_ICMS_HISTORICO (PRIMARY KEY: ENABLED)- SYS_C001565151 (C: ENABLED)
exaprod;SISCOEX2;DECLARACAO_ICMS_PENDENCIA;Tabela que Armazena as Pendências Relacionadas à Declaração de ICMS.;581;N;9;COD_USUARIO_CRIADOR;VARCHAR2;11;Y;;9;17;18;NO;Código do usuário que criou a pendência.; (: )
exaprod;SISCOEX2;DECLARACAO_ICMS_PENDENCIA;Tabela que Armazena as Pendências Relacionadas à Declaração de ICMS.;581;N;10;COD_USUARIO_RESOLVEDOR;VARCHAR2;11;Y;;10;77;127;NO;Código do usuário que resolveu a pendência.; (: )
exaprod;SISCOEX2;DECLARACAO_ICMS_PENDENCIA;Tabela que Armazena as Pendências Relacionadas à Declaração de ICMS.;581;N;6;DAT_ATUALIZACAO;TIMESTAMP(6);11;Y;6;10;468;113;NO;Data e Hora da Última Atualização do Registro da Pendência.; (: )
exaprod;SISCOEX2;DECLARACAO_ICMS_PENDENCIA;Tabela que Armazena as Pendências Relacionadas à Declaração de ICMS.;581;N;5;DAT_CRIACAO;TIMESTAMP(6);11;N;6;11;581;0;NO;Data e Hora de Criação do Registro da Pendência.;SYS_C001565027 (C: ENABLED)
exaprod;SISCOEX2;DECLARACAO_ICMS_PENDENCIA;Tabela que Armazena as Pendências Relacionadas à Declaração de ICMS.;581;N;3;DSC_DESCRICAO;VARCHAR2;600;Y;;140;533;0;NO;Descrição Detalhada da Pendência.; (: )
exaprod;SISCOEX2;DECLARACAO_ICMS_PENDENCIA;Tabela que Armazena as Pendências Relacionadas à Declaração de ICMS.;581;N;4;DSC_OBSERVACAO;VARCHAR2;600;Y;;3;5;568;NO;Observações Complementares Sobre a Pendência.; (: )
exaprod;SISCOEX2;DECLARACAO_ICMS_PENDENCIA;Tabela que Armazena as Pendências Relacionadas à Declaração de ICMS.;581;N;11;DSC_OBSERVACAO_RESOLUCAO;VARCHAR2;2000;Y;;48;422;126;NO;Descrição da observação informada na resolução da pendência.; (: )
exaprod;SISCOEX2;DECLARACAO_ICMS_PENDENCIA;Tabela que Armazena as Pendências Relacionadas à Declaração de ICMS.;581;N;7;DSC_SITUACAO;VARCHAR2;50;Y;;10;2;0;NO;Situação Atual da Pendência (Pendente ou Resolvido).; (: )
exaprod;SISCOEX2;DECLARACAO_ICMS_PENDENCIA;Tabela que Armazena as Pendências Relacionadas à Declaração de ICMS.;581;N;8;DSC_TIPO_PENDENCIA;VARCHAR2;50;Y;;12;2;0;NO;Tipo da Pendência (Ex.: CADINE).; (: )
exaprod;SISCOEX2;DECLARACAO_ICMS_PENDENCIA;Tabela que Armazena as Pendências Relacionadas à Declaração de ICMS.;581;N;2;SEQ_DECLARACAO_ICMS;NUMBER;22;N;0;4;426;0;NO;Sequencial da Declaração ICMS Associada à Pendência.;FK_DECLARACAO_ICMS_PENDENCIA_R_DECLARACAO_ICMS (FOREIGN KEY: ENABLED)- SYS_C001565026 (C: ENABLED)
exaprod;SISCOEX2;DECLARACAO_ICMS_PENDENCIA;Tabela que Armazena as Pendências Relacionadas à Declaração de ICMS.;581;N;1;SEQ_DECLARACAO_ICMS_PENDENCIA;NUMBER;22;N;0;4;581;0;NO;Sequencial da Pendência da Declaração ICMS.;PK_DECLARACAO_ICMS_PENDENCIA (PRIMARY KEY: ENABLED)- SYS_C001565025 (C: ENABLED)
exaprod;SISCOEX2;DECL_ICMS_CANC_REC;Tabela responsável por armazenar os dados de controle do envio de cancelamento da declaração de ICMS para a Receita/PCCE.;1;N;5;DAT_ULTIMA_TENTATIVA;TIMESTAMP(6);11;Y;6;11;1;0;NO;Data e hora da última tentativa de envio do cancelamento da declaração de ICMS para a Receita/PCCE.; (: )
exaprod;SISCOEX2;DECL_ICMS_CANC_REC;Tabela responsável por armazenar os dados de controle do envio de cancelamento da declaração de ICMS para a Receita/PCCE.;1;N;4;QTD_TENTATIVAS_CANCELAMENTO;NUMBER;22;Y;0;2;1;0;NO;Quantidade de tentativas de envio do cancelamento da declaração de ICMS para a Receita/PCCE.; (: )
exaprod;SISCOEX2;DECL_ICMS_CANC_REC;Tabela responsável por armazenar os dados de controle do envio de cancelamento da declaração de ICMS para a Receita/PCCE.;1;N;2;SEQ_DECLARACAO_ICMS;NUMBER;22;N;0;4;1;0;NO;Identificador da declaração de ICMS vinculada ao controle de envio do cancelamento.;FK_DECL_ICMS_CANC_REC_R_DECLARACAO_ICMS (FOREIGN KEY: ENABLED)- SYS_C001565795 (C: ENABLED)
exaprod;SISCOEX2;DECL_ICMS_CANC_REC;Tabela responsável por armazenar os dados de controle do envio de cancelamento da declaração de ICMS para a Receita/PCCE.;1;N;1;SEQ_DECL_ICMS_CANC_REC;NUMBER;22;N;0;3;1;0;NO;Identificador sequencial do controle de envio do cancelamento da declaração de ICMS.;PK_DECL_ICMS_CANC_REC (PRIMARY KEY: ENABLED)- SYS_C001565794 (C: ENABLED)
exaprod;SISCOEX2;DECL_ICMS_CANC_REC;Tabela responsável por armazenar os dados de controle do envio de cancelamento da declaração de ICMS para a Receita/PCCE.;1;N;3;STA_CANCELAMENTO_RECEITA;VARCHAR2;30;Y;;16;1;0;NO;Status do envio do cancelamento da declaração de ICMS para a Receita/PCCE.; (: )
exaprod;SISCOEX2;DECL_ICMS_CANC_REC;Tabela responsável por armazenar os dados de controle do envio de cancelamento da declaração de ICMS para a Receita/PCCE.;1;N;6;TXT_CONTEUDO_ENVIADO;CLOB;4000;Y;;0;0;1;NO;Conteúdo enviado na solicitação de cancelamento da declaração de ICMS para a Receita/PCCE.; (: )
exaprod;SISCOEX2;DOC_DEC_EXP_ESTRANGEIRA;DUIMP DOCUMENTO DECLARACAO EXPORTACAO ESTRANGEIRA;177;N;5;DSC_FAIXA_ITEM_FINAL;VARCHAR2;7;Y;;3;11;0;NO;Referencia: faixaItemFinal; (: )
exaprod;SISCOEX2;DOC_DEC_EXP_ESTRANGEIRA;DUIMP DOCUMENTO DECLARACAO EXPORTACAO ESTRANGEIRA;177;N;4;DSC_FAIXA_ITEM_INICIAL;VARCHAR2;7;Y;;3;5;0;NO;"Referencia: faixaItemInicial
"; (: )
exaprod;SISCOEX2;DOC_DEC_EXP_ESTRANGEIRA;DUIMP DOCUMENTO DECLARACAO EXPORTACAO ESTRANGEIRA;177;N;3;NUM_DOC_DEC_EXP_ESTARANGEIRA;VARCHAR2;70;Y;;17;148;0;NO;"Referencia: numeroDeclaracao
"; (: )
exaprod;SISCOEX2;DOC_DEC_EXP_ESTRANGEIRA;DUIMP DOCUMENTO DECLARACAO EXPORTACAO ESTRANGEIRA;177;N;1;SEQ_DOC_DEC_EXP_ESTRANGEIRA;NUMBER;22;N;0;4;177;0;NO;SEQ DOC DEC EXP ESTRANGEIRA;PK_DOC_DEC_EXP_ESTRANGEIRA (PRIMARY KEY: ENABLED)- SYS_C001546810 (C: ENABLED)
exaprod;SISCOEX2;DOC_DEC_EXP_ESTRANGEIRA;DUIMP DOCUMENTO DECLARACAO EXPORTACAO ESTRANGEIRA;177;N;2;SEQ_DUIMP;NUMBER;22;Y;0;5;171;0;NO;"Lei de formação do Nº da Duimp:
AA - (Numérico - 2 posições) Ano que foi gerada a Duimp
BR - (Alfa numérico - 2 posições) Fixo
SSSSSSSSSS - (Numérico - 10 posições) - Sequencial a ser
reiniciado a cada início de ano
D - (Numérico - 1 posição ) Dígito Verificador";FK_DUIMP_R_DOC_DEC_EXP_ESTR (FOREIGN KEY: ENABLED)
exaprod;SISCOEX2;DOC_INSTRUTIVO_DESPACHO;TABELA PARA REGISTRO DO DOCUMENTO INSTRUTIVO DO DESPACHO;40779;N;2;COD_TIPO_DOC_DESPACHO;VARCHAR2;3;Y;;4;43;0;NO;COD TIPO DOC DESPACHO;FK_TP_DOC_DESP_R_DOC_INST_DESP (FOREIGN KEY: ENABLED)
exaprod;SISCOEX2;DOC_INSTRUTIVO_DESPACHO;TABELA PARA REGISTRO DO DOCUMENTO INSTRUTIVO DO DESPACHO;40779;N;1;SEQ_DOC_INSTRUTIVO_DESPACHO;NUMBER;22;N;0;5;40779;0;NO;SEQ DOC DESPACHO;PK_DOC_INSTRUTIVO_DESPACHO (PRIMARY KEY: ENABLED)- SYS_C001546812 (C: ENABLED)
exaprod;SISCOEX2;DOC_INSTRUTIVO_DESPACHO;TABELA PARA REGISTRO DO DOCUMENTO INSTRUTIVO DO DESPACHO;40779;N;3;SEQ_DUIMP;NUMBER;22;Y;0;5;11809;0;NO;"Lei de formação do Nº da Duimp:
AA - (Numérico - 2 posições) Ano que foi gerada a Duimp
BR - (Alfa numérico - 2 posições) Fixo
SSSSSSSSSS - (Numérico - 10 posições) - Sequencial a ser
reiniciado a cada início de ano
D - (Numérico - 1 posição ) Dígito Verificador";FK_DUIMP_R_DOC_INST_DESP (FOREIGN KEY: ENABLED)
exaprod;SISCOEX2;DOCS_OBRIGATORIOS_BENEFICIO;TABELA QUE ARMAZENA OS DOCUMENTOS OBRIGATORIOS PARA CADA BENEFICIO;102;N;2;COD_DOCUMENTO;VARCHAR2;3;Y;;0;0;102;NO;CODIGO DO DOCUMENTO; (: )
exaprod;SISCOEX2;DOCS_OBRIGATORIOS_BENEFICIO;TABELA QUE ARMAZENA OS DOCUMENTOS OBRIGATORIOS PARA CADA BENEFICIO;102;N;1;SEQ_BENEFICIO;NUMBER;22;Y;0;4;83;0;NO;SEQUENCIAL DA TABELA DE BENEFICIOS;FK_DOCS_OBR_R_BENEFICIO (FOREIGN KEY: ENABLED)
exaprod;SISCOEX2;DOCS_OBRIGATORIOS_BENEFICIO;TABELA QUE ARMAZENA OS DOCUMENTOS OBRIGATORIOS PARA CADA BENEFICIO;102;N;3;SEQ_DOC_OBRIGATORIOS_BENEFICIO;NUMBER;22;N;0;4;102;0;NO;;SYS_C001560205 (C: ENABLED)
exaprod;SISCOEX2;DOCS_OBRIGATORIOS_BENEFICIO;TABELA QUE ARMAZENA OS DOCUMENTOS OBRIGATORIOS PARA CADA BENEFICIO;102;N;4;SEQ_TIPO_DOC_ANEXADO;NUMBER;22;Y;0;3;10;0;NO;;FK_DOCS_OBR_FK_DOCS_O_TIPO_DOC (FOREIGN KEY: ENABLED)
exaprod;SISCOEX2;DUIMP;TABELA QUE ARMAZENA OS DADOS DA DUIMP;11809;N;14;COD_CANAL_SELECAO;NUMBER;22;Y;0;3;3;329;NO;"Canal de Seleção. Referencia: canalSelecao.
";FK_TIPO_CANAL_SELEC_R_DUIMP (FOREIGN KEY: ENABLED)
exaprod;SISCOEX2;DUIMP;TABELA QUE ARMAZENA OS DADOS DA DUIMP;11809;N;22;COD_MOEDA_FRETE_TOTAL;NUMBER;22;Y;0;4;15;199;NO;codigo moeda;FK_MOEDA_R_DUIMP_1 (FOREIGN KEY: ENABLED)
exaprod;SISCOEX2;DUIMP;TABELA QUE ARMAZENA OS DADOS DA DUIMP;11809;N;23;COD_MOEDA_UTILIZADA_SEGURO;NUMBER;22;Y;0;3;10;4225;NO;codigo moeda;FK_MOEDA_R_DUIMP_2 (FOREIGN KEY: ENABLED)
exaprod;SISCOEX2;DUIMP;TABELA QUE ARMAZENA OS DADOS DA DUIMP;11809;N;24;COD_PAIS;VARCHAR2;3;Y;;3;80;197;NO;SIGLA DO PAIS;FK_PAIS_R_DUIMP (FOREIGN KEY: ENABLED)
exaprod;SISCOEX2;DUIMP;TABELA QUE ARMAZENA OS DADOS DA DUIMP;11809;N;4;COD_SIT_DUIMP;VARCHAR2;4;Y;;3;8;0;NO;"Número da declaração. Referencia: numeroDeclaracao
";FK_SITUACAO_DUIMP_R_DUIMP (FOREIGN KEY: ENABLED)
exaprod;SISCOEX2;DUIMP;TABELA QUE ARMAZENA OS DADOS DA DUIMP;11809;N;28;COD_TIPO_CONHECIMENTO;VARCHAR2;2;Y;;0;0;11809;NO;Tipo de conhecimento da carga. Referencia: tipoConhecimento.; (: )
exaprod;SISCOEX2;DUIMP;TABELA QUE ARMAZENA OS DADOS DA DUIMP;11809;N;10;COD_TIPO_IMPORTADOR;NUMBER;22;Y;0;3;2;0;NO;Tipo de Importador. Referencia: tipoImportador.;FK_TIPO_IMPORTADOR_R_DUIMP (FOREIGN KEY: ENABLED)
exaprod;SISCOEX2;DUIMP;TABELA QUE ARMAZENA OS DADOS DA DUIMP;11809;N;15;COD_UF_DECLARADA;VARCHAR2;2;Y;;3;12;6;NO;SIGLA DA UNIDADE FEDERATIVA;FK_UNID_FED_R_DUIMP_2 (FOREIGN KEY: ENABLED)
exaprod;SISCOEX2;DUIMP;TABELA QUE ARMAZENA OS DADOS DA DUIMP;11809;N;16;COD_UF_ENTRADA;VARCHAR2;2;Y;;3;12;203;NO;SIGLA DA UNIDADE FEDERATIVA;FK_UNID_FED_R_DUIMP_3 (FOREIGN KEY: ENABLED)
exaprod;SISCOEX2;DUIMP;TABELA QUE ARMAZENA OS DADOS DA DUIMP;11809;N;13;COD_UF_IMPORTADOR;VARCHAR2;2;Y;;3;22;0;NO;UF do Importador. Referencia: ufImportador;FK_UNID_FED_R_DUIMP_1 (FOREIGN KEY: ENABLED)
exaprod;SISCOEX2;DUIMP;TABELA QUE ARMAZENA OS DADOS DA DUIMP;11809;N;17;COD_UNIDADE_ARM_DECLARADA;VARCHAR2;7;Y;;8;23;6;NO;COD UNIDADE LOC CARGA;FK_UNID_LOC_R_DUIMP_1 (FOREIGN KEY: ENABLED)
exaprod;SISCOEX2;DUIMP;TABELA QUE ARMAZENA OS DADOS DA DUIMP;11809;N;19;COD_UNIDADE_ARM_DESTINO;VARCHAR2;7;Y;;8;19;197;NO;COD UNIDADE LOC CARGA;FK_UNID_LOC_R_DUIMP_3 (FOREIGN KEY: ENABLED)
exaprod;SISCOEX2;DUIMP;TABELA QUE ARMAZENA OS DADOS DA DUIMP;11809;N;20;COD_UNIDADE_ARM_ENTRADA;VARCHAR2;7;Y;;8;20;203;NO;COD UNIDADE LOC CARGA;FK_UNID_LOC_R_DUIMP_4 (FOREIGN KEY: ENABLED)
exaprod;SISCOEX2;DUIMP;TABELA QUE ARMAZENA OS DADOS DA DUIMP;11809;N;18;COD_UNIDADE_ARM_LOCALIZACAO;VARCHAR2;255;Y;;7;65;1805;NO;COD UNIDADE LOC CARGA; (: )
exaprod;SISCOEX2;DUIMP;TABELA QUE ARMAZENA OS DADOS DA DUIMP;11809;N;21;COD_VIA_TRANSPORTE;VARCHAR2;22;Y;;3;2;197;NO;CODIGO VIA TRANSPORTE;FK_VIA_TRANSPORTE_R_DUIMP (FOREIGN KEY: ENABLED)
exaprod;SISCOEX2;DUIMP;TABELA QUE ARMAZENA OS DADOS DA DUIMP;11809;N;26;DAT_CHEGADA;TIMESTAMP(6) WITH TIME ZONE;13;Y;6;12;415;1147;NO;"Data da chegada da carga na Unidade da RFB de despacho
(data da atracação no porto de destino final). Referencia:
dataChegada."; (: )
exaprod;SISCOEX2;DUIMP;TABELA QUE ARMAZENA OS DADOS DA DUIMP;11809;N;6;DAT_CRIACAO;TIMESTAMP(6) WITH TIME ZONE;13;Y;6;13;10511;0;NO;"Data e hora da criação da Declaração. Referencia:
dataHoraCriacao."; (: )
exaprod;SISCOEX2;DUIMP;TABELA QUE ARMAZENA OS DADOS DA DUIMP;11809;N;7;DAT_REGISTRO;TIMESTAMP(6) WITH TIME ZONE;13;Y;6;13;10520;0;NO;Data do registro da Duimp. Referencia: dataHoraRegistro.; (: )
exaprod;SISCOEX2;DUIMP;TABELA QUE ARMAZENA OS DADOS DA DUIMP;11809;N;8;DAT_REG_VERSAO_VIGENTE;TIMESTAMP(6) WITH TIME ZONE;13;Y;6;13;11750;0;NO;"Data e hora do registro da versão vigente Duimp (última
versão). Referencia: dataHoraRegistroVersaoVigente
"; (: )
exaprod;SISCOEX2;DUIMP;TABELA QUE ARMAZENA OS DADOS DA DUIMP;11809;N;27;DSC_TIPO_CONHECIMENTO;VARCHAR2;4;Y;;0;0;11809;NO;"Descrição do Tipo de Conhecimento. Referencia:
descTipoConhecimento.
Domínio:
10 - Comum(BL)
11 – Master(MBL)
12 - Filhote(HBL)
15 – Master/Filhote(MHBL)."; (: )
exaprod;SISCOEX2;DUIMP;TABELA QUE ARMAZENA OS DADOS DA DUIMP;11809;N;12;NOM_IMPORTADOR;VARCHAR2;100;Y;;38;838;0;NO;Nome do Importador. Referencia: nomeImportador.; (: )
exaprod;SISCOEX2;DUIMP;TABELA QUE ARMAZENA OS DADOS DA DUIMP;11809;N;9;NUM_CPF_RESPONSAVEL;VARCHAR2;11;Y;;12;368;0;NO;"CPF do Responsável pelo registro da versão da declaração.
Referencia: cpfResponsavel.
"; (: )
exaprod;SISCOEX2;DUIMP;TABELA QUE ARMAZENA OS DADOS DA DUIMP;11809;N;2;NUM_DUIMP;VARCHAR2;15;N;;16;10556;0;NO;"Número da declaração. Referencia: numeroDuimp.

Lei de formação do No da Duimp:
AA - (Numérico - 2 posições) Ano que foi gerada a Duimp
BR - (Alfa numérico - 2 posições) Fixo
SSSSSSSSSS - (Numérico - 10 posições) - Sequencial a ser
reiniciado a cada início de ano
D - (Numérico - 1 posição ) Dígito Verificador";DUIMP_UK1 (UNIQUE: ENABLED)- SYS_C001546815 (C: ENABLED)
exaprod;SISCOEX2;DUIMP;TABELA QUE ARMAZENA OS DADOS DA DUIMP;11809;N;29;NUM_IDENTIFICACAO_CARGA;VARCHAR2;32;Y;;20;10371;197;NO;"Número da identificação da carga no sistema Carga..
Referencia: identificacaoCarga."; (: )
exaprod;SISCOEX2;DUIMP;TABELA QUE ARMAZENA OS DADOS DA DUIMP;11809;N;11;NUM_IMPORTADOR;VARCHAR2;14;Y;;15;1096;0;NO;"Número de Identificação do Importador. Referencia:
niImportador"; (: )
exaprod;SISCOEX2;DUIMP;TABELA QUE ARMAZENA OS DADOS DA DUIMP;11809;N;3;NUM_VERSAO_DUIMP;NUMBER;22;N;0;3;6;0;NO;Versão da declaração;DUIMP_UK1 (UNIQUE: ENABLED)- SYS_C001546816 (C: ENABLED)
exaprod;SISCOEX2;DUIMP;TABELA QUE ARMAZENA OS DADOS DA DUIMP;11809;N;5;NUM_VERSAO_DUIMP_VIGENTE;VARCHAR2;4;Y;;5;6;0;NO;"Número de versão da declaração. Referencia:
versaoDeclaracao"; (: )
exaprod;SISCOEX2;DUIMP;TABELA QUE ARMAZENA OS DADOS DA DUIMP;11809;N;1;SEQ_DUIMP;NUMBER;22;N;0;5;11809;0;NO;"Lei de formação do Nº da Duimp:
AA - (Numérico - 2 posições) Ano que foi gerada a Duimp
BR - (Alfa numérico - 2 posições) Fixo
SSSSSSSSSS - (Numérico - 10 posições) - Sequencial a ser
reiniciado a cada início de ano
D - (Numérico - 1 posição ) Dígito Verificador";PK_DUIMP (PRIMARY KEY: ENABLED)- SYS_C001546814 (C: ENABLED)
exaprod;SISCOEX2;DUIMP;TABELA QUE ARMAZENA OS DADOS DA DUIMP;11809;N;30;VLR_FRETE_TOTAL_CONV_REAL;NUMBER;22;Y;7;6;9641;19;NO;"Valor do frete total convertido em Real. Referencia:
valorFreteTotalEmReal."; (: )
exaprod;SISCOEX2;DUIMP;TABELA QUE ARMAZENA OS DADOS DA DUIMP;11809;N;33;VLR_FRETE_TOTAL_DEST_DOLAR;NUMBER;22;Y;7;5;4359;197;NO;; (: )
exaprod;SISCOEX2;DUIMP;TABELA QUE ARMAZENA OS DADOS DA DUIMP;11809;N;34;VLR_FRETE_TOTAL_DEST_REAL;NUMBER;22;Y;7;4;1696;197;NO;; (: )
exaprod;SISCOEX2;DUIMP;TABELA QUE ARMAZENA OS DADOS DA DUIMP;11809;N;35;VLR_FRETE_TOTAL_DOLAR;NUMBER;22;Y;7;5;7910;19;NO;; (: )
exaprod;SISCOEX2;DUIMP;TABELA QUE ARMAZENA OS DADOS DA DUIMP;11809;N;37;VLR_FRETE_TOTAL_MOEDA_UTILIZAD;NUMBER;22;Y;7;5;6759;1207;NO;; (: )
exaprod;SISCOEX2;DUIMP;TABELA QUE ARMAZENA OS DADOS DA DUIMP;11809;N;25;VLR_PESO_LIQUIDO;NUMBER;22;Y;5;5;7535;197;NO;"Somatório dos pesos líquidos dos itens declarados na Duimp.
Referencia: pesoLiquido."; (: )
exaprod;SISCOEX2;DUIMP;TABELA QUE ARMAZENA OS DADOS DA DUIMP;11809;N;36;VLR_SEGURO_DOLAR;NUMBER;22;Y;7;4;5201;4045;NO;; (: )
exaprod;SISCOEX2;DUIMP;TABELA QUE ARMAZENA OS DADOS DA DUIMP;11809;N;31;VLR_SEGURO_MOEDA_UTILIZADA;NUMBER;22;Y;7;4;4426;4225;NO;"Valor do seguro na moeda negociada. Referencia:
valorSeguroMoedaUtilizada."; (: )
exaprod;SISCOEX2;DUIMP;TABELA QUE ARMAZENA OS DADOS DA DUIMP;11809;N;32;VLR_SEGURO_REAL;NUMBER;22;Y;7;5;6568;4045;NO;"Valor do seguro convertido em Real. Referencia:
valorSeguroEmReal."; (: )
exaprod;SISCOEX2;DUIMP_CARGA_AEREA;dados exclusivos de uma carga aérea no cct importaçãodados exclusivos de uma carga aérea no cct importação.;2686;N;3;COD_TIPO_CONHECIMENTO;VARCHAR2;4;Y;;5;3;4;NO;código tipo conhecimento.; (: )
exaprod;SISCOEX2;DUIMP_CARGA_AEREA;dados exclusivos de uma carga aérea no cct importaçãodados exclusivos de uma carga aérea no cct importação.;2686;N;6;QTD_VOLUMES;NUMBER;22;Y;0;4;81;0;NO;quantidade total de volumes.; (: )
exaprod;SISCOEX2;DUIMP_CARGA_AEREA;dados exclusivos de uma carga aérea no cct importaçãodados exclusivos de uma carga aérea no cct importação.;2686;N;1;SEQ_CARGA_AEREA;NUMBER;22;N;0;5;2686;0;NO;sequencial da carga aerea.;PK_CARGA_AEREA (PRIMARY KEY: ENABLED)
exaprod;SISCOEX2;DUIMP_CARGA_AEREA;dados exclusivos de uma carga aérea no cct importaçãodados exclusivos de uma carga aérea no cct importação.;2686;N;2;SEQ_DUIMP;NUMBER;22;Y;0;5;2686;0;NO;chave estrangeira duimp.;FK_CARGA_AEREA_DUIMP (FOREIGN KEY: ENABLED)
exaprod;SISCOEX2;DUIMP_CARGA_AEREA;dados exclusivos de uma carga aérea no cct importaçãodados exclusivos de uma carga aérea no cct importação.;2686;N;4;TXT_MOTIVO_DSIC;VARCHAR2;35;Y;;2;1;2685;NO;indica o motivo para utilização do tipo de conhecimento dsic.; (: )
exaprod;SISCOEX2;DUIMP_CARGA_AEREA;dados exclusivos de uma carga aérea no cct importaçãodados exclusivos de uma carga aérea no cct importação.;2686;N;5;TXT_SUB_MOTIVO_DSIC;VARCHAR2;35;Y;;2;1;2685;NO;"indica o submotivo quando o ""motivo"" informado for ""bagagem/desdobramento""."; (: )
exaprod;SISCOEX2;DUIMP_CARGA_AQUAVIARIA;dados exclusivos de uma carga aquaviária no siscomex carga.;8926;N;3;COD_TIPO_CONHECIMENTO;VARCHAR2;2;Y;;3;2;0;NO;código do tipo de conhecimento de transporte de carga.; (: )
exaprod;SISCOEX2;DUIMP_CARGA_AQUAVIARIA;dados exclusivos de uma carga aquaviária no siscomex carga.;8926;N;4;DSC_TIPO_CONHECIMENTO;VARCHAR2;3;Y;;4;2;0;NO;descrição do tipo de conhecimento de transporte de carga.; (: )
exaprod;SISCOEX2;DUIMP_CARGA_AQUAVIARIA;dados exclusivos de uma carga aquaviária no siscomex carga.;8926;N;1;SEQ_CARGA_AQUAVIARIA;NUMBER;22;N;0;5;8926;0;NO;sequencial da carga aquaviaria.;PK_CARGA_AQUAVIARIA (PRIMARY KEY: ENABLED)
exaprod;SISCOEX2;DUIMP_CARGA_AQUAVIARIA;dados exclusivos de uma carga aquaviária no siscomex carga.;8926;N;2;SEQ_DUIMP;NUMBER;22;Y;0;5;8926;0;NO;chave estrangeira duimp.;FK_CARGA_AQUAVIARIA_DUIMP (FOREIGN KEY: ENABLED)
exaprod;SISCOEX2;DUIMP_CARGA_AQUAVIARIA;dados exclusivos de uma carga aquaviária no siscomex carga.;8926;N;7;STA_AFRMM_QUITADO;NUMBER;22;Y;0;3;2;0;NO;indica se o afrmm encontra-se quitado ou exonerado.; (: )
exaprod;SISCOEX2;DUIMP_CARGA_AQUAVIARIA;dados exclusivos de uma carga aquaviária no siscomex carga.;8926;N;5;VLR_AFRMM_DEVIDO;NUMBER;22;Y;7;3;542;0;NO;valor devido do afrmm e da tum em r$ (reais); (: )
exaprod;SISCOEX2;DUIMP_CARGA_AQUAVIARIA;dados exclusivos de uma carga aquaviária no siscomex carga.;8926;N;6;VLR_AFRMM_PAGO;NUMBER;22;Y;7;5;5677;0;NO;valor pago do afrmm e da tum em r$ (reais).; (: )
exaprod;SISCOEX2;DUIMP_RESUMO;TABELA PARA REGISTRO DE DADOS SESUMO DA DUIMP;11941;N;3;COD_CUMPRIMENTO_ICMS;VARCHAR2;1;Y;;2;2;6451;NO;"Indicador de cumprimento de ICMS. Referencia:
indicadorCumprimentoICMS. Domínio: 1- Pago, 2 - Cancelado."; (: )
exaprod;SISCOEX2;DUIMP_RESUMO;TABELA PARA REGISTRO DE DADOS SESUMO DA DUIMP;11941;N;4;QTD_ADICOES;NUMBER;22;Y;0;4;64;0;NO;Total de Adições na Duimp. Referencia: quantidadeAdicoes.; (: )
exaprod;SISCOEX2;DUIMP_RESUMO;TABELA PARA REGISTRO DE DADOS SESUMO DA DUIMP;11941;N;2;SEQ_DUIMP;NUMBER;22;Y;0;5;11941;0;NO;"Lei de formação do Nº da Duimp:
AA - (Numérico - 2 posições) Ano que foi gerada a Duimp
BR - (Alfa numérico - 2 posições) Fixo
SSSSSSSSSS - (Numérico - 10 posições) - Sequencial a ser
reiniciado a cada início de ano
D - (Numérico - 1 posição ) Dígito Verificador";FK_DUIMP_R_DUIMP_DADOS_RESUMO (FOREIGN KEY: ENABLED)
exaprod;SISCOEX2;DUIMP_RESUMO;TABELA PARA REGISTRO DE DADOS SESUMO DA DUIMP;11941;N;1;SEQ_DUIMP_RESUMO;NUMBER;22;N;0;5;11941;0;NO;SEQ DADOS RESUMO;PK_DUIMP_RESUMO (PRIMARY KEY: ENABLED)- SYS_C001546819 (C: ENABLED)
exaprod;SISCOEX2;DUIMP_RESUMO;TABELA PARA REGISTRO DE DADOS SESUMO DA DUIMP;11941;N;9;VLR_MERC_DESCARGA_REAL;NUMBER;22;Y;2;7;10483;0;NO;; (: )
exaprod;SISCOEX2;DUIMP_RESUMO;TABELA PARA REGISTRO DE DADOS SESUMO DA DUIMP;11941;N;7;VLR_MERC_EMBARQUE_DOLAR;NUMBER;22;Y;2;6;9851;0;NO;; (: )
exaprod;SISCOEX2;DUIMP_RESUMO;TABELA PARA REGISTRO DE DADOS SESUMO DA DUIMP;11941;N;8;VLR_MERC_EMBARQUE_REAL;NUMBER;22;Y;2;7;10403;0;NO;; (: )
exaprod;SISCOEX2;DUIMP_RESUMO;TABELA PARA REGISTRO DE DADOS SESUMO DA DUIMP;11941;N;5;VLR_TAXA_UTILIZACAO;NUMBER;22;Y;2;5;64;1281;NO;"Taxa calculada a partir da quantidade de itens que compõem a
Duimp. Referencia: taxaUtilizacao."; (: )
exaprod;SISCOEX2;DUIMP_RESUMO;TABELA PARA REGISTRO DE DADOS SESUMO DA DUIMP;11941;N;6;VLR_TAXA_UTILIZACAO_ACUMULADO;NUMBER;22;Y;2;5;66;18;NO;Valor da taxa SISCOMEX, resultado do somatorio das TAXA_UTILIZACAO das versoes anteriores da duimp; (: )
exaprod;SISCOEX2;DUIMP_TRIBUTO_CALCULADO;TABELA PARA REGISTRO DE TRIBUTOS CALCULADOS;58637;N;2;COD_TIPO_IMPOSTO;VARCHAR2;2;Y;;2;7;0;NO;"Códigos do Tipo de Imposto: 1 - Imposto de Importação, 2
- IPI, 3 - Antidumping, 4 - Cide Combustíveis, 5 - Medidas
Compensatórias, 6 - PIS Importação, 7 - Cofins,Importação, 9
– Salvaguarda";FK_TIP_IMP_R_DUIMP_TRIB_CALC (FOREIGN KEY: ENABLED)
exaprod;SISCOEX2;DUIMP_TRIBUTO_CALCULADO;TABELA PARA REGISTRO DE TRIBUTOS CALCULADOS;58637;N;3;SEQ_DUIMP_RESUMO;NUMBER;22;Y;0;5;11809;0;NO;SEQ DADOS RESUMO;FK_DUIMP_RES_R_DUIMP_TRIB_CALC (FOREIGN KEY: ENABLED)
exaprod;SISCOEX2;DUIMP_TRIBUTO_CALCULADO;TABELA PARA REGISTRO DE TRIBUTOS CALCULADOS;58637;N;1;SEQ_TRIBUTO_CALCULADO;NUMBER;22;N;0;5;58637;0;NO;SEQ TRIBUTO CALCULADO;PK_DUIMP_TRIBUTO_CALCULADO (PRIMARY KEY: ENABLED)- SYS_C001546821 (C: ENABLED)
exaprod;SISCOEX2;DUIMP_TRIBUTO_CALCULADO;TABELA PARA REGISTRO DE TRIBUTOS CALCULADOS;58637;N;5;VLR_A_REDUZIR;NUMBER;22;Y;2;2;895;57495;NO;; (: )
exaprod;SISCOEX2;DUIMP_TRIBUTO_CALCULADO;TABELA PARA REGISTRO DE TRIBUTOS CALCULADOS;58637;N;4;VLR_CALCULADO;NUMBER;22;Y;2;5;37340;11961;NO;; (: )
exaprod;SISCOEX2;DUIMP_TRIBUTO_CALCULADO;TABELA PARA REGISTRO DE TRIBUTOS CALCULADOS;58637;N;7;VLR_DEVIDO;NUMBER;22;Y;2;5;37012;11961;NO;; (: )
exaprod;SISCOEX2;DUIMP_TRIBUTO_CALCULADO;TABELA PARA REGISTRO DE TRIBUTOS CALCULADOS;58637;N;8;VLR_IPST_A_RECOLHER;NUMBER;22;Y;2;5;32184;1422;NO;; (: )
exaprod;SISCOEX2;DUIMP_TRIBUTO_CALCULADO;TABELA PARA REGISTRO DE TRIBUTOS CALCULADOS;58637;N;6;VLR_SUSPENSO;NUMBER;22;Y;2;2;4402;52708;NO;; (: )
exaprod;SISCOEX2;EQUIPE_TRABALHO;TABELA PARA REGISTRO DE EQUIPES DE TRABALHO;11859;N;3;COD_EQPE_TRAB;VARCHAR2;10;Y;;11;38;102;NO;Referencia: equipeTrabalho.; (: )
exaprod;SISCOEX2;EQUIPE_TRABALHO;TABELA PARA REGISTRO DE EQUIPES DE TRABALHO;11859;N;4;COD_ORGAO;VARCHAR2;100;Y;;8;5;0;NO;Referencia: orgao; (: )
exaprod;SISCOEX2;EQUIPE_TRABALHO;TABELA PARA REGISTRO DE EQUIPES DE TRABALHO;11859;N;2;SEQ_DUIMP;NUMBER;22;Y;0;5;11012;0;NO;"Lei de formação do Nº da Duimp:
AA - (Numérico - 2 posições) Ano que foi gerada a Duimp
BR - (Alfa numérico - 2 posições) Fixo
SSSSSSSSSS - (Numérico - 10 posições) - Sequencial a ser
reiniciado a cada início de ano
D - (Numérico - 1 posição ) Dígito Verificador";FK_DUIMP_R_EQUIPE_TRABALHO (FOREIGN KEY: ENABLED)
exaprod;SISCOEX2;EQUIPE_TRABALHO;TABELA PARA REGISTRO DE EQUIPES DE TRABALHO;11859;N;1;SEQ_EQUIPE_TRABALHO;NUMBER;22;N;0;5;11859;0;NO;SEQ EQUIPE TRABALHO;PK_EQUIPE_TRABALHO (PRIMARY KEY: ENABLED)- SYS_C001546823 (C: ENABLED)
exaprod;SISCOEX2;EVENTOS_DUIMP;"TABELA DE DOMINIO
Domínio:
Importador (0)
01 - Declaração registrada
02 - Diagnosticar
03 - Solicitar Retificação
Carga - CCT (1)
11 - Carga Vinculada
12 - Registro de chegada da carga
13 - Carga entregue
14 - Entrega da carga cancelada
15 - Carga Desvinculada
Pagamento PCCE (3)
31 - Pagamento dos tributos federais realizado
32 - ICMS declarado
33 - ICMS cancelado
Conferências para RFB (401 a 420)
401 - Distribuição para análise fiscal
402 - Redistribuição para análise fiscal
409 - Inclusão da exigência fiscal para interrupção da
conferência
410 - Liberação da exigência fiscal
411 - Autorização de entrega sem prosseguimento do
despacho
412 - Autorização de entrega com prosseguimento do
despacho
413 - Desembaraço autorizado
414 - Em análise fiscal
417 - Cancelamento automático de exigência
418 - Declaração desembaraçada sem conferência
419 - Desembaraço efetuado
420 - Conclusão da conferência sem prosseguimento do
despacho
Conferência para órgãos anuentes (450 a 499)
451 - Distribuição para inspeção
452 - Redistribuição da inspeção física para outro servidor
459 - Registro de exigência por órgão anuente
460 - Liberação de exigência por órgão anuente
463 - Autorização da inspeção física por órgão anuente
464 - Devolução da inspeção física por órgão anuente
Análise de Risco GR (5)
51 -Liberada sem conferência aduaneira52 - Selecionada para conferência aduaneira
Anexação (6)
61 - Documentos instrutivos do despacho recepcionados
Eventos Receita (7)
71 - Declaração cancelada
72 - Conferência da Receita Federal cancelada
automaticamente
73 - Solicitação de cancelamento criada
74 - Solicitação de cancelamento não efetivada
75 - Desvinculação de carga não efetivada - Cancelamento de
ofício não realizado
76 - Solicitação de cancelamento confirmada";67;N;1;COD_EVENTO_DUIMP;VARCHAR2;3;N;;4;67;0;NO;COD EVENTO DUIMP;PK_EVENTOS_DUIMP (PRIMARY KEY: ENABLED)- SYS_C001546825 (C: ENABLED)
exaprod;SISCOEX2;EVENTOS_DUIMP;"TABELA DE DOMINIO
Domínio:
Importador (0)
01 - Declaração registrada
02 - Diagnosticar
03 - Solicitar Retificação
Carga - CCT (1)
11 - Carga Vinculada
12 - Registro de chegada da carga
13 - Carga entregue
14 - Entrega da carga cancelada
15 - Carga Desvinculada
Pagamento PCCE (3)
31 - Pagamento dos tributos federais realizado
32 - ICMS declarado
33 - ICMS cancelado
Conferências para RFB (401 a 420)
401 - Distribuição para análise fiscal
402 - Redistribuição para análise fiscal
409 - Inclusão da exigência fiscal para interrupção da
conferência
410 - Liberação da exigência fiscal
411 - Autorização de entrega sem prosseguimento do
despacho
412 - Autorização de entrega com prosseguimento do
despacho
413 - Desembaraço autorizado
414 - Em análise fiscal
417 - Cancelamento automático de exigência
418 - Declaração desembaraçada sem conferência
419 - Desembaraço efetuado
420 - Conclusão da conferência sem prosseguimento do
despacho
Conferência para órgãos anuentes (450 a 499)
451 - Distribuição para inspeção
452 - Redistribuição da inspeção física para outro servidor
459 - Registro de exigência por órgão anuente
460 - Liberação de exigência por órgão anuente
463 - Autorização da inspeção física por órgão anuente
464 - Devolução da inspeção física por órgão anuente
Análise de Risco GR (5)
51 -Liberada sem conferência aduaneira52 - Selecionada para conferência aduaneira
Anexação (6)
61 - Documentos instrutivos do despacho recepcionados
Eventos Receita (7)
71 - Declaração cancelada
72 - Conferência da Receita Federal cancelada
automaticamente
73 - Solicitação de cancelamento criada
74 - Solicitação de cancelamento não efetivada
75 - Desvinculação de carga não efetivada - Cancelamento de
ofício não realizado
76 - Solicitação de cancelamento confirmada";67;N;2;DSC_EVENTO_DUIMP;VARCHAR2;100;Y;;39;67;0;NO;DSC EVENTO DUIMP; (: )
exaprod;SISCOEX2;FUNDAMENTO_LEGAL_NORMAL;TABELA DOMINIO FUNDAMENTO LEGAL NORMAL;89;N;1;COD_FUNDAMENTO_LEGAL_N;NUMBER;22;N;0;4;89;0;NO;COD FUNDAMENTO LEGAL N;PK_FUNDAMENTO_LEGAL_NORMAL (PRIMARY KEY: ENABLED)- SYS_C001546827 (C: ENABLED)
exaprod;SISCOEX2;FUNDAMENTO_LEGAL_NORMAL;TABELA DOMINIO FUNDAMENTO LEGAL NORMAL;89;N;2;DSC_FUNDAMENTO_LEGAL_N;VARCHAR2;200;Y;;22;13;76;NO;DSC FUNDAMENTO LEGAL N; (: )
exaprod;SISCOEX2;FUNDAMENTO_LEGAL_NORMAL;TABELA DOMINIO FUNDAMENTO LEGAL NORMAL;89;N;3;TXT_FUNDAMENTO_LEGAL_N;CLOB;4000;Y;;109;0;13;NO;Texto fundamento legal normal; (: )
exaprod;SISCOEX2;GLME;Tabela que armazena os dados da GLME gerada para a declaração de ICMS.;810;N;3;COD_AUTENTICIDADE;VARCHAR2;40;Y;;12;810;0;NO;Código de autenticidade da GLME gerada.; (: )
exaprod;SISCOEX2;GLME;Tabela que armazena os dados da GLME gerada para a declaração de ICMS.;810;N;5;COD_USUARIO;VARCHAR2;15;Y;;9;18;0;NO;Código do usuário responsável pela geração da GLME.; (: )
exaprod;SISCOEX2;GLME;Tabela que armazena os dados da GLME gerada para a declaração de ICMS.;810;N;4;DAT_GERACAO;DATE;7;Y;;8;810;0;NO;Data de geração da GLME.; (: )
exaprod;SISCOEX2;GLME;Tabela que armazena os dados da GLME gerada para a declaração de ICMS.;810;N;2;SEQ_DECLARACAO_ICMS;NUMBER;22;N;0;4;810;0;NO;Sequencial da declaração de ICMS vinculada à GLME.;FK_GLME_R_DECLARACAO_ICMS (FOREIGN KEY: ENABLED)- SYS_C001565541 (C: ENABLED)
exaprod;SISCOEX2;GLME;Tabela que armazena os dados da GLME gerada para a declaração de ICMS.;810;N;1;SEQ_GLME;NUMBER;22;N;0;4;810;0;NO;Sequencial da GLME.;PK_GLME (PRIMARY KEY: ENABLED)- SYS_C001565540 (C: ENABLED)
exaprod;SISCOEX2;HISTORICO_DUIMP;TABELA PARA REGISTRO DE ITENS DE HISTORICO  DA DUIMP. REF.: itensHistorico;90384;N;2;COD_EVENTO_DUIMP;VARCHAR2;3;Y;;4;44;0;NO;Referencia: codigo;FK_EVENTOS_DUIMP_R_HIST_ITEM (FOREIGN KEY: ENABLED)
exaprod;SISCOEX2;HISTORICO_DUIMP;TABELA PARA REGISTRO DE ITENS DE HISTORICO  DA DUIMP. REF.: itensHistorico;90384;N;4;DAT_HISTORICO_DUIMP;TIMESTAMP(6) WITH TIME ZONE;13;Y;6;13;37180;0;NO;"Referencia: dataHora
"; (: )
exaprod;SISCOEX2;HISTORICO_DUIMP;TABELA PARA REGISTRO DE ITENS DE HISTORICO  DA DUIMP. REF.: itensHistorico;90384;N;3;SEQ_DUIMP;NUMBER;22;Y;0;5;11809;0;NO;"Lei de formação do Nº da Duimp:
AA - (Numérico - 2 posições) Ano que foi gerada a Duimp
BR - (Alfa numérico - 2 posições) Fixo
SSSSSSSSSS - (Numérico - 10 posições) - Sequencial a ser
reiniciado a cada início de ano
D - (Numérico - 1 posição ) Dígito Verificador";FK_DUIMP_R_HISTORICO_DUIMP (FOREIGN KEY: ENABLED)
exaprod;SISCOEX2;HISTORICO_DUIMP;TABELA PARA REGISTRO DE ITENS DE HISTORICO  DA DUIMP. REF.: itensHistorico;90384;N;1;SEQ_HISTORICO_DUIMP;NUMBER;22;N;0;5;90384;0;NO;Codigo sequence historico;PK_HISTORICO_DUIMP (PRIMARY KEY: ENABLED)- SYS_C001546829 (C: ENABLED)
exaprod;SISCOEX2;INBOX_EVENTO;REGISTRA O RECEBIMENTO E O RESULTADO DO PROCESSAMENTO DE EVENTOS CONSUMIDOS.;4569;N;3;COD_EVENTO;VARCHAR2;100;N;;13;4;0;NO;CODIGO DO TIPO DE EVENTO CONSUMIDO;SYS_C001565851 (C: ENABLED)
exaprod;SISCOEX2;INBOX_EVENTO;REGISTRA O RECEBIMENTO E O RESULTADO DO PROCESSAMENTO DE EVENTOS CONSUMIDOS.;4569;N;5;COD_STATUS_PROCESSAMENTO;VARCHAR2;20;N;;11;2;0;NO;SITUACAO DO PROCESSAMENTO DO EVENTO: PENDENTE, PROCESSADO OU FALHA;SYS_C001565852 (C: ENABLED)
exaprod;SISCOEX2;INBOX_EVENTO;REGISTRA O RECEBIMENTO E O RESULTADO DO PROCESSAMENTO DE EVENTOS CONSUMIDOS.;4569;N;8;DAT_PROCESSAMENTO;TIMESTAMP(6);11;Y;6;11;4569;0;NO;DATA E HORA DO ULTIMO PROCESSAMENTO CONCLUIDO DO EVENTO; (: )
exaprod;SISCOEX2;INBOX_EVENTO;REGISTRA O RECEBIMENTO E O RESULTADO DO PROCESSAMENTO DE EVENTOS CONSUMIDOS.;4569;N;7;DAT_RECEBIMENTO;TIMESTAMP(6);11;N;6;11;4569;0;NO;DATA E HORA EM QUE O EVENTO FOI REGISTRADO NO INBOX;SYS_C001565853 (C: ENABLED)
exaprod;SISCOEX2;INBOX_EVENTO;REGISTRA O RECEBIMENTO E O RESULTADO DO PROCESSAMENTO DE EVENTOS CONSUMIDOS.;4569;N;6;DSC_ERRO_PROCESSAMENTO;VARCHAR2;2000;Y;;3;10;4538;NO;RESUMO DO ERRO OCORRIDO DURANTE O PROCESSAMENTO DO EVENTO; (: )
exaprod;SISCOEX2;INBOX_EVENTO;REGISTRA O RECEBIMENTO E O RESULTADO DO PROCESSAMENTO DE EVENTOS CONSUMIDOS.;4569;N;1;SEQ_INBOX_EVENTO;NUMBER;22;N;0;4;4569;0;NO;SEQUENCIAL DE INBOX_EVENTO;PK_INBOX_EVENTO (PRIMARY KEY: ENABLED)- SYS_C001565849 (C: ENABLED)
exaprod;SISCOEX2;INBOX_EVENTO;REGISTRA O RECEBIMENTO E O RESULTADO DO PROCESSAMENTO DE EVENTOS CONSUMIDOS.;4569;N;2;TXT_CORRELATION_ID;VARCHAR2;100;N;;24;4569;0;NO;IDENTIFICADOR DE CORRELACAO USADO PARA LIGAR O EVENTO A FLUXOS RELACIONADOS E DEDUPLICAR O CONSUMO;SYS_C001565850 (C: ENABLED)
exaprod;SISCOEX2;INBOX_EVENTO;REGISTRA O RECEBIMENTO E O RESULTADO DO PROCESSAMENTO DE EVENTOS CONSUMIDOS.;4569;N;4;TXT_PAYLOAD;CLOB;4000;Y;;759;0;0;NO;CARGA UTIL ORIGINAL RECEBIDA DO EVENTO CONSUMIDO; (: )
exaprod;SISCOEX2;INSTITUICAO_FINANCIADORA;TABELA DOMINIO INSTITUICAO FINANCIADORA;52;N;1;COD_INST_FINANCIADORA;NUMBER;22;N;0;3;52;0;NO;COD INST FINANCIADORA;PK_INSTITUICAO_FINANCIADORA (PRIMARY KEY: ENABLED)- SYS_C001546831 (C: ENABLED)
exaprod;SISCOEX2;INSTITUICAO_FINANCIADORA;TABELA DOMINIO INSTITUICAO FINANCIADORA;52;N;2;DSC_INST_FINANCIADORA;VARCHAR2;150;Y;;67;52;0;NO;DSC INST FINANCIADORA; (: )
exaprod;SISCOEX2;ITEM_ATRIBUTO_FUNDAMENTO_LEGAL;lista de atributos dinâmicos informativos de fundamento legal.;4260;N;2;COD_CODIGO;VARCHAR2;12;Y;;10;27;0;NO;código do atributo no cadastro de atributos.; (: )
exaprod;SISCOEX2;ITEM_ATRIBUTO_FUNDAMENTO_LEGAL;lista de atributos dinâmicos informativos de fundamento legal.;4260;N;4;SEQ_ITEM;NUMBER;22;Y;0;5;2392;0;NO;sequencial item duimp.;FK_ITEM_DUIMP_R_ITEM_ATRIB_FUND_LEGAL (FOREIGN KEY: ENABLED)
exaprod;SISCOEX2;ITEM_ATRIBUTO_FUNDAMENTO_LEGAL;lista de atributos dinâmicos informativos de fundamento legal.;4260;N;1;SEQ_ITEM_ATRIB_FUND_LEGAL;NUMBER;22;N;0;5;4260;0;NO;sequencial do atributo fundamento legal.;PK_ITEM_ATRIB_FUND_LEGAL (PRIMARY KEY: ENABLED)
exaprod;SISCOEX2;ITEM_ATRIBUTO_FUNDAMENTO_LEGAL;lista de atributos dinâmicos informativos de fundamento legal.;4260;N;3;VLR_VALOR;VARCHAR2;4000;Y;;6;371;67;NO;valor do atributo.; (: )
exaprod;SISCOEX2;ITEM_DEC_ICMS_EXO_CERT_SIM;Tabela que armazena as informações de similaridade entre o item da declaração de ICMS com exoneração e o certificado apresentado.;;N;6;COD_ITEM_CERTIFICADO;VARCHAR2;100;Y;;;;;NO;Código do item conforme certificado.; (: )
exaprod;SISCOEX2;ITEM_DEC_ICMS_EXO_CERT_SIM;Tabela que armazena as informações de similaridade entre o item da declaração de ICMS com exoneração e o certificado apresentado.;;N;7;COD_NCM_ITEM_CERTIFICADO;VARCHAR2;20;Y;;;;;NO;Código NCM do item conforme certificado.; (: )
exaprod;SISCOEX2;ITEM_DEC_ICMS_EXO_CERT_SIM;Tabela que armazena as informações de similaridade entre o item da declaração de ICMS com exoneração e o certificado apresentado.;;N;10;COD_USUARIO_CONFERENCIA;VARCHAR2;100;Y;;;;;NO;Código do usuário responsável pela conferência da similaridade.; (: )
exaprod;SISCOEX2;ITEM_DEC_ICMS_EXO_CERT_SIM;Tabela que armazena as informações de similaridade entre o item da declaração de ICMS com exoneração e o certificado apresentado.;;N;3;DAT_ASSINATURA_CERTIFICADO;TIMESTAMP(6);11;Y;6;;;;NO;Data e hora da assinatura do certificado apresentado.; (: )
exaprod;SISCOEX2;ITEM_DEC_ICMS_EXO_CERT_SIM;Tabela que armazena as informações de similaridade entre o item da declaração de ICMS com exoneração e o certificado apresentado.;;N;4;DSC_ITEM_CERTIFICADO;VARCHAR2;2000;Y;;;;;NO;Descrição do item conforme informado no certificado.; (: )
exaprod;SISCOEX2;ITEM_DEC_ICMS_EXO_CERT_SIM;Tabela que armazena as informações de similaridade entre o item da declaração de ICMS com exoneração e o certificado apresentado.;;N;5;NUM_CERTIFICADO;VARCHAR2;100;Y;;;;;NO;Número do certificado apresentado.; (: )
exaprod;SISCOEX2;ITEM_DEC_ICMS_EXO_CERT_SIM;Tabela que armazena as informações de similaridade entre o item da declaração de ICMS com exoneração e o certificado apresentado.;;N;8;NUM_PROTOCOLO;VARCHAR2;100;Y;;;;;NO;Número de protocolo do certificado apresentado.; (: )
exaprod;SISCOEX2;ITEM_DEC_ICMS_EXO_CERT_SIM;Tabela que armazena as informações de similaridade entre o item da declaração de ICMS com exoneração e o certificado apresentado.;;N;1;SEQ_ITEM_DEC_ICMS_EXO_CERT_SIM;NUMBER;22;N;0;;;;NO;Sequencial da similaridade do certificado vinculada ao item de exoneração.;PK_ITEM_DEC_ICMS_EXO_CERT_SIM (PRIMARY KEY: ENABLED)- SYS_C001565523 (C: ENABLED)
exaprod;SISCOEX2;ITEM_DEC_ICMS_EXO_CERT_SIM;Tabela que armazena as informações de similaridade entre o item da declaração de ICMS com exoneração e o certificado apresentado.;;N;2;SEQ_ITEM_DEC_ICMS_EXONERACAO;NUMBER;22;N;0;;;;NO;Sequencial do item da declaração de ICMS com exoneração.;FK_ITEM_EXO_CERT_SIMILAR_EXO (FOREIGN KEY: ENABLED)- ITEM_DEC_ICMS_EXO_CERT_SIM_UK1 (UNIQUE: ENABLED)- SYS_C001565524 (C: ENABLED)
exaprod;SISCOEX2;ITEM_DEC_ICMS_EXO_CERT_SIM;Tabela que armazena as informações de similaridade entre o item da declaração de ICMS com exoneração e o certificado apresentado.;;N;9;STA_SIMILARIDADE_CONFERIDA;NUMBER;22;Y;0;;;;NO;Indicador se a similaridade foi conferida (0 - Não, 1 - Sim).; (: )
exaprod;SISCOEX2;ITEM_DEC_ICMS_EXO_CERT_SIM;Tabela que armazena as informações de similaridade entre o item da declaração de ICMS com exoneração e o certificado apresentado.;;N;11;TIP_ANALISE_SIMILARIDADE;VARCHAR2;10;Y;;;;;NO;Tipo de analise que decidiu a similaridade do certificado: LLM, TEXTUAL ou AUDITOR.;CKC_ITEM_DEC_ICMS_EXO_CERT_SIM_TIP (C: ENABLED)
exaprod;SISCOEX2;ITEM_DEC_ICMS_EXO_CERT_SIM_AUD;Tabela de auditoria do historico de analises de similaridade realizadas em certificados de nao similaridade.;;N;6;COD_USUARIO_ANALISE;VARCHAR2;8;Y;;;;;NO;Usuario responsavel pela conferencia ou processo.; (: )
exaprod;SISCOEX2;ITEM_DEC_ICMS_EXO_CERT_SIM_AUD;Tabela de auditoria do historico de analises de similaridade realizadas em certificados de nao similaridade.;;N;7;DAT_ANALISE;TIMESTAMP(6);11;N;6;;;;NO;Data e hora da analise.;SYS_C001568045 (C: ENABLED)
exaprod;SISCOEX2;ITEM_DEC_ICMS_EXO_CERT_SIM_AUD;Tabela de auditoria do historico de analises de similaridade realizadas em certificados de nao similaridade.;;N;9;DSC_ITEM_REQUERIMENTO;VARCHAR2;2000;Y;;;;;NO;Descricao do item no requerimento do certificado.; (: )
exaprod;SISCOEX2;ITEM_DEC_ICMS_EXO_CERT_SIM_AUD;Tabela de auditoria do historico de analises de similaridade realizadas em certificados de nao similaridade.;;N;8;DSC_MERCADORIA_DECLARADA;VARCHAR2;2000;Y;;;;;NO;Descricao da mercadoria declarada.; (: )
exaprod;SISCOEX2;ITEM_DEC_ICMS_EXO_CERT_SIM_AUD;Tabela de auditoria do historico de analises de similaridade realizadas em certificados de nao similaridade.;;N;5;DSC_MOTIVO_ANALISE;VARCHAR2;2000;Y;;;;;NO;Descricao do motivo ou justificativa da similaridade.; (: )
exaprod;SISCOEX2;ITEM_DEC_ICMS_EXO_CERT_SIM_AUD;Tabela de auditoria do historico de analises de similaridade realizadas em certificados de nao similaridade.;;N;1;SEQ_ITEM_DEC_CERT_SIM_AUD;NUMBER;22;N;0;;;;NO;Chave primaria da auditoria.;PK_ITEM_DEC_ICMS_EXO_CERT_SIM_AUD (PRIMARY KEY: ENABLED)- SYS_C001567911 (C: ENABLED)
exaprod;SISCOEX2;ITEM_DEC_ICMS_EXO_CERT_SIM_AUD;Tabela de auditoria do historico de analises de similaridade realizadas em certificados de nao similaridade.;;N;2;SEQ_ITEM_DEC_ICMS_EXO_CERT_SIM;NUMBER;22;N;0;;;;NO;;FK_ITE_DEC_ICM_EXO_CER_SIM_R_ITE_DEC_ICM_EXO_CER_SIM_AUD (FOREIGN KEY: ENABLED)- SYS_C001568042 (C: ENABLED)
exaprod;SISCOEX2;ITEM_DEC_ICMS_EXO_CERT_SIM_AUD;Tabela de auditoria do historico de analises de similaridade realizadas em certificados de nao similaridade.;;N;4;STA_SIMILARIDADE;NUMBER;22;N;0;;;;NO;Indicador se a similaridade foi confirmada (1) ou recusada (0).;SYS_C001568044 (C: ENABLED)
exaprod;SISCOEX2;ITEM_DEC_ICMS_EXO_CERT_SIM_AUD;Tabela de auditoria do historico de analises de similaridade realizadas em certificados de nao similaridade.;;N;3;TIP_ANALISE_SIMILARIDADE;VARCHAR2;10;N;;;;;NO;Tipo de analise/origem que realizou a avaliacao (LLM, TEXTUAL ou AUDITOR).;CKC_ITEM_DEC_ICMS_EXO_CERT_SIM_AUD_TIP (C: ENABLED)- SYS_C001568043 (C: ENABLED)
exaprod;SISCOEX2;ITEM_DEC_ICMS_EXO_CERT_SIM_AUD;Tabela de auditoria do historico de analises de similaridade realizadas em certificados de nao similaridade.;;N;10;TXT_RESPOSTA_ANALISE;CLOB;4000;Y;;;;;NO;Resposta detalhada em formato de texto/JSON da analise.; (: )
exaprod;SISCOEX2;ITEM_DEC_ICMS_EXO_COMP_BENEF;Tabela de complementos de benefício relacionados à exoneração.;4480;N;5;SEQ_COMP_FUND_LEG_BENEFICIO;NUMBER;22;Y;0;3;37;0;NO;; (: )
exaprod;SISCOEX2;ITEM_DEC_ICMS_EXO_COMP_BENEF;Tabela de complementos de benefício relacionados à exoneração.;4480;N;2;SEQ_ITEM_DEC_ICMS_EXONERACAO;NUMBER;22;N;0;5;3202;0;NO;Referência para a exoneração.;FK_ITEM_DEC_ICMS_EXO_COMP_BENEF_R_ITEM_DECL_ICMS_EXONER (FOREIGN KEY: ENABLED)- SYS_C001565008 (C: ENABLED)
exaprod;SISCOEX2;ITEM_DEC_ICMS_EXO_COMP_BENEF;Tabela de complementos de benefício relacionados à exoneração.;4480;N;1;SEQ_ITEM_ICMS_EXO_COMPL;NUMBER;22;N;0;5;4480;0;NO;Identificador único do complemento.;PK_ITEM_DEC_ICMS_EXO_COMP_BENEF (PRIMARY KEY: ENABLED)
exaprod;SISCOEX2;ITEM_DEC_ICMS_EXO_COMP_BENEF;Tabela de complementos de benefício relacionados à exoneração.;4480;N;3;TXT_TIPO_CAMPO;VARCHAR2;50;N;;10;5;0;NO;Tipo do campo complementar.;SYS_C001565009 (C: ENABLED)
exaprod;SISCOEX2;ITEM_DEC_ICMS_EXO_COMP_BENEF;Tabela de complementos de benefício relacionados à exoneração.;4480;N;4;TXT_VALOR_CAMPO;VARCHAR2;1000;Y;;24;164;0;NO;Valor do campo complementar.; (: )
exaprod;SISCOEX2;ITEM_DEC_ICMS_EXONERACAO;Tabela que armazena dados de exoneração de ICMS por item.;6179;N;11;DSC_ITEM_RESOLUCAO_CONDEC;VARCHAR2;2000;Y;;0;0;6179;NO;Descrição do item da resolução condec; (: )
exaprod;SISCOEX2;ITEM_DEC_ICMS_EXONERACAO;Tabela que armazena dados de exoneração de ICMS por item.;6179;N;12;DSC_RESOLUCAO_CONDEC;VARCHAR2;2000;Y;;0;0;6179;NO;Descrição completa da resolução condec.; (: )
exaprod;SISCOEX2;ITEM_DEC_ICMS_EXONERACAO;Tabela que armazena dados de exoneração de ICMS por item.;6179;N;16;NUM_MANDADO_SEGURANCA;VARCHAR2;30;Y;;2;1;6178;NO;Número do mandado de segurança relacionado à exoneração de ICMS do item da declaração.; (: )
exaprod;SISCOEX2;ITEM_DEC_ICMS_EXONERACAO;Tabela que armazena dados de exoneração de ICMS por item.;6179;N;10;SEQ_BENEFICIO;NUMBER;22;N;0;4;51;0;NO;Referência para o benefício aplicado.;FK_ITEM_DECL_ICMS_EXONE_R_BENEFICIO (FOREIGN KEY: ENABLED)- SYS_C001568003 (C: ENABLED)
exaprod;SISCOEX2;ITEM_DEC_ICMS_EXONERACAO;Tabela que armazena dados de exoneração de ICMS por item.;6179;N;1;SEQ_ITEM_DEC_ICMS_EXONERACAO;NUMBER;22;N;0;5;6179;0;NO;Identificador único da exoneração.;PK_ITEM_DEC_ICMS_EXONERACAO (PRIMARY KEY: ENABLED)
exaprod;SISCOEX2;ITEM_DEC_ICMS_EXONERACAO;Tabela que armazena dados de exoneração de ICMS por item.;6179;N;2;SEQ_ITEM_DECLARACAO_ICMS;NUMBER;22;N;0;5;6179;0;NO;Referência para o item da declaração.;FK_ITEM_DECL_ICMS_EXONE_R_ITEM_DECLA (FOREIGN KEY: ENABLED)- ITEM_DEC_ICMS_EXONERACAO_UK1 (UNIQUE: ENABLED)- SYS_C001565003 (C: ENABLED)
exaprod;SISCOEX2;ITEM_DEC_ICMS_EXONERACAO;Tabela que armazena dados de exoneração de ICMS por item.;6179;N;4;SEQ_ITEM_RESOLUCAO_CONDEC;NUMBER;22;Y;0;0;0;6179;NO;Referência para item de resolução CONDEC.; (: )
exaprod;SISCOEX2;ITEM_DEC_ICMS_EXONERACAO;Tabela que armazena dados de exoneração de ICMS por item.;6179;N;7;SEQ_RESOLUCAO_CONDEC;NUMBER;22;Y;0;0;0;6179;NO;Referência para resolução CONDEC.; (: )
exaprod;SISCOEX2;ITEM_DEC_ICMS_EXONERACAO;Tabela que armazena dados de exoneração de ICMS por item.;6179;N;13;SEQ_TERMO_ACORDO;NUMBER;22;Y;0;4;72;1890;NO;Seq termo de acordo; (: )
exaprod;SISCOEX2;ITEM_DEC_ICMS_EXONERACAO;Tabela que armazena dados de exoneração de ICMS por item.;6179;N;8;SIT_RESOLUCAO_SEM_ITENS;NUMBER;22;Y;0;0;0;6179;NO;Coluna para indicar se uma resolução Condec tem itens ou não; (: )
exaprod;SISCOEX2;ITEM_DEC_ICMS_EXONERACAO;Tabela que armazena dados de exoneração de ICMS por item.;6179;N;14;STA_EXONERACAO;VARCHAR2;30;Y;;10;2;0;NO;Situação da exoneração do item (EM_ANALISE, DEFERIDA, INDEFERIDA, etc).; (: )
exaprod;SISCOEX2;ITEM_DEC_ICMS_EXONERACAO;Tabela que armazena dados de exoneração de ICMS por item.;6179;N;6;STA_POSSUI_DIFERIMENTO;NUMBER;22;Y;0;3;2;0;NO;Indicador de existência de diferimento (S/N).; (: )
exaprod;SISCOEX2;ITEM_DEC_ICMS_EXONERACAO;Tabela que armazena dados de exoneração de ICMS por item.;6179;N;15;STA_POSSUI_SIMILAR;NUMBER;22;Y;0;3;2;0;NO;Indicador se o item possui certificado de similaridade associado (0 - Não, 1 - Sim).; (: )
exaprod;SISCOEX2;ITEM_DEC_ICMS_EXONERACAO;Tabela que armazena dados de exoneração de ICMS por item.;6179;N;3;TXT_FUNDAMENTACAO_LEGAL;VARCHAR2;4000;Y;;107;227;697;NO;Texto da fundamentação legal.; (: )
exaprod;SISCOEX2;ITEM_DEC_ICMS_EXONERACAO;Tabela que armazena dados de exoneração de ICMS por item.;6179;N;9;TXT_TERMO_ACORDO;VARCHAR2;4000;Y;;46;76;1890;NO;Texto do termo de acordo.; (: )
exaprod;SISCOEX2;ITEM_DEC_ICMS_EXONERACAO;Tabela que armazena dados de exoneração de ICMS por item.;6179;N;5;VLR_PERCENTUAL_DIFERIMENTO;NUMBER;22;Y;2;2;1;4481;NO;Percentual de diferimento.; (: )
exaprod;SISCOEX2;ITEM_DECLARACAO_ICMS;Tabela que armazena os itens da declaração de ICMS.;16105;N;4;COD_TRIBUTACAO;VARCHAR2;255;Y;;6;107;6;NO;Código de tributação do item.; (: )
exaprod;SISCOEX2;ITEM_DECLARACAO_ICMS;Tabela que armazena os itens da declaração de ICMS.;16105;N;5;QTD_ITEM;NUMBER;22;Y;5;4;2092;0;NO;Quantidade do item.; (: )
exaprod;SISCOEX2;ITEM_DECLARACAO_ICMS;Tabela que armazena os itens da declaração de ICMS.;16105;N;7;SEQ_DECLARACAO_ICMS;NUMBER;22;Y;0;4;2051;0;NO;Referência para a declaração de ICMS.;FK_ITEM_DECL_R_DECL_ICMS (FOREIGN KEY: ENABLED)
exaprod;SISCOEX2;ITEM_DECLARACAO_ICMS;Tabela que armazena os itens da declaração de ICMS.;16105;N;2;SEQ_ITEM;NUMBER;22;Y;0;5;12848;0;NO;Referência para o item da DUIMP.;FK_ITEM_DECL_ICMS_ITEM (FOREIGN KEY: ENABLED)
exaprod;SISCOEX2;ITEM_DECLARACAO_ICMS;Tabela que armazena os itens da declaração de ICMS.;16105;N;1;SEQ_ITEM_DECLARACAO_ICMS;NUMBER;22;N;0;5;16105;0;NO;Identificador único do item da declaração.;PK_ITEM_DEC_ICMS (PRIMARY KEY: ENABLED)
exaprod;SISCOEX2;ITEM_DECLARACAO_ICMS;Tabela que armazena os itens da declaração de ICMS.;16105;N;8;SIT_COD_TRIBUTACAO_EDITADO;NUMBER;22;Y;0;2;2;15603;NO;Indicador se o código de tributação do item foi editado pelo usuário.; (: )
exaprod;SISCOEX2;ITEM_DECLARACAO_ICMS;Tabela que armazena os itens da declaração de ICMS.;16105;N;9;SIT_QTD_ITEM_EDITADO;NUMBER;22;Y;0;2;1;15607;NO;Indicador se a quantidade do item foi editada pelo usuário.; (: )
exaprod;SISCOEX2;ITEM_DECLARACAO_ICMS;Tabela que armazena os itens da declaração de ICMS.;16105;N;10;SIT_VLR_MUL_JUROS_DUIMP_EDIT;NUMBER;22;Y;0;2;1;15607;NO;Indicador se o valor de multa e juros do item foi editado pelo usuário.; (: )
exaprod;SISCOEX2;ITEM_DECLARACAO_ICMS;Tabela que armazena os itens da declaração de ICMS.;16105;N;6;TXT_UNIDADE;VARCHAR2;255;Y;;8;118;0;NO;Unidade de medida do item.; (: )
exaprod;SISCOEX2;ITEM_DECLARACAO_ICMS;Tabela que armazena os itens da declaração de ICMS.;16105;N;3;VLR_MULTA_JUROS_DUIMP;NUMBER;22;Y;2;3;15;0;NO;Valor de multa e juros do item.; (: )
exaprod;SISCOEX2;ITEM_DECLARACAO_ICMS_ANALISE;TABELA QUE ARMAZENA AS ANÁLISES DOS ITENS DA DECLARAÇÃO DE ICMS.;9599;N;3;COD_USUARIO;VARCHAR2;100;Y;;9;20;0;NO;CÓDIGO DO USUÁRIO RESPONSÁVEL PELA ANÁLISE; (: )
exaprod;SISCOEX2;ITEM_DECLARACAO_ICMS_ANALISE;TABELA QUE ARMAZENA AS ANÁLISES DOS ITENS DA DECLARAÇÃO DE ICMS.;9599;N;5;DAT_ATUALIZACAO_ITEM;TIMESTAMP(6);11;Y;6;11;1717;0;NO;DATA DA ÚLTIMA ATUALIZAÇÃO DO ITEM; (: )
exaprod;SISCOEX2;ITEM_DECLARACAO_ICMS_ANALISE;TABELA QUE ARMAZENA AS ANÁLISES DOS ITENS DA DECLARAÇÃO DE ICMS.;9599;N;2;SEQ_ITEM_DECLARACAO_ICMS;NUMBER;22;N;0;5;8627;0;NO;SEQUENCIAL DO ITEM_DECLARACAO_ICMS;FK_ITEM_DECL_ICMS_ANALISE_R_ITEM (FOREIGN KEY: ENABLED)- SYS_C001565452 (C: ENABLED)
exaprod;SISCOEX2;ITEM_DECLARACAO_ICMS_ANALISE;TABELA QUE ARMAZENA AS ANÁLISES DOS ITENS DA DECLARAÇÃO DE ICMS.;9599;N;1;SEQ_ITEM_DECL_ICMS_ANALISE;NUMBER;22;N;0;5;9599;0;NO;SEQUENCIAL DE ITEM_DECLARACAO_ICMS_ANALISE;PK_ITEM_DECL_ICMS_ANALISE (PRIMARY KEY: ENABLED)- SYS_C001565446 (C: ENABLED)
exaprod;SISCOEX2;ITEM_DECLARACAO_ICMS_ANALISE;TABELA QUE ARMAZENA AS ANÁLISES DOS ITENS DA DECLARAÇÃO DE ICMS.;9599;N;6;SIT_PEND_ANALISE_AUTOMATICA;NUMBER;22;Y;0;3;2;0;NO;Indicador de pendência gerada por análise automática (0 - Não, 1 - Sim).; (: )
exaprod;SISCOEX2;ITEM_DECLARACAO_ICMS_ANALISE;TABELA QUE ARMAZENA AS ANÁLISES DOS ITENS DA DECLARAÇÃO DE ICMS.;9599;N;4;STA_ANALISE;VARCHAR2;30;N;;11;2;0;NO;STATUS DA ANÁLISE DO ITEM;SYS_C001565453 (C: ENABLED)
exaprod;SISCOEX2;ITEM_DECLARACAO_ICMS_CALCULO;Tabela de cálculos tributários por item da declaração;14674;N;22;DSC_TRILHA;VARCHAR2;4000;Y;;606;11887;0;NO;Descrição da trilha de auditoria ou processamento; (: )
exaprod;SISCOEX2;ITEM_DECLARACAO_ICMS_CALCULO;Tabela de cálculos tributários por item da declaração;14674;N;19;NUM_NUMERO;NUMBER;22;Y;0;4;412;0;NO;Número do item; (: )
exaprod;SISCOEX2;ITEM_DECLARACAO_ICMS_CALCULO;Tabela de cálculos tributários por item da declaração;14674;N;2;SEQ_ITEM_DECLARACAO_ICMS;NUMBER;22;N;0;5;14674;0;NO;Referência para item da declaração ICMS;FK_ITEM_DECL_ICMS_CALCULO_R_ITEM_DECLARACAO_ICMS (FOREIGN KEY: ENABLED)- SYS_C001565022 (C: ENABLED)
exaprod;SISCOEX2;ITEM_DECLARACAO_ICMS_CALCULO;Tabela de cálculos tributários por item da declaração;14674;N;1;SEQ_ITEM_DECLARACAO_ICMS_CALC;NUMBER;22;N;0;5;14674;0;NO;Identificador único do item de cálculo;PK_ITEM_DECLARACAO_ICMS_CALCULO (PRIMARY KEY: ENABLED)
exaprod;SISCOEX2;ITEM_DECLARACAO_ICMS_CALCULO;Tabela de cálculos tributários por item da declaração;14674;N;3;VLR_ADICIONAL_TARIFARIO_RATE;NUMBER;22;Y;2;4;4061;0;NO;Valor do adicional tarifário rateado; (: )
exaprod;SISCOEX2;ITEM_DECLARACAO_ICMS_CALCULO;Tabela de cálculos tributários por item da declaração;14674;N;7;VLR_BASE_CALCULO_FECOP;NUMBER;22;Y;2;3;152;0;NO;Valor da base de cálculo do FECOP; (: )
exaprod;SISCOEX2;ITEM_DECLARACAO_ICMS_CALCULO;Tabela de cálculos tributários por item da declaração;14674;N;8;VLR_BASE_CALCULO_FECOP_ST;NUMBER;22;Y;2;3;151;0;NO;Valor da base de cálculo do FECOP para substituição tributária; (: )
exaprod;SISCOEX2;ITEM_DECLARACAO_ICMS_CALCULO;Tabela de cálculos tributários por item da declaração;14674;N;9;VLR_BC_FECOP;NUMBER;22;Y;2;3;151;0;NO;Valor da base de cálculo do FECOP; (: )
exaprod;SISCOEX2;ITEM_DECLARACAO_ICMS_CALCULO;Tabela de cálculos tributários por item da declaração;14674;N;10;VLR_BC_ICMS_IMPORTACAO;NUMBER;22;Y;2;5;9878;0;NO;Valor da base de cálculo do ICMS de importação; (: )
exaprod;SISCOEX2;ITEM_DECLARACAO_ICMS_CALCULO;Tabela de cálculos tributários por item da declaração;14674;N;11;VLR_BC_ICMS_SUBS_TRIB;NUMBER;22;Y;2;4;4305;0;NO;Valor da base de cálculo do ICMS de substituição tributária; (: )
exaprod;SISCOEX2;ITEM_DECLARACAO_ICMS_CALCULO;Tabela de cálculos tributários por item da declaração;14674;N;12;VLR_FECOP;NUMBER;22;Y;2;3;149;0;NO;Valor do FECOP; (: )
exaprod;SISCOEX2;ITEM_DECLARACAO_ICMS_CALCULO;Tabela de cálculos tributários por item da declaração;14674;N;13;VLR_FECOP_IMPORTACAO;NUMBER;22;Y;2;3;150;0;NO;Valor do FECOP de importação; (: )
exaprod;SISCOEX2;ITEM_DECLARACAO_ICMS_CALCULO;Tabela de cálculos tributários por item da declaração;14674;N;14;VLR_ICMS_IMPORTACAO;NUMBER;22;Y;2;5;8556;0;NO;Valor do ICMS de importação; (: )
exaprod;SISCOEX2;ITEM_DECLARACAO_ICMS_CALCULO;Tabela de cálculos tributários por item da declaração;14674;N;15;VLR_ICMS_IMPORTACAO_DIFERIDO;NUMBER;22;Y;2;3;1412;0;NO;Valor do ICMS de importação diferido; (: )
exaprod;SISCOEX2;ITEM_DECLARACAO_ICMS_CALCULO;Tabela de cálculos tributários por item da declaração;14674;N;16;VLR_ICMS_IMPORTACAO_SUSPENSO;NUMBER;22;Y;2;2;1;0;NO;Valor do ICMS de importação suspenso; (: )
exaprod;SISCOEX2;ITEM_DECLARACAO_ICMS_CALCULO;Tabela de cálculos tributários por item da declaração;14674;N;17;VLR_ICMS_SUBS_TRIB;NUMBER;22;Y;2;3;3874;0;NO;Valor do ICMS de substituição tributária; (: )
exaprod;SISCOEX2;ITEM_DECLARACAO_ICMS_CALCULO;Tabela de cálculos tributários por item da declaração;14674;N;18;VLR_MULTA_RATEADA;NUMBER;22;Y;2;3;116;0;NO;Valor da multa rateada; (: )
exaprod;SISCOEX2;ITEM_DECLARACAO_ICMS_CALCULO;Tabela de cálculos tributários por item da declaração;14674;N;20;VLR_OUTRAS_DESPESAS_RATEADA;NUMBER;22;Y;2;3;2851;144;NO;Valor de outras despesas rateadas; (: )
exaprod;SISCOEX2;ITEM_DECLARACAO_ICMS_CALCULO;Tabela de cálculos tributários por item da declaração;14674;N;4;VLR_PCT_ALIQ_FECOP;NUMBER;22;Y;2;3;3;0;NO;Percentual da alíquota do FECOP; (: )
exaprod;SISCOEX2;ITEM_DECLARACAO_ICMS_CALCULO;Tabela de cálculos tributários por item da declaração;14674;N;5;VLR_PCT_ALIQ_ICMS_IMPORTACAO;NUMBER;22;Y;2;3;4;0;NO;Percentual da alíquota do ICMS de importação; (: )
exaprod;SISCOEX2;ITEM_DECLARACAO_ICMS_CALCULO;Tabela de cálculos tributários por item da declaração;14674;N;6;VLR_PCT_ALIQ_ICMS_SUBS_TRIB;NUMBER;22;Y;2;3;2;0;NO;Percentual da alíquota do ICMS de substituição tributária; (: )
exaprod;SISCOEX2;ITEM_DECLARACAO_ICMS_CALCULO;Tabela de cálculos tributários por item da declaração;14674;N;21;VLR_TAXA_SISCOMEX_RATEADA;NUMBER;22;Y;2;4;3617;0;NO;Valor da taxa SISCOMEX rateada; (: )
exaprod;SISCOEX2;ITEM_DUIMP;TABELA DE CONEXAO;96996;N;19;COD_COBERTURA_CAMBIAL;NUMBER;22;Y;0;3;4;0;NO;COD COBERTURA CAMBIAL;FK_TIP_COB_CAMB_R_ITEM_DUIMP (FOREIGN KEY: ENABLED)
exaprod;SISCOEX2;ITEM_DUIMP;TABELA DE CONEXAO;96996;N;22;COD_CONDICAO_MERCADORIA;NUMBER;22;Y;0;3;2;0;NO;COD CONDICAO MERCADORIA;FK_TIPO_CON_MERC_R_ITEM_DUIMP (FOREIGN KEY: ENABLED)
exaprod;SISCOEX2;ITEM_DUIMP;TABELA DE CONEXAO;96996;N;18;COD_INST_FINANCIADORA;NUMBER;22;Y;0;2;1;47548;NO;COD INST FINANCIADORA;FK_INST_FIN_R_ITEM_DUIMP (FOREIGN KEY: ENABLED)
exaprod;SISCOEX2;ITEM_DUIMP;TABELA DE CONEXAO;96996;N;24;COD_METODO_VALORACAO;NUMBER;22;Y;0;3;6;4;NO;"Método utilizado para valoração da mercadoria. Referencia:
metodoValoracao. Domínio: Disponível nas Tabelas Aduaneiras."; (: )
exaprod;SISCOEX2;ITEM_DUIMP;TABELA DE CONEXAO;96996;N;23;COD_MOEDA;NUMBER;22;Y;0;4;12;0;NO;codigo moeda;FK_MOEDA_R_ITEM_DUIMP (FOREIGN KEY: ENABLED)
exaprod;SISCOEX2;ITEM_DUIMP;TABELA DE CONEXAO;96996;N;20;COD_MOTIVO_SEM_COBERTURA;VARCHAR2;4;Y;;2;10;94478;NO;COD MOTIVO SEM COBERTURA;FK_MOT_SEM_COB_R_ITEM_DUIMP (FOREIGN KEY: ENABLED)
exaprod;SISCOEX2;ITEM_DUIMP;TABELA DE CONEXAO;96996;N;7;COD_NCM;NUMBER;22;Y;0;6;2329;0;NO;NCM associado ao Produto. Referencia: codigoNCM.; (: )
exaprod;SISCOEX2;ITEM_DUIMP;TABELA DE CONEXAO;96996;N;9;COD_PAIS_OPERADOR_EXPORTADOR;VARCHAR2;3;Y;;2;22;95642;NO;"País de aquisição. País em que reside ou estiver sediado o
Operador Exportador.Referencia: paisOperadorExportador.";FK_PAIS_R_ITEM_DUIMP (FOREIGN KEY: ENABLED)
exaprod;SISCOEX2;ITEM_DUIMP;TABELA DE CONEXAO;96996;N;8;COD_PAIS_ORIGEM_PRODUTO;VARCHAR2;3;Y;;3;91;4;NO;Codigo do pais;FK_PAIS_R_ITEM_DUIMP_2 (FOREIGN KEY: ENABLED)
exaprod;SISCOEX2;ITEM_DUIMP;TABELA DE CONEXAO;96996;N;4;COD_PRODUTO;VARCHAR2;25;Y;;4;5031;0;NO;"Código de identificação do produto no sistema catálogo de
produtos. Referencia: codigoProduto"; (: )
exaprod;SISCOEX2;ITEM_DUIMP;TABELA DE CONEXAO;96996;N;10;COD_RELACAO_EXP_FABRICANTE;VARCHAR2;1;Y;;2;2;95642;NO;"Relação entre Exportador e Fabricante/Produtor. Referencia:
relacaoExportadorFabricante.
Indica se o exportador estrangeiro é o próprio fabricante do
produto.
Dominio: 0 - Exportador é diferente do Fabricante, 1 -
Exportador é o Fabricante"; (: )
exaprod;SISCOEX2;ITEM_DUIMP;TABELA DE CONEXAO;96996;N;21;COD_TIPO_APLICACAO;NUMBER;22;Y;0;3;5;0;NO;COD TIPO APLICACAO;FK_TIPO_APLI_R_ITEM_DUIMP (FOREIGN KEY: ENABLED)
exaprod;SISCOEX2;ITEM_DUIMP;TABELA DE CONEXAO;96996;N;11;COD_VINC_COMPRADOR_VENDEDOR;VARCHAR2;1;Y;;2;2;95642;NO;"Indicação de vinculação entre comprador e vendedor.
Referencia: vinculacaoCompradorVendedor. Domínio: 1 - Não
há vinculação, 2 - Vinculação sem influência no preço, 3 -
Vinculação com influência no preço"; (: )
exaprod;SISCOEX2;ITEM_DUIMP;TABELA DE CONEXAO;96996;N;31;DAT_HORA_FATO_GERADOR;TIMESTAMP(6);11;Y;6;11;10519;0;NO;; (: )
exaprod;SISCOEX2;ITEM_DUIMP;TABELA DE CONEXAO;96996;N;41;DSC_NCM;VARCHAR2;4000;Y;;44;2280;2701;NO;Descrição do ncm. Recuperado no SETA e atribuido no momento de sincronismo; (: )
exaprod;SISCOEX2;ITEM_DUIMP;TABELA DE CONEXAO;96996;N;14;NOM_ADQUIRENTE;VARCHAR2;255;Y;;5;81;89094;NO;Nome do Adquirente. Referencia: nomeAdquirente.; (: )
exaprod;SISCOEX2;ITEM_DUIMP;TABELA DE CONEXAO;96996;N;12;NUM_CNPJ_ADQUIRENTE;VARCHAR2;20;Y;;3;93;89094;NO;CNPJ do Adquirente. Referencia: cnpjAdquirente.; (: )
exaprod;SISCOEX2;ITEM_DUIMP;TABELA DE CONEXAO;96996;N;6;NUM_CNPJ_PRODUTO;VARCHAR2;20;Y;;10;832;0;NO;CNPJ associado ao Produto. Referencia: cnpjProduto.; (: )
exaprod;SISCOEX2;ITEM_DUIMP;TABELA DE CONEXAO;96996;N;2;NUM_ITEM;NUMBER;22;Y;0;4;588;0;NO;Numero sequencial do item da duimp; (: )
exaprod;SISCOEX2;ITEM_DUIMP;TABELA DE CONEXAO;96996;N;17;NUM_ROF_BACEN;VARCHAR2;8;Y;;0;0;96996;NO;Número do ROF/BACEN. Referencia: numeroRofBacen; (: )
exaprod;SISCOEX2;ITEM_DUIMP;TABELA DE CONEXAO;96996;N;5;NUM_VERSAO_PRODUTO;VARCHAR2;7;Y;;3;29;0;NO;"Versão do produto existente no catálogo no momento do
registro da Duimp. Referencia: versaoProduto"; (: )
exaprod;SISCOEX2;ITEM_DUIMP;TABELA DE CONEXAO;96996;N;29;QTD_UNIDADE_ESTATISTICA;NUMBER;22;Y;5;4;23244;0;NO;"Quantidade da mercadoria na unidade de medida estatística.
Referencia: quantidadeUnidadeEstatistica."; (: )
exaprod;SISCOEX2;ITEM_DUIMP;TABELA DE CONEXAO;96996;N;26;QTD_UNID_COMERCIALIZADAS;NUMBER;22;Y;5;4;10409;0;NO;"Quantidade na Unidade Comercializada. Referencia:
quantidadeUnidadeComercializada."; (: )
exaprod;SISCOEX2;ITEM_DUIMP;TABELA DE CONEXAO;96996;N;3;SEQ_DUIMP;NUMBER;22;Y;0;5;11809;0;NO;SEQ DADOS DUIMP;FK_DUIMP_R_ITEM_DUIMP (FOREIGN KEY: ENABLED)
exaprod;SISCOEX2;ITEM_DUIMP;TABELA DE CONEXAO;96996;N;1;SEQ_ITEM;NUMBER;22;N;0;5;96996;0;NO;SEQ ITEM;PK_ITEM_DUIMP (PRIMARY KEY: ENABLED)- SYS_C001546833 (C: ENABLED)
exaprod;SISCOEX2;ITEM_DUIMP;TABELA DE CONEXAO;96996;N;32;TIP_INDICACAO_IMPORTACAO_TERC;VARCHAR2;100;Y;;19;3;0;NO;; (: )
exaprod;SISCOEX2;ITEM_DUIMP;TABELA DE CONEXAO;96996;N;25;TXT_COD_INCOTERM;VARCHAR2;3;Y;;4;10;135;NO;"Código Incoterm . Referencia: codigoIncoterm. Domínio:
Disponível nas Tabelas Aduaneiras"; (: )
exaprod;SISCOEX2;ITEM_DUIMP;TABELA DE CONEXAO;96996;N;15;TXT_DESC_COMP_MERCADORIA;VARCHAR2;4000;Y;;62;26664;58927;NO;"Campo texto livre onde o usuário poderá fornecer
informações adicionais sobre a mercadoria, que não
estejam previstos em campos específicos. Referencia:
descricaoComplementarMercadoria."; (: )
exaprod;SISCOEX2;ITEM_DUIMP;TABELA DE CONEXAO;96996;N;40;TXT_DESC_PRODUTO;VARCHAR2;4000;Y;;207;50788;8822;NO;Descrição do produto. Recuperado no pucomex e atribuido no momento de sincronismo; (: )
exaprod;SISCOEX2;ITEM_DUIMP;TABELA DE CONEXAO;96996;N;13;TXT_UF_ADQUIRENTE;VARCHAR2;2;Y;;2;12;89094;NO;UF do Adquirene. Referencia: ufAdquirente; (: )
exaprod;SISCOEX2;ITEM_DUIMP;TABELA DE CONEXAO;96996;N;27;TXT_UND_COMERCIALIZACAO;VARCHAR2;30;Y;;8;290;0;NO;"Unidade de medida utilizada na comercialização da mercadoria.
Referencia: unidadeComercializada. Domínio: Unidade
Medida Mercosul (Tabelas Aduaneiras)"; (: )
exaprod;SISCOEX2;ITEM_DUIMP;TABELA DE CONEXAO;96996;N;30;TXT_UNIDADE_ESTATISTICA;VARCHAR2;30;Y;;16;7;0;NO;"Descrição da Unidade Estatística. Referencia:
unidadeEstatistica."; (: )
exaprod;SISCOEX2;ITEM_DUIMP;TABELA DE CONEXAO;96996;N;33;VLR_ADUANEIRO;NUMBER;22;Y;2;6;76600;1;NO;; (: )
exaprod;SISCOEX2;ITEM_DUIMP;TABELA DE CONEXAO;96996;N;16;VLR_COBERTURA_CAMBIAL;NUMBER;22;Y;7;2;1132;95541;NO;"Valor da Cobertura Cambial. Referencia:
valorCoberturaCambial."; (: )
exaprod;SISCOEX2;ITEM_DUIMP;TABELA DE CONEXAO;96996;N;35;VLR_FRETE_RATEADO;NUMBER;22;Y;2;5;50072;4;NO;; (: )
exaprod;SISCOEX2;ITEM_DUIMP;TABELA DE CONEXAO;96996;N;39;VLR_MERC;NUMBER;22;Y;2;6;72608;5;NO;; (: )
exaprod;SISCOEX2;ITEM_DUIMP;TABELA DE CONEXAO;96996;N;37;VLR_MERCADORIA_COND_VENDA_MOED;NUMBER;22;Y;2;5;43572;1;NO;; (: )
exaprod;SISCOEX2;ITEM_DUIMP;TABELA DE CONEXAO;96996;N;36;VLR_MERCADORIA_COND_VENDA_REAL;NUMBER;22;Y;2;6;71144;5;NO;; (: )
exaprod;SISCOEX2;ITEM_DUIMP;TABELA DE CONEXAO;96996;N;28;VLR_PESO_LIQUIDO;NUMBER;22;Y;5;5;28200;0;NO;Peso Líquido (kg). Referencia: pesoLiquido.; (: )
exaprod;SISCOEX2;ITEM_DUIMP;TABELA DE CONEXAO;96996;N;34;VLR_SEGURO_RATEADO;NUMBER;22;Y;2;3;11269;4;NO;; (: )
exaprod;SISCOEX2;ITEM_DUIMP;TABELA DE CONEXAO;96996;N;38;VLR_UNITARIO_CONDICAO_VENDA;NUMBER;22;Y;2;4;12772;0;NO;; (: )
exaprod;SISCOEX2;ITEM_DUIMP_PRD_SITRAM;Tabela de associação entre ITEM_DUIMP e PRODUTO_SITRAM.;245248;N;2;COD_PRODUTO_SITRAM;VARCHAR2;50;N;;6;407;0;NO;Código do produto SITRAM, chave estrangeira para PRODUTO_SITRAM.;PK_ITEM_DUIMP_PRD_SITRAM (PRIMARY KEY: ENABLED)- SYS_C001565047 (C: ENABLED)
exaprod;SISCOEX2;ITEM_DUIMP_PRD_SITRAM;Tabela de associação entre ITEM_DUIMP e PRODUTO_SITRAM.;245248;N;1;SEQ_ITEM;NUMBER;22;N;0;5;86696;0;NO;Identificador do item DUIMP, chave estrangeira para ITEM_DUIMP.;PK_ITEM_DUIMP_PRD_SITRAM (PRIMARY KEY: ENABLED)- SYS_C001565046 (C: ENABLED)
exaprod;SISCOEX2;ITEM_GLME;Tabela que armazena os itens vinculados à GLME.;;N;2;SEQ_GLME;NUMBER;22;N;0;;;;NO;Sequencial da GLME à qual o item está vinculado.;FK_ITEM_GLME_R_GLME (FOREIGN KEY: ENABLED)- SYS_C001565545 (C: ENABLED)
exaprod;SISCOEX2;ITEM_GLME;Tabela que armazena os itens vinculados à GLME.;;N;3;SEQ_ITEM_DECL_ICMS_ANALISE;NUMBER;22;Y;0;;;;NO;Sequencial do item da declaração de ICMS em análise vinculado à GLME.;FK_ITEM_GLME_R_ITEM_DECL_ICMS_ANALISE (FOREIGN KEY: ENABLED)
exaprod;SISCOEX2;ITEM_GLME;Tabela que armazena os itens vinculados à GLME.;;N;1;SEQ_ITEM_GLME;NUMBER;22;N;0;;;;NO;Sequencial do item da GLME.;PK_ITEM_GLME (PRIMARY KEY: ENABLED)- SYS_C001565544 (C: ENABLED)
exaprod;SISCOEX2;ITEM_ICMS_EXO_ITEM_RES_COND;"Tabela que armazena os itens da resolucao CONDEC vinculados ao item de

 exoneracao da declaracao de ICMS.";;N;3;COD_NCM_ITEM_RESOLUCAO;NUMBER;22;Y;0;;;;NO;Codigo NCM do item da resolucao CONDEC.; (: )
exaprod;SISCOEX2;ITEM_ICMS_EXO_ITEM_RES_COND;"Tabela que armazena os itens da resolucao CONDEC vinculados ao item de

 exoneracao da declaracao de ICMS.";;N;5;DSC_ITEM_RESOLUCAO;VARCHAR2;4000;Y;;;;;NO;Descricao do item da resolucao CONDEC.; (: )
exaprod;SISCOEX2;ITEM_ICMS_EXO_ITEM_RES_COND;"Tabela que armazena os itens da resolucao CONDEC vinculados ao item de

 exoneracao da declaracao de ICMS.";;N;1;SEQ_ITEM_ICMS_EXO_IT_RES_COND;NUMBER;22;N;0;;;;NO;"Sequencial do item da resolucao CONDEC vinculado ao item de exoneracao da

 declaracao de ICMS.";PK_ITEM_ICMS_EXO_ITEM_RES_COND (PRIMARY KEY: ENABLED)- SYS_C001568054 (C: ENABLED)
exaprod;SISCOEX2;ITEM_ICMS_EXO_ITEM_RES_COND;"Tabela que armazena os itens da resolucao CONDEC vinculados ao item de

 exoneracao da declaracao de ICMS.";;N;2;SEQ_ITEM_ICMS_EXO_RES_CONDEC;NUMBER;22;N;0;;;;NO;"Sequencial da resolucao CONDEC vinculada ao item de exoneracao da

 declaracao de ICMS.";FK_ITE_ICM_EXO_RES_CON_R_ITE_ICM_EXO_ITE_RES_CON (FOREIGN KEY: ENABLED)- SYS_C001568055 (C: ENABLED)
exaprod;SISCOEX2;ITEM_ICMS_EXO_ITEM_RES_COND;"Tabela que armazena os itens da resolucao CONDEC vinculados ao item de

 exoneracao da declaracao de ICMS.";;N;4;VLR_DIFERIMENTO_ITEM;NUMBER;22;Y;2;;;;NO;Valor percentual de diferimento do item da resolucao CONDEC.; (: )
exaprod;SISCOEX2;ITEM_ICMS_EXO_RES_CONDEC;"Tabela que armazena os dados da resolucao CONDEC vinculada ao item de

 exoneracao da declaracao de ICMS.";;N;6;COD_NCM_RESOLUCAO;NUMBER;22;Y;0;;;;NO;Codigo NCM informado na resolucao CONDEC.; (: )
exaprod;SISCOEX2;ITEM_ICMS_EXO_RES_CONDEC;"Tabela que armazena os dados da resolucao CONDEC vinculada ao item de

 exoneracao da declaracao de ICMS.";;N;9;COD_PROGRAMA_FDI;NUMBER;22;Y;0;;;;NO;Codigo do programa FDI vinculado a resolucao CONDEC.; (: )
exaprod;SISCOEX2;ITEM_ICMS_EXO_RES_CONDEC;"Tabela que armazena os dados da resolucao CONDEC vinculada ao item de

 exoneracao da declaracao de ICMS.";;N;13;COD_USUARIO_CONFERENCIA;VARCHAR2;8;Y;;;;;NO;Codigo do usuario que conferiu a similaridade.; (: )
exaprod;SISCOEX2;ITEM_ICMS_EXO_RES_CONDEC;"Tabela que armazena os dados da resolucao CONDEC vinculada ao item de

 exoneracao da declaracao de ICMS.";;N;10;DSC_PROGRAMA_FDI;VARCHAR2;2000;Y;;;;;NO;Descricao do programa FDI vinculado a resolucao CONDEC.; (: )
exaprod;SISCOEX2;ITEM_ICMS_EXO_RES_CONDEC;"Tabela que armazena os dados da resolucao CONDEC vinculada ao item de

 exoneracao da declaracao de ICMS.";;N;8;DSC_TIPO_PRODUTO;VARCHAR2;2000;Y;;;;;NO;Descricao do tipo de produto informado na resolucao CONDEC.; (: )
exaprod;SISCOEX2;ITEM_ICMS_EXO_RES_CONDEC;"Tabela que armazena os dados da resolucao CONDEC vinculada ao item de

 exoneracao da declaracao de ICMS.";;N;4;NUM_PROC_DOC;VARCHAR2;30;Y;;;;;NO;Numero do processo ou documento da resolucao CONDEC.; (: )
exaprod;SISCOEX2;ITEM_ICMS_EXO_RES_CONDEC;"Tabela que armazena os dados da resolucao CONDEC vinculada ao item de

 exoneracao da declaracao de ICMS.";;N;11;NUM_PROC_REQUERIMENTO;VARCHAR2;30;Y;;;;;NO;Numero do processo de requerimento da resolucao CONDEC.; (: )
exaprod;SISCOEX2;ITEM_ICMS_EXO_RES_CONDEC;"Tabela que armazena os dados da resolucao CONDEC vinculada ao item de

 exoneracao da declaracao de ICMS.";;N;2;SEQ_ITEM_DEC_ICMS_EXONERACAO;NUMBER;22;N;0;;;;NO;Sequencial do item de exoneracao da declaracao de ICMS.;FK_ITE_DEC_ICM_EXO_R_ITE_ICM_EXO_RES_CON (FOREIGN KEY: ENABLED)- ITEM_ICMS_EXO_RES_CONDEC_UK (UNIQUE: ENABLED)- SYS_C001568050 (C: ENABLED)
exaprod;SISCOEX2;ITEM_ICMS_EXO_RES_CONDEC;"Tabela que armazena os dados da resolucao CONDEC vinculada ao item de

 exoneracao da declaracao de ICMS.";;N;1;SEQ_ITEM_ICMS_EXO_RES_CONDEC;NUMBER;22;N;0;;;;NO;"Sequencial da resolucao CONDEC vinculada ao item de exoneracao da

 declaracao de ICMS.";PK_ITEM_ICMS_EXO_RES_CONDEC (PRIMARY KEY: ENABLED)- SYS_C001568049 (C: ENABLED)
exaprod;SISCOEX2;ITEM_ICMS_EXO_RES_CONDEC;"Tabela que armazena os dados da resolucao CONDEC vinculada ao item de

 exoneracao da declaracao de ICMS.";;N;3;SEQ_RESOLUCAO_CONDEC;NUMBER;22;Y;0;;;;NO;Sequencial da resolucao CONDEC retornada pelo SIPAJ.; (: )
exaprod;SISCOEX2;ITEM_ICMS_EXO_RES_CONDEC;"Tabela que armazena os dados da resolucao CONDEC vinculada ao item de

 exoneracao da declaracao de ICMS.";;N;12;STA_SIMILARIDADE_CONFERIDA;NUMBER;22;Y;0;;;;NO;Indicador de que a similaridade da resolucao foi conferida.; (: )
exaprod;SISCOEX2;ITEM_ICMS_EXO_RES_CONDEC;"Tabela que armazena os dados da resolucao CONDEC vinculada ao item de

 exoneracao da declaracao de ICMS.";;N;14;TIP_ANALISE_SIMILARIDADE;VARCHAR2;10;Y;;;;;NO;Tipo da analise de similaridade aplicada a resolucao.;CKC_CONDEC_TIP_ANALISE (C: ENABLED)
exaprod;SISCOEX2;ITEM_ICMS_EXO_RES_CONDEC;"Tabela que armazena os dados da resolucao CONDEC vinculada ao item de

 exoneracao da declaracao de ICMS.";;N;7;TXT_RESOLUCAO_CONDEC;VARCHAR2;4000;Y;;;;;NO;Texto da resolucao CONDEC.; (: )
exaprod;SISCOEX2;ITEM_ICMS_EXO_RES_CONDEC;"Tabela que armazena os dados da resolucao CONDEC vinculada ao item de

 exoneracao da declaracao de ICMS.";;N;5;VLR_DIFERIMENTO_RESOLUCAO;NUMBER;22;Y;0;;;;NO;Valor percentual de diferimento definido na resolucao CONDEC.; (: )
exaprod;SISCOEX2;ITEM_ICMS_EXO_RES_CONDEC_AUD;Auditoria das analises de similaridade realizadas para resolucoes CONDEC.;;N;6;COD_USUARIO_ANALISE;VARCHAR2;8;Y;;;;;NO;Codigo do usuario responsavel pela analise.; (: )
exaprod;SISCOEX2;ITEM_ICMS_EXO_RES_CONDEC_AUD;Auditoria das analises de similaridade realizadas para resolucoes CONDEC.;;N;7;DAT_ANALISE;TIMESTAMP(6);11;N;6;;;;NO;Data e hora da analise de similaridade.;SYS_C001568062 (C: ENABLED)
exaprod;SISCOEX2;ITEM_ICMS_EXO_RES_CONDEC_AUD;Auditoria das analises de similaridade realizadas para resolucoes CONDEC.;;N;9;DSC_ITEM_REQUERIMENTO;VARCHAR2;2000;Y;;;;;NO;Descricao do item do requerimento utilizada na analise.; (: )
exaprod;SISCOEX2;ITEM_ICMS_EXO_RES_CONDEC_AUD;Auditoria das analises de similaridade realizadas para resolucoes CONDEC.;;N;8;DSC_MERCADORIA_DECLARADA;VARCHAR2;2000;Y;;;;;NO;Descricao da mercadoria declarada utilizada na analise.; (: )
exaprod;SISCOEX2;ITEM_ICMS_EXO_RES_CONDEC_AUD;Auditoria das analises de similaridade realizadas para resolucoes CONDEC.;;N;5;DSC_MOTIVO_ANALISE;VARCHAR2;2000;Y;;;;;NO;Motivo do resultado da analise de similaridade.; (: )
exaprod;SISCOEX2;ITEM_ICMS_EXO_RES_CONDEC_AUD;Auditoria das analises de similaridade realizadas para resolucoes CONDEC.;;N;2;SEQ_ITEM_ICMS_EXO_RES_CONDEC;NUMBER;22;N;0;;;;NO;Sequencial da resolucao CONDEC analisada.;FK_ITE_ICM_EXO_RES_CON_R_ITE_ICM_EXO_RES_CON_AUD (FOREIGN KEY: ENABLED)- SYS_C001568059 (C: ENABLED)
exaprod;SISCOEX2;ITEM_ICMS_EXO_RES_CONDEC_AUD;Auditoria das analises de similaridade realizadas para resolucoes CONDEC.;;N;1;SEQ_ITEM_ICMS_RES_CONDEC_AUD;NUMBER;22;N;0;;;;NO;Sequencial da auditoria da analise de similaridade da resolucao CONDEC.;PK_ITEM_ICMS_EXO_RES_CONDEC_AUD (PRIMARY KEY: ENABLED)- SYS_C001568058 (C: ENABLED)
exaprod;SISCOEX2;ITEM_ICMS_EXO_RES_CONDEC_AUD;Auditoria das analises de similaridade realizadas para resolucoes CONDEC.;;N;4;STA_SIMILARIDADE;NUMBER;22;N;0;;;;NO;Indicador do resultado da similaridade.;SYS_C001568061 (C: ENABLED)
exaprod;SISCOEX2;ITEM_ICMS_EXO_RES_CONDEC_AUD;Auditoria das analises de similaridade realizadas para resolucoes CONDEC.;;N;3;TIP_ANALISE_SIMILARIDADE;VARCHAR2;10;N;;;;;NO;Tipo da analise de similaridade: LLM, TEXTUAL ou AUDITOR.;CKC_CONDEC_AUD_TIP_ANALISE (C: ENABLED)- SYS_C001568060 (C: ENABLED)
exaprod;SISCOEX2;ITEM_ICMS_EXO_RES_CONDEC_AUD;Auditoria das analises de similaridade realizadas para resolucoes CONDEC.;;N;10;TXT_RESPOSTA_ANALISE;CLOB;4000;Y;;;;;NO;Resposta textual produzida pela analise.; (: )
exaprod;SISCOEX2;ITEM_TRIBUTO_APLICADO;TABELA PARA REGISTRO DE TRIBUTOS APLICADOS;122942;N;3;COD_FUNDAMENTO_LEGAL_N;NUMBER;22;Y;0;4;86;0;NO;COD FUNDAMENTO LEGAL N;FK_FUND_LEGAL_R_ITEM_TRIB_APL (FOREIGN KEY: ENABLED)
exaprod;SISCOEX2;ITEM_TRIBUTO_APLICADO;TABELA PARA REGISTRO DE TRIBUTOS APLICADOS;122942;N;5;COD_REGIME_TRIBUTO;VARCHAR2;7;Y;;3;7;0;NO;COD REGIME TRIBUTO; (: )
exaprod;SISCOEX2;ITEM_TRIBUTO_APLICADO;TABELA PARA REGISTRO DE TRIBUTOS APLICADOS;122942;N;2;COD_TIPO_IMPOSTO;VARCHAR2;2;Y;;2;7;0;NO;"Códigos do Tipo de Imposto: 1 - Imposto de Importação, 2
- IPI, 3 - Antidumping, 4 - Cide Combustíveis, 5 - Medidas
Compensatórias, 6 - PIS Importação, 7 - Cofins,Importação, 9
– Salvaguarda";FK_TIPO_IMP_R_ITEM_TRIB_APL (FOREIGN KEY: ENABLED)
exaprod;SISCOEX2;ITEM_TRIBUTO_APLICADO;TABELA PARA REGISTRO DE TRIBUTOS APLICADOS;122942;N;6;DSC_REGIME_TRIBUTO;VARCHAR2;130;Y;;19;7;0;NO;"Código Regime do Tributo.Referencia: codigo
"; (: )
exaprod;SISCOEX2;ITEM_TRIBUTO_APLICADO;TABELA PARA REGISTRO DE TRIBUTOS APLICADOS;122942;N;4;SEQ_ITEM;NUMBER;22;Y;0;5;50632;0;NO;SEQ ITEM;FK_ITEM_DUIMP_R_ITEM_TRIB_APL (FOREIGN KEY: ENABLED)
exaprod;SISCOEX2;ITEM_TRIBUTO_APLICADO;TABELA PARA REGISTRO DE TRIBUTOS APLICADOS;122942;N;1;SEQ_TRIBUTO_APLICADO;NUMBER;22;N;0;5;122942;0;NO;SEQ TRIBUTO APLICADO;PK_ITEM_TRIBUTO_APLICADO (PRIMARY KEY: ENABLED)- SYS_C001546835 (C: ENABLED)
exaprod;SISCOEX2;LPCO;LPCO;5921;N;2;COD_MODL_LPCO;VARCHAR2;6;Y;;7;32;0;NO;"Código do modelo do LPCO.
Lei de formação. O modelo do LPCO é composto por:
* I = Prefixo para modelos utilizados na Importação.
* NNNNN = 5 caracteres númericos. Número sequencial do
modelo.
Referencia: modelo."; (: )
exaprod;SISCOEX2;LPCO;LPCO;5921;N;3;COD_ORGAO_ANNT;VARCHAR2;30;Y;;7;9;0;NO;"Inicio de Vigêrncia do Orgão. Referencia: orgao.
";FK_ORGAO_ANNT_R_LPCO (FOREIGN KEY: ENABLED)
exaprod;SISCOEX2;LPCO;LPCO;5921;N;5;NUM_LPCO;VARCHAR2;11;Y;;12;1648;0;NO;Numero da LPCO; (: )
exaprod;SISCOEX2;LPCO;LPCO;5921;N;4;SEQ_ITEM;NUMBER;22;Y;0;5;5667;0;NO;REFERENCIA ITEM DA DUIMP;FK_ITEM_DUIMP_R_LPCO (FOREIGN KEY: ENABLED)
exaprod;SISCOEX2;LPCO;LPCO;5921;N;1;SEQ_LPCO;NUMBER;22;N;0;4;5921;0;NO;Sequencial da tabela LPCO;PK_LPCO (PRIMARY KEY: ENABLED)- SYS_C001546837 (C: ENABLED)
exaprod;SISCOEX2;MOEDA;TABELA DE DOMINIO;245;N;1;COD_MOEDA;NUMBER;22;N;0;4;245;0;NO;codigo moeda;PK_MOEDA (PRIMARY KEY: ENABLED)- SYS_C001546839 (C: ENABLED)
exaprod;SISCOEX2;MOEDA;TABELA DE DOMINIO;245;N;2;DSC_MOEDA;VARCHAR2;50;Y;;15;241;0;NO;descricao moeda; (: )
exaprod;SISCOEX2;MOTIVO_ESPECIAL_DESPACHO;motivo da situação especial de despacho.;2;N;1;COD_MOTIVO;VARCHAR2;2;N;;2;2;0;NO;código do motivo da situação especial de despacho da duimp.;PK_MOTIVO_ESPECIAL_DESPACHO (PRIMARY KEY: ENABLED)
exaprod;SISCOEX2;MOTIVO_ESPECIAL_DESPACHO;motivo da situação especial de despacho.;2;N;2;DSC_DESCRICAO;VARCHAR2;150;Y;;114;2;0;NO;descrição correspondente ao valor informado no atributo codigo.; (: )
exaprod;SISCOEX2;MOTIVO_SEM_COBERTURA;TABELA DE DOMINIO MOTIVO SEM COBERTURA;26;N;1;COD_MOTIVO_SEM_COBERTURA;VARCHAR2;4;N;;3;26;0;NO;COD MOTIVO SEM COBERTURA;PK_MOTIVO_SEM_COBERTURA (PRIMARY KEY: ENABLED)- SYS_C001546841 (C: ENABLED)
exaprod;SISCOEX2;MOTIVO_SEM_COBERTURA;TABELA DE DOMINIO MOTIVO SEM COBERTURA;26;N;2;DSC_MOTIVO_SEM_COBERTURA;VARCHAR2;200;Y;;55;26;0;NO;DESC MOTIVO SEM COBERTURA; (: )
exaprod;SISCOEX2;NOTA_FISCAL_DECLARACAO;TABELA QUE ARMAZENA AS NOTAS FISCAIS DE UMA DECLARAÇÃO DE ICMS.;1678;N;20;COD_FINALIDADE_NFE;NUMBER;22;Y;0;0;0;1678;NO;Código de finalidade da NF-e conforme padrão NFe (1=Normal, 2=Complementar, 3=Ajuste); (: )
exaprod;SISCOEX2;NOTA_FISCAL_DECLARACAO;TABELA QUE ARMAZENA AS NOTAS FISCAIS DE UMA DECLARAÇÃO DE ICMS.;1678;N;18;DSC_UND_COMERCIAL;VARCHAR2;10;Y;;4;65;3;NO;"Unidade comercial (se homogênea entre os itens; caso contrário, manter nulo)."; (: )
exaprod;SISCOEX2;NOTA_FISCAL_DECLARACAO;TABELA QUE ARMAZENA AS NOTAS FISCAIS DE UMA DECLARAÇÃO DE ICMS.;1678;N;3;NUM_CHAVE;VARCHAR2;44;N;;45;1563;0;NO;NÚMERO DA CHAVE DE ACESSO.;SYS_C001565053 (C: ENABLED)
exaprod;SISCOEX2;NOTA_FISCAL_DECLARACAO;TABELA QUE ARMAZENA AS NOTAS FISCAIS DE UMA DECLARAÇÃO DE ICMS.;1678;N;2;SEQ_DECLARACAO_ICMS;NUMBER;22;N;0;4;1596;0;NO;SEQUENCIAL DA DECLARACAO_ICMS;FK_NOTA_FISCAL_DECLARACAO_R_DECLARACAO_ICMS (FOREIGN KEY: ENABLED)- SYS_C001565052 (C: ENABLED)
exaprod;SISCOEX2;NOTA_FISCAL_DECLARACAO;TABELA QUE ARMAZENA AS NOTAS FISCAIS DE UMA DECLARAÇÃO DE ICMS.;1678;N;15;SEQ_NF_REFERENCIADA;NUMBER;22;Y;0;2;19;1658;NO;;FK_NF_DEC_REF_NF_DEC (FOREIGN KEY: ENABLED)
exaprod;SISCOEX2;NOTA_FISCAL_DECLARACAO;TABELA QUE ARMAZENA AS NOTAS FISCAIS DE UMA DECLARAÇÃO DE ICMS.;1678;N;1;SEQ_NOTA_FISCAL_DECLARACAO;NUMBER;22;N;0;4;1678;0;NO;SEQUENCIAL DE NOTA_FISCAL_DECLARACAO;PK_NOTA_FISCAL_DECLARACAO (PRIMARY KEY: ENABLED)- SYS_C001565051 (C: ENABLED)
exaprod;SISCOEX2;NOTA_FISCAL_DECLARACAO;TABELA QUE ARMAZENA AS NOTAS FISCAIS DE UMA DECLARAÇÃO DE ICMS.;1678;N;19;STA_FILHA_CONFERIDA;NUMBER;22;Y;0;2;1;0;NO;Indicador se a nota fiscal filha foi conferida (0=Não, 1=Sim); (: )
exaprod;SISCOEX2;NOTA_FISCAL_DECLARACAO;TABELA QUE ARMAZENA AS NOTAS FISCAIS DE UMA DECLARAÇÃO DE ICMS.;1678;N;14;STA_NFE;NUMBER;22;Y;0;3;2;0;NO;Tipo da Nota Fiscal: 1=Importação, 2=Complementar, 3=Entrega Antecipada, 4=Ajuste, 5=Globalizadora, 6=Filha.; (: )
exaprod;SISCOEX2;NOTA_FISCAL_DECLARACAO;TABELA QUE ARMAZENA AS NOTAS FISCAIS DE UMA DECLARAÇÃO DE ICMS.;1678;N;9;VLR_BC_FECOP_IMPORTACAO;NUMBER;22;Y;2;3;8;0;NO;SOMA DOS VALORES DO CÁLCULO FECOP IMPORTAÇÃO; (: )
exaprod;SISCOEX2;NOTA_FISCAL_DECLARACAO;TABELA QUE ARMAZENA AS NOTAS FISCAIS DE UMA DECLARAÇÃO DE ICMS.;1678;N;10;VLR_BC_FECOP_ST;NUMBER;22;Y;2;3;8;0;NO;SOMA DOS VALORES DO CÁLCULO FECOP SUBSTITUIÇÃO; (: )
exaprod;SISCOEX2;NOTA_FISCAL_DECLARACAO;TABELA QUE ARMAZENA AS NOTAS FISCAIS DE UMA DECLARAÇÃO DE ICMS.;1678;N;4;VLR_BC_ICMS;NUMBER;22;N;2;6;1164;0;NO;VALOR DA BASE DE CÁLCULO DO ICMS;SYS_C001565054 (C: ENABLED)
exaprod;SISCOEX2;NOTA_FISCAL_DECLARACAO;TABELA QUE ARMAZENA AS NOTAS FISCAIS DE UMA DECLARAÇÃO DE ICMS.;1678;N;6;VLR_BC_ICMS_ST;NUMBER;22;N;2;3;340;0;NO;VALOR DA BASE DE CÁLCULO DE SUBSTITUIÇÃO TRIBUTÁRIA;SYS_C001565056 (C: ENABLED)
exaprod;SISCOEX2;NOTA_FISCAL_DECLARACAO;TABELA QUE ARMAZENA AS NOTAS FISCAIS DE UMA DECLARAÇÃO DE ICMS.;1678;N;11;VLR_FECOP_IMPORTACAO;NUMBER;22;Y;2;3;8;0;NO;; (: )
exaprod;SISCOEX2;NOTA_FISCAL_DECLARACAO;TABELA QUE ARMAZENA AS NOTAS FISCAIS DE UMA DECLARAÇÃO DE ICMS.;1678;N;12;VLR_FECOP_ST;NUMBER;22;Y;2;3;8;0;NO;; (: )
exaprod;SISCOEX2;NOTA_FISCAL_DECLARACAO;TABELA QUE ARMAZENA AS NOTAS FISCAIS DE UMA DECLARAÇÃO DE ICMS.;1678;N;13;VLR_ICMS;NUMBER;22;Y;2;5;969;0;NO;; (: )
exaprod;SISCOEX2;NOTA_FISCAL_DECLARACAO;TABELA QUE ARMAZENA AS NOTAS FISCAIS DE UMA DECLARAÇÃO DE ICMS.;1678;N;5;VLR_ICMS_DIFERIDO;NUMBER;22;N;2;3;203;0;NO;VALOR DO ICMS DIFERIDO;SYS_C001565055 (C: ENABLED)
exaprod;SISCOEX2;NOTA_FISCAL_DECLARACAO;TABELA QUE ARMAZENA AS NOTAS FISCAIS DE UMA DECLARAÇÃO DE ICMS.;1678;N;7;VLR_ICMS_ST;NUMBER;22;N;2;3;343;0;NO;VALOR DO ICMS DE SUBSTITUIÇÃO TRIBUTÁRIA;SYS_C001565057 (C: ENABLED)
exaprod;SISCOEX2;NOTA_FISCAL_DECLARACAO;TABELA QUE ARMAZENA AS NOTAS FISCAIS DE UMA DECLARAÇÃO DE ICMS.;1678;N;16;VLR_PESO_LIQUIDO;NUMBER;22;Y;3;5;1171;46;NO;"Peso líquido total da NF-e (em regra extraído do header; pode ser informado para NF Filha)."; (: )
exaprod;SISCOEX2;NOTA_FISCAL_DECLARACAO;TABELA QUE ARMAZENA AS NOTAS FISCAIS DE UMA DECLARAÇÃO DE ICMS.;1678;N;17;VLR_QTD_COMERCIAL;NUMBER;22;Y;6;4;884;0;NO;"Soma das quantidades comerciais dos itens (quando aplicável; usado para NF Filha)."; (: )
exaprod;SISCOEX2;NOTA_FISCAL_DECLARACAO;TABELA QUE ARMAZENA AS NOTAS FISCAIS DE UMA DECLARAÇÃO DE ICMS.;1678;N;8;VLR_TOTAL;NUMBER;22;N;2;7;1522;0;NO;VALOR TOTAL DA NOTA FISCAL;SYS_C001565058 (C: ENABLED)
exaprod;SISCOEX2;NOTIFICACAO;TABELA DE SUB-RELACIONAMENTOS PARA REGISTRO DE NOTIFICACOES;27249;N;5;DAT_NOTIFICACAO;DATE;7;Y;;8;26480;0;NO;"Armazena a data em que foi recebida a notificação. Formato:

DD/MM/YYYY hh:mm:ss"; (: )
exaprod;SISCOEX2;NOTIFICACAO;TABELA DE SUB-RELACIONAMENTOS PARA REGISTRO DE NOTIFICACOES;27249;N;6;DAT_PROCESSAMENTO;DATE;7;Y;;8;27210;0;NO;Data de Processamento da Notificação.; (: )
exaprod;SISCOEX2;NOTIFICACAO;TABELA DE SUB-RELACIONAMENTOS PARA REGISTRO DE NOTIFICACOES;27249;N;11;DSC_MOTIVO_FALHA_PROCESSAMENTO;VARCHAR2;2000;Y;;2;1;27248;NO;Descricao do motivo da falha de processamento da notificacao; (: )
exaprod;SISCOEX2;NOTIFICACAO;TABELA DE SUB-RELACIONAMENTOS PARA REGISTRO DE NOTIFICACOES;27249;N;4;NOM_TIPO_EVENTO;VARCHAR2;40;Y;;20;5;1;NO;"Nome do evento que está sendo notificado. O campo é enviado
no HEADER da notificação. Nome do campo: event-type.
Registro: dimp-registro-sefaz
Retificação: dimp-retifica-sefaz
Desembaraço: dimp-desemb-sefaz
Cancelamento: dimp-cancela-sefaz
Autorização de entrega de carga sem prosseguimento de
despacho: dimp-au-sm-pro-sefaz
Autorização de entrega da carga com prosseguimento de
despacho: dimp-au-cm-pro-sefaz";NOTIFICACAO_UK1 (UNIQUE: ENABLED)
exaprod;SISCOEX2;NOTIFICACAO;TABELA DE SUB-RELACIONAMENTOS PARA REGISTRO DE NOTIFICACOES;27249;N;2;NUM_DUIMP;VARCHAR2;15;N;;16;10554;0;NO;"Número da declaração. Referencia: numeroDuimp.

Lei de formação do No da Duimp:
AA - (Numérico - 2 posições) Ano que foi gerada a Duimp
BR - (Alfa numérico - 2 posições) Fixo
SSSSSSSSSS - (Numérico - 10 posições) - Sequencial a ser
reiniciado a cada início de ano
D - (Numérico - 1 posição ) Dígito Verificador";NOTIFICACAO_UK1 (UNIQUE: ENABLED)- SYS_C001546844 (C: ENABLED)
exaprod;SISCOEX2;NOTIFICACAO;TABELA DE SUB-RELACIONAMENTOS PARA REGISTRO DE NOTIFICACOES;27249;N;10;NUM_TENTATIVAS_PROCESSAMENTO;NUMBER;22;Y;0;3;4;0;NO;Numero de tentativas de processamento da notificacao; (: )
exaprod;SISCOEX2;NOTIFICACAO;TABELA DE SUB-RELACIONAMENTOS PARA REGISTRO DE NOTIFICACOES;27249;N;3;NUM_VERSAO_DUIMP;NUMBER;22;N;0;3;6;0;NO;Versão da declaração;NOTIFICACAO_UK1 (UNIQUE: ENABLED)- SYS_C001546845 (C: ENABLED)
exaprod;SISCOEX2;NOTIFICACAO;TABELA DE SUB-RELACIONAMENTOS PARA REGISTRO DE NOTIFICACOES;27249;N;1;SEQ_NOTIFICACAO;NUMBER;22;N;0;5;27249;0;NO;SEQUENCIAL DA TABELA NOTIFICACAO;PK_NOTIFICACAO (PRIMARY KEY: ENABLED)- SYS_C001546843 (C: ENABLED)
exaprod;SISCOEX2;NOTIFICACAO;TABELA DE SUB-RELACIONAMENTOS PARA REGISTRO DE NOTIFICACOES;27249;N;7;SEQ_SIT_NOTIFICACAO;NUMBER;22;Y;0;3;2;0;NO;Dominio: 1 - A Processar, 2 - Processada.; (: )
exaprod;SISCOEX2;NOTIFICACAO;TABELA DE SUB-RELACIONAMENTOS PARA REGISTRO DE NOTIFICACOES;27249;N;9;TXT_JSON_DUIMP;CLOB;4000;Y;;134;0;1;NO;Texto do json obtido apos receber a notificacao; (: )
exaprod;SISCOEX2;NOTIFICACAO;TABELA DE SUB-RELACIONAMENTOS PARA REGISTRO DE NOTIFICACOES;27249;N;8;TXT_JSON_NOTIFICACAO;CLOB;4000;Y;;97;0;0;NO;Texto do json da notificacao recebida pelo webhook; (: )
exaprod;SISCOEX2;ORGAO_ANNT;TABELA DOMINIO ORGAO ANNT;34;N;1;COD_ORGAO_ANNT;VARCHAR2;30;N;;7;34;0;NO;COD ORGAO ANNT;PK_ORGAO_ANNT (PRIMARY KEY: ENABLED)- SYS_C001546848 (C: ENABLED)
exaprod;SISCOEX2;ORGAO_ANNT;TABELA DOMINIO ORGAO ANNT;34;N;2;DSC_ORGAO_ANNT;VARCHAR2;100;Y;;48;34;0;NO;DSC ORGAO ANNT; (: )
exaprod;SISCOEX2;OUTBOX_EVENTO;ARMAZENA EVENTOS PERSISTIDOS PARA PUBLICACAO ASSINCRONA.;2368;N;2;COD_EVENTO;VARCHAR2;100;N;;21;2;0;NO;CODIGO DO TIPO DE EVENTO A SER PUBLICADO;SYS_C001565839 (C: ENABLED)
exaprod;SISCOEX2;OUTBOX_EVENTO;ARMAZENA EVENTOS PERSISTIDOS PARA PUBLICACAO ASSINCRONA.;2368;N;8;COD_STATUS_PROCESSAMENTO;VARCHAR2;20;N;;11;1;0;NO;SITUACAO ATUAL DO EVENTO NO OUTBOX: PENDENTE, PROCESSANDO, PROCESSADO OU FALHA;SYS_C001565841 (C: ENABLED)
exaprod;SISCOEX2;OUTBOX_EVENTO;ARMAZENA EVENTOS PERSISTIDOS PARA PUBLICACAO ASSINCRONA.;2368;N;10;DAT_CRIACAO;TIMESTAMP(6);11;N;6;11;2368;0;NO;DATA E HORA EM QUE O EVENTO FOI GRAVADO NO OUTBOX;SYS_C001565847 (C: ENABLED)
exaprod;SISCOEX2;OUTBOX_EVENTO;ARMAZENA EVENTOS PERSISTIDOS PARA PUBLICACAO ASSINCRONA.;2368;N;11;DAT_PROCESSAMENTO;TIMESTAMP(6);11;Y;6;11;2368;0;NO;DATA E HORA DO ULTIMO PROCESSAMENTO DO EVENTO NO OUTBOX; (: )
exaprod;SISCOEX2;OUTBOX_EVENTO;ARMAZENA EVENTOS PERSISTIDOS PARA PUBLICACAO ASSINCRONA.;2368;N;9;DSC_ERRO_PROCESSAMENTO;VARCHAR2;2000;Y;;0;0;2368;NO;RESUMO DO ERRO OCORRIDO NA TENTATIVA DE PUBLICACAO DO EVENTO; (: )
exaprod;SISCOEX2;OUTBOX_EVENTO;ARMAZENA EVENTOS PERSISTIDOS PARA PUBLICACAO ASSINCRONA.;2368;N;3;NOM_AGREGADO;VARCHAR2;100;Y;;16;1;0;NO;NOME DO AGREGADO DE NEGOCIO QUE ORIGINOU O EVENTO; (: )
exaprod;SISCOEX2;OUTBOX_EVENTO;ARMAZENA EVENTOS PERSISTIDOS PARA PUBLICACAO ASSINCRONA.;2368;N;4;NUM_ID_AGREGADO;VARCHAR2;100;Y;;5;1451;0;NO;IDENTIFICADOR DO AGREGADO DE NEGOCIO QUE ORIGINOU O EVENTO; (: )
exaprod;SISCOEX2;OUTBOX_EVENTO;ARMAZENA EVENTOS PERSISTIDOS PARA PUBLICACAO ASSINCRONA.;2368;N;1;SEQ_OUTBOX_EVENTO;NUMBER;22;N;0;4;2368;0;NO;SEQUENCIAL DE OUTBOX_EVENTO;PK_OUTBOX_EVENTO (PRIMARY KEY: ENABLED)- SYS_C001565838 (C: ENABLED)
exaprod;SISCOEX2;OUTBOX_EVENTO;ARMAZENA EVENTOS PERSISTIDOS PARA PUBLICACAO ASSINCRONA.;2368;N;5;TXT_CORRELATION_ID;VARCHAR2;100;Y;;37;2368;0;NO;IDENTIFICADOR DE CORRELACAO USADO PARA LIGAR O EVENTO A FLUXOS RELACIONADOS; (: )
exaprod;SISCOEX2;OUTBOX_EVENTO;ARMAZENA EVENTOS PERSISTIDOS PARA PUBLICACAO ASSINCRONA.;2368;N;7;TXT_HEADERS;CLOB;4000;Y;;175;0;0;NO;METADADOS SERIALIZADOS DO EVENTO, USADOS PELO FLUXO DE PUBLICACAO; (: )
exaprod;SISCOEX2;OUTBOX_EVENTO;ARMAZENA EVENTOS PERSISTIDOS PARA PUBLICACAO ASSINCRONA.;2368;N;6;TXT_PAYLOAD;CLOB;4000;N;;534;0;0;NO;CARGA UTIL SERIALIZADA DO EVENTO A SER PUBLICADO;SYS_C001565840 (C: ENABLED)
exaprod;SISCOEX2;PAGAMENTO_DEBITO;TABELA PARA REGISTRO DOS PAGAMENTOS DE DEBITO;45847;N;10;COD_BANCO_JUROS;VARCHAR2;3;Y;;2;4;45548;NO;; (: )
exaprod;SISCOEX2;PAGAMENTO_DEBITO;TABELA PARA REGISTRO DOS PAGAMENTOS DE DEBITO;45847;N;4;COD_BANCO_PAGAMENTO;VARCHAR2;3;Y;;4;5;0;NO;"Versão da Duimp na qual foi feito o pagamento. Referencia:
banco ."; (: )
exaprod;SISCOEX2;PAGAMENTO_DEBITO;TABELA PARA REGISTRO DOS PAGAMENTOS DE DEBITO;45847;N;7;COD_RECEITA;VARCHAR2;4;Y;;5;9;0;NO;"Código de receita tributária corresponde ao imposto a
recolher e/ou da taxa de utilização do sistema. Referencia:
codigoReceita."; (: )
exaprod;SISCOEX2;PAGAMENTO_DEBITO;TABELA PARA REGISTRO DOS PAGAMENTOS DE DEBITO;45847;N;11;COD_RECEITA_JUROS;VARCHAR2;4;Y;;2;6;45059;NO;; (: )
exaprod;SISCOEX2;PAGAMENTO_DEBITO;TABELA PARA REGISTRO DOS PAGAMENTOS DE DEBITO;45847;N;9;DAT_HOR_PAGAMENTO;TIMESTAMP(6) WITH TIME ZONE;13;Y;6;13;10193;0;NO;Data Hora do Pagamento. Referencia: dataHoraPagamento.; (: )
exaprod;SISCOEX2;PAGAMENTO_DEBITO;TABELA PARA REGISTRO DOS PAGAMENTOS DE DEBITO;45847;N;12;DAT_HOR_PAGAMENTO_JUROS;TIMESTAMP(6);11;Y;6;2;108;45548;NO;; (: )
exaprod;SISCOEX2;PAGAMENTO_DEBITO;TABELA PARA REGISTRO DOS PAGAMENTOS DE DEBITO;45847;N;8;DSC_RECEITA;VARCHAR2;100;Y;;24;9;0;NO;Descrição da Receita. Referencia: descricaoReceita.; (: )
exaprod;SISCOEX2;PAGAMENTO_DEBITO;TABELA PARA REGISTRO DOS PAGAMENTOS DE DEBITO;45847;N;13;DSC_RECEITA_JUROS;VARCHAR2;100;Y;;2;6;45059;NO;; (: )
exaprod;SISCOEX2;PAGAMENTO_DEBITO;TABELA PARA REGISTRO DOS PAGAMENTOS DE DEBITO;45847;N;14;NUM_AGENCIA_JUROS;VARCHAR2;4;Y;;2;45;45548;NO;; (: )
exaprod;SISCOEX2;PAGAMENTO_DEBITO;TABELA PARA REGISTRO DOS PAGAMENTOS DE DEBITO;45847;N;5;NUM_AGENCIA_PAGAMENTO;VARCHAR2;5;Y;;5;340;0;NO;Código da agência. Referencia: agencia; (: )
exaprod;SISCOEX2;PAGAMENTO_DEBITO;TABELA PARA REGISTRO DOS PAGAMENTOS DE DEBITO;45847;N;15;NUM_CONTA_JUROS;VARCHAR2;19;Y;;2;59;45548;NO;; (: )
exaprod;SISCOEX2;PAGAMENTO_DEBITO;TABELA PARA REGISTRO DOS PAGAMENTOS DE DEBITO;45847;N;6;NUM_CONTA_PAGAMENTO;VARCHAR2;19;Y;;8;632;0;NO;"Código da conta na qual os tributos serão debitados.
Referencia: conta."; (: )
exaprod;SISCOEX2;PAGAMENTO_DEBITO;TABELA PARA REGISTRO DOS PAGAMENTOS DE DEBITO;45847;N;3;NUM_VERSAO_DUIMP_PAGAMENTO;VARCHAR2;4;Y;;5;4;0;NO;"Versão da Duimp na qual foi feito o pagamento. Referencia:
versaoDuimpPagamento."; (: )
exaprod;SISCOEX2;PAGAMENTO_DEBITO;TABELA PARA REGISTRO DOS PAGAMENTOS DE DEBITO;45847;N;1;SEQ_DUIMP_PAGAMENTO;NUMBER;22;N;0;5;45847;0;NO;SEQ DUIMP PAGAMENTO;PK_PAGAMENTO_DEBITO (PRIMARY KEY: ENABLED)- SYS_C001546850 (C: ENABLED)
exaprod;SISCOEX2;PAGAMENTO_DEBITO;TABELA PARA REGISTRO DOS PAGAMENTOS DE DEBITO;45847;N;2;SEQ_DUIMP_RESUMO;NUMBER;22;Y;0;5;11305;0;NO;SEQ DADOS RESUMO;FK_DUIMP_RES_R_PAG_DEB (FOREIGN KEY: ENABLED)
exaprod;SISCOEX2;PAGAMENTO_DEBITO;TABELA PARA REGISTRO DOS PAGAMENTOS DE DEBITO;45847;N;16;VLR_TRIBUTO;NUMBER;22;Y;2;6;30710;0;NO;; (: )
exaprod;SISCOEX2;PAGAMENTO_DEBITO;TABELA PARA REGISTRO DOS PAGAMENTOS DE DEBITO;45847;N;17;VLR_TRIBUTO_JUROS;NUMBER;22;Y;2;2;108;45059;NO;; (: )
exaprod;SISCOEX2;PAIS;TABELA DE DOMINIO;248;N;1;COD_PAIS;VARCHAR2;3;N;;3;248;0;NO;SIGLA DO PAIS;PK_PAIS (PRIMARY KEY: ENABLED)- SYS_C001546852 (C: ENABLED)
exaprod;SISCOEX2;PAIS;TABELA DE DOMINIO;248;N;2;DSC_PAIS;VARCHAR2;80;Y;;13;247;0;NO;DESCRICAO DO PAIS; (: )
exaprod;SISCOEX2;PALAVRAS_CHAVE;TABELA PARA REGISTRO DE PALAVRAS CHAVE;72305;N;3;COD_PALAVRAS_CHAVE;VARCHAR2;6;Y;;3;23;0;NO;Código da palavra-chave. Referencia: codigo; (: )
exaprod;SISCOEX2;PALAVRAS_CHAVE;TABELA PARA REGISTRO DE PALAVRAS CHAVE;72305;N;2;SEQ_DOC_INSTRUTIVO_DESPACHO;NUMBER;22;Y;0;5;40848;0;NO;SEQ DOC DESPACHO;FK_DOC_INST_DESP_R_PAL_CHAVE (FOREIGN KEY: ENABLED)
exaprod;SISCOEX2;PALAVRAS_CHAVE;TABELA PARA REGISTRO DE PALAVRAS CHAVE;72305;N;1;SEQ_PALAVRAS_CHAVE;NUMBER;22;N;0;5;72305;0;NO;SEQ PALAVRA CHAVE DUIMP;PK_PALAVRAS_CHAVE (PRIMARY KEY: ENABLED)- SYS_C001546854 (C: ENABLED)
exaprod;SISCOEX2;PALAVRAS_CHAVE;TABELA PARA REGISTRO DE PALAVRAS CHAVE;72305;N;4;TXT_PALAVRAS_CHAVE;VARCHAR2;255;Y;;12;32296;0;NO;"Valor da palavra-chave. Referencia: valor
"; (: )
exaprod;SISCOEX2;PROCESSO_VINCULADO;TABELA PARA REGISTRO DE PROCESSOS VINCULADOS;16;N;2;COD_TIPO_PROCESSO;VARCHAR2;3;Y;;3;1;0;NO;CODIGO DO TIPO DE PROCESSO.;FK_TIPO_PROC_R_PROC_VINC (FOREIGN KEY: ENABLED)
exaprod;SISCOEX2;PROCESSO_VINCULADO;TABELA PARA REGISTRO DE PROCESSOS VINCULADOS;16;N;4;NUM_PROC_VINCULADO;VARCHAR2;30;Y;;18;3;0;NO;"Número do processo vinculado à Duimp. Referencia:
numeroProcesso.
"; (: )
exaprod;SISCOEX2;PROCESSO_VINCULADO;TABELA PARA REGISTRO DE PROCESSOS VINCULADOS;16;N;3;SEQ_DUIMP;NUMBER;22;Y;0;4;15;0;NO;"Lei de formação do Nº da Duimp:
AA - (Numérico - 2 posições) Ano que foi gerada a Duimp
BR - (Alfa numérico - 2 posições) Fixo
SSSSSSSSSS - (Numérico - 10 posições) - Sequencial a ser
reiniciado a cada início de ano
D - (Numérico - 1 posição ) Dígito Verificador";FK_DUIMP_R_PROCESSO_VINCULADO (FOREIGN KEY: ENABLED)
exaprod;SISCOEX2;PROCESSO_VINCULADO;TABELA PARA REGISTRO DE PROCESSOS VINCULADOS;16;N;1;SEQ_PROCESSO_VINCULADO;NUMBER;22;N;0;3;16;0;NO;SEQ PROC VINCULADO;PK_PROCESSO_VINCULADO (PRIMARY KEY: ENABLED)- SYS_C001546856 (C: ENABLED)
exaprod;SISCOEX2;PRODUTO_SITRAM;;9142;N;2;COD_PRODUTO_SITRAM;VARCHAR2;11;Y;;6;2090;0;NO;codigo do produto_sitram; (: )
exaprod;SISCOEX2;PRODUTO_SITRAM;;9142;N;11;DAT_ATUALIZACAO;DATE;7;Y;;8;1405;0;NO;data da ultima atualizacao do produto_sitram; (: )
exaprod;SISCOEX2;PRODUTO_SITRAM;;9142;N;10;DAT_CRIACAO;DATE;7;Y;;8;1416;0;NO;data da criacao do prduto_sitram; (: )
exaprod;SISCOEX2;PRODUTO_SITRAM;;9142;N;8;DSC_UNIDADE_PAUTA;VARCHAR2;25;Y;;9;11;56;NO;descricao do tipo da unidade de pauta; (: )
exaprod;SISCOEX2;PRODUTO_SITRAM;;9142;N;3;NOM_PRODUTO_SITRAM;VARCHAR2;500;Y;;57;1770;0;NO;nome do produto_sitram; (: )
exaprod;SISCOEX2;PRODUTO_SITRAM;;9142;N;1;SEQ_PRODUTO_SITRAM;NUMBER;22;N;0;4;9142;0;NO;sequencial da tabela produto_sitram;PK_PRODUTO_SITRAM (PRIMARY KEY: ENABLED)- SYS_C001560177 (C: ENABLED)
exaprod;SISCOEX2;PRODUTO_SITRAM;;9142;N;12;STA_EXIGE_GLME;NUMBER;22;Y;0;2;2;1494;NO;Indica se produto exige GLME; (: )
exaprod;SISCOEX2;PRODUTO_SITRAM;;9142;N;6;STA_PASSIVEL_ST;NUMBER;22;Y;0;3;2;0;NO;status regra se passivel de st (0 = falso , 1 = verdadeiro); (: )
exaprod;SISCOEX2;PRODUTO_SITRAM;;9142;N;5;STA_PAUTADO;NUMBER;22;Y;0;3;2;0;NO;status regra se pautado (0 = falso , 1 = verdadeiro); (: )
exaprod;SISCOEX2;PRODUTO_SITRAM;;9142;N;4;STA_PRODUTO_SITRAM;NUMBER;22;Y;0;3;2;0;NO;status do produto sitram (0 = inativo , 1 = ativo); (: )
exaprod;SISCOEX2;PRODUTO_SITRAM;;9142;N;9;VLR_ALIQUOTA;NUMBER;22;Y;2;3;7;6;NO;valor da aliquota do produto_sitram; (: )
exaprod;SISCOEX2;PRODUTO_SITRAM;;9142;N;7;VLR_PAUTA;NUMBER;22;Y;2;2;248;7491;NO;valor da pauta, se for pautado; (: )
exaprod;SISCOEX2;RECINTO_ALFANDEGADO_ADUAN;Tabela para registro do recinto alfandegadio aduaneiro.;777;N;2;COD_CODIGO_RECINTO;NUMBER;22;Y;0;6;777;0;NO;código do recinto aduaneiro.; (: )
exaprod;SISCOEX2;RECINTO_ALFANDEGADO_ADUAN;Tabela para registro do recinto alfandegadio aduaneiro.;777;N;9;COD_USU_ATUALIZACAO;NUMBER;22;Y;0;2;1;776;NO;código do usuário que atualizou o registro.; (: )
exaprod;SISCOEX2;RECINTO_ALFANDEGADO_ADUAN;Tabela para registro do recinto alfandegadio aduaneiro.;777;N;8;COD_USU_CRIACAO;NUMBER;22;N;0;4;2;0;NO;código do usuário que criou o registro.;SYS_C001560175 (C: ENABLED)
exaprod;SISCOEX2;RECINTO_ALFANDEGADO_ADUAN;Tabela para registro do recinto alfandegadio aduaneiro.;777;N;6;DAT_ATUALIZACAO;TIMESTAMP(6);11;Y;6;2;1;776;NO;data de atualização do registro.; (: )
exaprod;SISCOEX2;RECINTO_ALFANDEGADO_ADUAN;Tabela para registro do recinto alfandegadio aduaneiro.;777;N;5;DAT_CRIACAO;TIMESTAMP(6);11;N;6;11;2;0;NO;data de criação do registro.;SYS_C001560174 (C: ENABLED)
exaprod;SISCOEX2;RECINTO_ALFANDEGADO_ADUAN;Tabela para registro do recinto alfandegadio aduaneiro.;777;N;7;DAT_EXCLUSAO;TIMESTAMP(6);11;Y;6;1;0;777;NO;data de exclusao do registro.; (: )
exaprod;SISCOEX2;RECINTO_ALFANDEGADO_ADUAN;Tabela para registro do recinto alfandegadio aduaneiro.;777;N;3;NOM_NOME_RECINTO_ADUANEIRO;VARCHAR2;100;N;;40;698;0;NO;Nome do recinto aduaneiro.;SYS_C001560172 (C: ENABLED)
exaprod;SISCOEX2;RECINTO_ALFANDEGADO_ADUAN;Tabela para registro do recinto alfandegadio aduaneiro.;777;N;1;SEQ_ID;NUMBER;22;N;0;4;777;0;NO;identificador autonumérico do recinto alfandegado aduaneiro.;PK_RECINTO_ALFANDEGADO_ADUAN (PRIMARY KEY: ENABLED)- SYS_C001560171 (C: ENABLED)
exaprod;SISCOEX2;RECINTO_ALFANDEGADO_ADUAN;Tabela para registro do recinto alfandegadio aduaneiro.;777;N;4;SIT_SITUACAO;VARCHAR2;10;N;;6;1;0;NO;situação do registro.;SYS_C001560173 (C: ENABLED)
exaprod;SISCOEX2;REGISTRO_NOTIFICACAO;TABELA PARA REGISTRO DE NOTIFICACAO;;N;4;COD_STATUS_HTTP;NUMBER;22;Y;0;;;;NO;COD STATUS HTTP; (: )
exaprod;SISCOEX2;REGISTRO_NOTIFICACAO;TABELA PARA REGISTRO DE NOTIFICACAO;;N;3;DAT_RECEBIMENTO;DATE;7;Y;;;;;NO;DATA DE REGISTRO DO RECEBIMENTO DA NOTIFICAÇÃO; (: )
exaprod;SISCOEX2;REGISTRO_NOTIFICACAO;TABELA PARA REGISTRO DE NOTIFICACAO;;N;2;SEQ_NOTIFICACAO;NUMBER;22;Y;0;;;;NO;SEQUENCIAL DA TABELA NOTIFICACAO;FK_NOT_R_REG_NOT (FOREIGN KEY: ENABLED)
exaprod;SISCOEX2;REGISTRO_NOTIFICACAO;TABELA PARA REGISTRO DE NOTIFICACAO;;N;1;SEQ_REGISTRO_NOTIFICACAO;NUMBER;22;N;0;;;;NO;SEQ REGISTRO NOTIFICACAO;PK_REGISTRO_NOTIFICACAO (PRIMARY KEY: ENABLED)- SYS_C001546858 (C: ENABLED)
exaprod;SISCOEX2;REGISTRO_NOTIFICACAO;TABELA PARA REGISTRO DE NOTIFICACAO;;N;5;TXT_MSG_ERRO;VARCHAR2;250;Y;;;;;NO;Mensagem de erro gerado pela captura da exceçao.; (: )
exaprod;SISCOEX2;REPRESENTANTE;TABELA PARA REGISTRO DE NOTIFICACAO;;N;5;DAT_CRIACAO;DATE;7;Y;;;;;NO;DATA DE CRIACAO DO REGISTRO; (: )
exaprod;SISCOEX2;REPRESENTANTE;TABELA PARA REGISTRO DE NOTIFICACAO;;N;4;SEQ_DESPACHANTE;NUMBER;22;Y;0;;;;NO;SEQUENCIAL REF AO DESPACHANTE TABELA SISSEG.USUARIO; (: )
exaprod;SISCOEX2;REPRESENTANTE;TABELA PARA REGISTRO DE NOTIFICACAO;;N;2;SEQ_IMPORTADOR_CONTRIB;NUMBER;22;Y;0;;;;NO;SEQUENCIAL REF AO IMPORTADOR CONTRIBUINTE TABELA CADASTRO.CONTRIBUINTE; (: )
exaprod;SISCOEX2;REPRESENTANTE;TABELA PARA REGISTRO DE NOTIFICACAO;;N;3;SEQ_IMPORTADOR_NAO_CONTRIB;NUMBER;22;Y;0;;;;NO;SEQUENCIAL REF AO IMPORTADOR NAO CONTRIBUINTE TABELA SISSEG.IMPORTADOR_NAO_CONTRIBUINTE; (: )
exaprod;SISCOEX2;REPRESENTANTE;TABELA PARA REGISTRO DE NOTIFICACAO;;N;1;SEQ_REPRESENTANTE;NUMBER;22;N;0;;;;NO;SEQUENCIAL DA TABELA REPRESENTANTE;PK_REPRESENTANTE (PRIMARY KEY: ENABLED)- SYS_C001546860 (C: ENABLED)
exaprod;SISCOEX2;SITUACAO_DUIMP;TABELA DOMINIO SITUACAO DUIMP;23;N;1;COD_SIT_DUIMP;VARCHAR2;4;N;;3;23;0;NO;SEQ SIT DUIMP;PK_SITUACAO_DUIMP (PRIMARY KEY: ENABLED)- SYS_C001546862 (C: ENABLED)
exaprod;SISCOEX2;SITUACAO_DUIMP;TABELA DOMINIO SITUACAO DUIMP;23;N;2;DSC_SIT_DUIMP;VARCHAR2;110;Y;;55;23;0;NO;DSC SIT DUIMP; (: )
exaprod;SISCOEX2;SITUACAO_ESPECIAL_DESPACHO;informações relacionada à situação especial de despacho.;11305;N;4;COD_MOTIVO;VARCHAR2;2;Y;;2;2;11110;NO;chave estrangeira motivo especial despacho.;FK_MOTIVO_ESPECIAL_DESPACHO_IDX (FOREIGN KEY: ENABLED)
exaprod;SISCOEX2;SITUACAO_ESPECIAL_DESPACHO;informações relacionada à situação especial de despacho.;11305;N;5;SEQ_DUIMP;NUMBER;22;Y;0;5;11305;0;NO;chave estrangeira duimp.;FK_DESPACHO_DUIMP (FOREIGN KEY: ENABLED)
exaprod;SISCOEX2;SITUACAO_ESPECIAL_DESPACHO;informações relacionada à situação especial de despacho.;11305;N;1;SEQ_SIT_ESP_DESPACHO;NUMBER;22;N;0;5;11305;0;NO;sequencial da situacao especial despacho.;PK_SIT_ESP_DESPACHO (PRIMARY KEY: ENABLED)
exaprod;SISCOEX2;SITUACAO_ESPECIAL_DESPACHO;informações relacionada à situação especial de despacho.;11305;N;2;TXT_FLAG_ESPECIAL_DESPACHO;VARCHAR2;1;Y;;2;2;0;NO;indicador de duimp com situação especial de despacho.;CKC_TXT_FLAG_ESPECIAL_DESPACHO (C: ENABLED)
exaprod;SISCOEX2;SITUACAO_ESPECIAL_DESPACHO;informações relacionada à situação especial de despacho.;11305;N;6;VLR_SEGURO_REAL;NUMBER;22;Y;7;2;173;11110;NO;; (: )
exaprod;SISCOEX2;SITUACAO_ESPECIAL_DESPACHO;informações relacionada à situação especial de despacho.;11305;N;3;VLR_TOTAL_FRETE_REAL;NUMBER;22;Y;2;2;183;11110;NO;valor do total do frete em real para situação especial de despacho. (valor calculado pelo sistema).; (: )
exaprod;SISCOEX2;STATUS_CONDICAO_DEFERIMENTO;Tabela de domínio para registro dos status das condições.;;N;1;COD_ID;NUMBER;22;N;0;;;;NO;código de identificação do registro.;PK_STATUS_CONDICAO_DEFERIMENTO (PRIMARY KEY: ENABLED)- SYS_C001560157 (C: ENABLED)
exaprod;SISCOEX2;STATUS_CONDICAO_DEFERIMENTO;Tabela de domínio para registro dos status das condições.;;N;8;COD_USU_ATUALIZACAO;NUMBER;22;Y;0;;;;NO;código do usuário que atualizou o registro.; (: )
exaprod;SISCOEX2;STATUS_CONDICAO_DEFERIMENTO;Tabela de domínio para registro dos status das condições.;;N;7;COD_USU_CRIACAO;NUMBER;22;N;0;;;;NO;código do usuário que criou o registro.;SYS_C001560161 (C: ENABLED)
exaprod;SISCOEX2;STATUS_CONDICAO_DEFERIMENTO;Tabela de domínio para registro dos status das condições.;;N;5;DAT_ATUALIZACAO;TIMESTAMP(6);11;Y;6;;;;NO;data de atualização do registro.; (: )
exaprod;SISCOEX2;STATUS_CONDICAO_DEFERIMENTO;Tabela de domínio para registro dos status das condições.;;N;4;DAT_CRIACAO;TIMESTAMP(6);11;N;6;;;;NO;data de criação do registro.;SYS_C001560160 (C: ENABLED)
exaprod;SISCOEX2;STATUS_CONDICAO_DEFERIMENTO;Tabela de domínio para registro dos status das condições.;;N;6;DAT_EXCLUSAO;TIMESTAMP(6);11;Y;6;;;;NO;data de exclusão do registro.; (: )
exaprod;SISCOEX2;STATUS_CONDICAO_DEFERIMENTO;Tabela de domínio para registro dos status das condições.;;N;3;SIT_SITUACAO;VARCHAR2;10;N;;;;;NO;situação do registro.;SYS_C001560159 (C: ENABLED)
exaprod;SISCOEX2;STATUS_CONDICAO_DEFERIMENTO;Tabela de domínio para registro dos status das condições.;;N;2;TXT_DESCRICAO;VARCHAR2;100;N;;;;;NO;nome do status.;STATUS_CONDICAO_DEFERIMENTO_UK (UNIQUE: ENABLED)- SYS_C001560158 (C: ENABLED)
exaprod;SISCOEX2;STATUS_DECLARACAO_UNICA_IMPORT;Tabela de domínio para registro dos status da declaração única de importação.;;N;1;COD_ID;NUMBER;22;N;0;;;;NO;código de identificação do registro.;PK_STAT_DECLARAC_UNICA_IMPORT (PRIMARY KEY: ENABLED)- SYS_C001560150 (C: ENABLED)
exaprod;SISCOEX2;STATUS_DECLARACAO_UNICA_IMPORT;Tabela de domínio para registro dos status da declaração única de importação.;;N;8;COD_USU_ATUALIZACAO;NUMBER;22;Y;0;;;;NO;código do usuário que atualizou o registro.; (: )
exaprod;SISCOEX2;STATUS_DECLARACAO_UNICA_IMPORT;Tabela de domínio para registro dos status da declaração única de importação.;;N;7;COD_USU_CRIACAO;NUMBER;22;N;0;;;;NO;código do usuário que criou o registro.;SYS_C001560154 (C: ENABLED)
exaprod;SISCOEX2;STATUS_DECLARACAO_UNICA_IMPORT;Tabela de domínio para registro dos status da declaração única de importação.;;N;5;DAT_ATUALIZACAO;TIMESTAMP(6);11;Y;6;;;;NO;data de atualização do registro.; (: )
exaprod;SISCOEX2;STATUS_DECLARACAO_UNICA_IMPORT;Tabela de domínio para registro dos status da declaração única de importação.;;N;4;DAT_CRIACAO;TIMESTAMP(6);11;N;6;;;;NO;data de criação do registro.;SYS_C001560153 (C: ENABLED)
exaprod;SISCOEX2;STATUS_DECLARACAO_UNICA_IMPORT;Tabela de domínio para registro dos status da declaração única de importação.;;N;6;DAT_EXCLUSAO;TIMESTAMP(6);11;Y;6;;;;NO;data de exclusão do registro.; (: )
exaprod;SISCOEX2;STATUS_DECLARACAO_UNICA_IMPORT;Tabela de domínio para registro dos status da declaração única de importação.;;N;3;SIT_SITUACAO;VARCHAR2;10;N;;;;;NO;situação do registro.;SYS_C001560152 (C: ENABLED)
exaprod;SISCOEX2;STATUS_DECLARACAO_UNICA_IMPORT;Tabela de domínio para registro dos status da declaração única de importação.;;N;2;TXT_DESCRICAO;VARCHAR2;100;N;;;;;NO;nome do status.;STAT_DECLARAC_UNICA_IMPORT_UK (UNIQUE: ENABLED)- SYS_C001560151 (C: ENABLED)
exaprod;SISCOEX2;STATUS_PENDENCIA;Tabela status de pendencia.;;N;1;COD_ID;NUMBER;22;N;0;;;;NO;código de identificação do registro.;PK_STATUS_PENDENCIA (PRIMARY KEY: ENABLED)- SYS_C001560143 (C: ENABLED)
exaprod;SISCOEX2;STATUS_PENDENCIA;Tabela status de pendencia.;;N;8;COD_USU_ATUALIZACAO;NUMBER;22;Y;0;;;;NO;código do usuário que atualizou o registro.; (: )
exaprod;SISCOEX2;STATUS_PENDENCIA;Tabela status de pendencia.;;N;7;COD_USU_CRIACAO;NUMBER;22;N;0;;;;NO;código do usuário que criou o registro.;SYS_C001560147 (C: ENABLED)
exaprod;SISCOEX2;STATUS_PENDENCIA;Tabela status de pendencia.;;N;5;DAT_ATUALIZACAO;TIMESTAMP(6);11;Y;6;;;;NO;data de atualização do registro.; (: )
exaprod;SISCOEX2;STATUS_PENDENCIA;Tabela status de pendencia.;;N;4;DAT_CRIACAO;TIMESTAMP(6);11;N;6;;;;NO;data de criação do registro.;SYS_C001560146 (C: ENABLED)
exaprod;SISCOEX2;STATUS_PENDENCIA;Tabela status de pendencia.;;N;6;DAT_EXCLUSAO;TIMESTAMP(6);11;Y;6;;;;NO;data de exclusão do registro.; (: )
exaprod;SISCOEX2;STATUS_PENDENCIA;Tabela status de pendencia.;;N;3;SIT_SITUACAO;VARCHAR2;10;N;;;;;NO;situação do registro.;SYS_C001560145 (C: ENABLED)
exaprod;SISCOEX2;STATUS_PENDENCIA;Tabela status de pendencia.;;N;2;TXT_DESCRICAO;VARCHAR2;100;N;;;;;NO;nome status.;STATUS_PENDENCIA_UK (UNIQUE: ENABLED)- SYS_C001560144 (C: ENABLED)
exaprod;SISCOEX2;STATUS_SOLICITACAO_EXONERAC;Tabela de domínio para registro dos status da solicitação e exoneração.;;N;1;COD_ID;NUMBER;22;N;0;;;;NO;código de identificação do registro.;PK_STATUS_SOLICITACAO_EXONERAC (PRIMARY KEY: ENABLED)- SYS_C001560136 (C: ENABLED)
exaprod;SISCOEX2;STATUS_SOLICITACAO_EXONERAC;Tabela de domínio para registro dos status da solicitação e exoneração.;;N;8;COD_USU_ATUALIZACAO;NUMBER;22;Y;0;;;;NO;código do usuário que atualizou o registro.; (: )
exaprod;SISCOEX2;STATUS_SOLICITACAO_EXONERAC;Tabela de domínio para registro dos status da solicitação e exoneração.;;N;7;COD_USU_CRIACAO;NUMBER;22;N;0;;;;NO;código do usuário que criou o registro.;SYS_C001560140 (C: ENABLED)
exaprod;SISCOEX2;STATUS_SOLICITACAO_EXONERAC;Tabela de domínio para registro dos status da solicitação e exoneração.;;N;5;DAT_ATUALIZACAO;TIMESTAMP(6);11;Y;6;;;;NO;data de atualização do registro.; (: )
exaprod;SISCOEX2;STATUS_SOLICITACAO_EXONERAC;Tabela de domínio para registro dos status da solicitação e exoneração.;;N;4;DAT_CRIACAO;TIMESTAMP(6);11;N;6;;;;NO;data de criação do registro.;SYS_C001560139 (C: ENABLED)
exaprod;SISCOEX2;STATUS_SOLICITACAO_EXONERAC;Tabela de domínio para registro dos status da solicitação e exoneração.;;N;6;DAT_EXCLUSAO;TIMESTAMP(6);11;Y;6;;;;NO;data de exclusão do registro.; (: )
exaprod;SISCOEX2;STATUS_SOLICITACAO_EXONERAC;Tabela de domínio para registro dos status da solicitação e exoneração.;;N;3;SIT_SITUACAO;VARCHAR2;10;N;;;;;NO;situação do registro.;SYS_C001560138 (C: ENABLED)
exaprod;SISCOEX2;STATUS_SOLICITACAO_EXONERAC;Tabela de domínio para registro dos status da solicitação e exoneração.;;N;2;TXT_DESCRICAO;VARCHAR2;100;N;;;;;NO;nome status.;STATUS_SOLICITACAO_EXONERAC_UK (UNIQUE: ENABLED)- SYS_C001560137 (C: ENABLED)
exaprod;SISCOEX2;TERMOS_ACORDO_BENEFICIO;TABELA QUE ARMAZENA OS RELACIONAMENTOS ENTRE AS TABELAS DE BENEFICIO E TERMO DE ACORDO;77;N;2;COD_TERMO_ACORDO;NUMBER;22;Y;0;3;21;0;NO;CODIGO DO TERMO DE ACORDO; (: )
exaprod;SISCOEX2;TERMOS_ACORDO_BENEFICIO;TABELA QUE ARMAZENA OS RELACIONAMENTOS ENTRE AS TABELAS DE BENEFICIO E TERMO DE ACORDO;77;N;1;SEQ_BENEFICIO;NUMBER;22;Y;0;4;60;0;NO;SEQUENCIAL DA TABELA DE BENEFICIOS;FK_TER_ACORDO_R_BENF (FOREIGN KEY: ENABLED)
exaprod;SISCOEX2;TERMOS_ACORDO_BENEFICIO;TABELA QUE ARMAZENA OS RELACIONAMENTOS ENTRE AS TABELAS DE BENEFICIO E TERMO DE ACORDO;77;N;3;SEQ_TERMOS_ACORDO_BENEFICIO;NUMBER;22;N;0;4;77;0;NO;;SYS_C001560204 (C: ENABLED)
exaprod;SISCOEX2;TIPO_ACRESCIMO_DEDUCAO;TABELA DE DOMINIO;26;N;2;COD_ACRESCIMO_DEDUCAO;NUMBER;22;N;0;3;17;0;NO;COD ACRESCIMO DEDUCAO;PK_TIPO_ACRESCIMO_DEDUCAO (PRIMARY KEY: ENABLED)- SYS_C001546865 (C: ENABLED)
exaprod;SISCOEX2;TIPO_ACRESCIMO_DEDUCAO;TABELA DE DOMINIO;26;N;1;COD_TIPO_OPERACAO;NUMBER;22;N;0;3;2;0;NO;Domínio: 1 - Acréscimo,2 – Dedução;PK_TIPO_ACRESCIMO_DEDUCAO (PRIMARY KEY: ENABLED)- SYS_C001546864 (C: ENABLED)
exaprod;SISCOEX2;TIPO_ACRESCIMO_DEDUCAO;TABELA DE DOMINIO;26;N;3;DSC_ACRESCIMO_DEDUCAO;VARCHAR2;100;Y;;32;24;0;NO;DSC ACRESCIMO DEDUCAO; (: )
exaprod;SISCOEX2;TIPO_ALIQUOTA;TABELA DOMINIO TIPO ALIQUOTA;5;N;1;COD_TIPO_ALIQUOTA;VARCHAR2;3;N;;2;5;0;NO;COD TIPO ALIQUOTA;PK_TIPO_ALIQUOTA (PRIMARY KEY: ENABLED)- SYS_C001546867 (C: ENABLED)
exaprod;SISCOEX2;TIPO_ALIQUOTA;TABELA DOMINIO TIPO ALIQUOTA;5;N;2;DSC_TIPO_ALIQUOTA;VARCHAR2;100;Y;;14;5;0;NO;DSC TIPO ALIQUOTA; (: )
exaprod;SISCOEX2;TIPO_APLICACAO;TABELA DE DOMINIO TIPO APLICACAO;5;N;1;COD_TIPO_APLICACAO;NUMBER;22;N;0;3;5;0;NO;COD TIPO APLICACAO;PK_TIPO_APLICACAO (PRIMARY KEY: ENABLED)- SYS_C001546869 (C: ENABLED)
exaprod;SISCOEX2;TIPO_APLICACAO;TABELA DE DOMINIO TIPO APLICACAO;5;N;2;DSC_TIPO_APLICACAO;VARCHAR2;30;Y;;14;5;0;NO;DSC TIPO APLICACAO; (: )
exaprod;SISCOEX2;TIPO_CANAL_SELECAO;TABELA DOMINIO CANAL SELECAO;5;N;1;COD_CANAL_SELECAO;NUMBER;22;N;0;3;5;0;NO;COD CANAL SELECAO;PK_TIPO_CANAL_SELECAO (PRIMARY KEY: ENABLED)- SYS_C001546871 (C: ENABLED)
exaprod;SISCOEX2;TIPO_CANAL_SELECAO;TABELA DOMINIO CANAL SELECAO;5;N;2;DSC_CANAL_SELECAO;VARCHAR2;50;Y;;8;5;0;NO;DSC CANAL SELECAO; (: )
exaprod;SISCOEX2;TIPO_CERTIFICADO_MERCOSUL;TABELA DE DOMINIO TIPO CERTIFICADO MERCOSUL;3;N;1;COD_TIPO_CERT_MSUL;VARCHAR2;2;N;;2;3;0;NO;CODIGO DO TIPO DE CERTIFICADO MERCOSUL;PK_TIPO_CERTIFICADO_MERCOSUL (PRIMARY KEY: ENABLED)- SYS_C001546873 (C: ENABLED)
exaprod;SISCOEX2;TIPO_CERTIFICADO_MERCOSUL;TABELA DE DOMINIO TIPO CERTIFICADO MERCOSUL;3;N;2;DSC_TIPO_CERT_MSUL;VARCHAR2;50;Y;;10;3;0;NO;Domínio: 1 - Sem certificado,2 - CCPTC,3 – CCROM; (: )
exaprod;SISCOEX2;TIPO_COBERTURA_CAMBIAL;TABELA DOMINIO COBERTURA CAMBIAL;4;N;1;COD_COBERTURA_CAMBIAL;NUMBER;22;N;0;3;4;0;NO;COD COBERTURA CAMBIAL;PK_TIPO_COBERTURA_CAMBIAL (PRIMARY KEY: ENABLED)- SYS_C001546875 (C: ENABLED)
exaprod;SISCOEX2;TIPO_COBERTURA_CAMBIAL;TABELA DOMINIO COBERTURA CAMBIAL;4;N;2;DSC_COBERTURA_CAMBIAL;VARCHAR2;25;Y;;17;4;0;NO;DSC COBERTURA CAMBIAL; (: )
exaprod;SISCOEX2;TIPO_CONDICAO_MERCADORIA;TABELA DOMINIO CONDICAO MERCADORIA;2;N;1;COD_CONDICAO_MERCADORIA;NUMBER;22;N;0;3;2;0;NO;COD CONDICAO MERCADORIA;PK_TIPO_CONDICAO_MERCADORIA (PRIMARY KEY: ENABLED)- SYS_C001546877 (C: ENABLED)
exaprod;SISCOEX2;TIPO_CONDICAO_MERCADORIA;TABELA DOMINIO CONDICAO MERCADORIA;2;N;2;DSC_CONDICAO_MERCADORIA;VARCHAR2;10;Y;;6;2;0;NO;DSC CONDICAO MERCADORIA; (: )
exaprod;SISCOEX2;TIPO_DECLARACAO;tabela declaração.;;N;5;DAT_FIM_VIGENCIA;TIMESTAMP(6);11;N;6;;;;NO;data fim da vigencia.;SYS_C001560134 (C: ENABLED)
exaprod;SISCOEX2;TIPO_DECLARACAO;tabela declaração.;;N;4;DAT_INICIO_VIGENCIA;TIMESTAMP(6);11;Y;6;;;;NO;data inicio da vigencia.; (: )
exaprod;SISCOEX2;TIPO_DECLARACAO;tabela declaração.;;N;2;NUM_COD_ID;NUMBER;22;N;0;;;;NO;numero codigo;PK_TIPO_DECLARACAO (PRIMARY KEY: ENABLED)- SYS_C001560133 (C: ENABLED)
exaprod;SISCOEX2;TIPO_DECLARACAO;tabela declaração.;;N;1;NUM_ID;NUMBER;22;N;0;;;;NO;código autonumérico de identificação do registro.;PK_TIPO_DECLARACAO (PRIMARY KEY: ENABLED)- SYS_C001560132 (C: ENABLED)
exaprod;SISCOEX2;TIPO_DECLARACAO;tabela declaração.;;N;3;TXT_DESCRICAO;VARCHAR2;100;Y;;;;;NO;descricão.; (: )
exaprod;SISCOEX2;TIPO_DOC_DESPACHO;TABELA DE DOMINIO;153;N;1;COD_TIPO_DOC_DESPACHO;VARCHAR2;3;N;;4;153;0;NO;COD TIPO DOC DESPACHO;PK_TIPO_DOC_DESPACHO (PRIMARY KEY: ENABLED)- SYS_C001546879 (C: ENABLED)
exaprod;SISCOEX2;TIPO_DOC_DESPACHO;TABELA DE DOMINIO;153;N;2;DSC_TIPO_DOC_DESPACHO;VARCHAR2;80;Y;;34;153;0;NO;DSC TIPO DOC DESPACHO; (: )
exaprod;SISCOEX2;TIPO_DOC_DUIMP_DOC_AUXILIAR;Tabela para relacionamento entre o tipo de documento DUIMP e o tipo de documento auxiliar.;;N;3;COD_TIPO_DOC_AUXILIAR_ID;NUMBER;22;Y;0;;;;NO;id do tipo do documento auxiliar.; (: )
exaprod;SISCOEX2;TIPO_DOC_DUIMP_DOC_AUXILIAR;Tabela para relacionamento entre o tipo de documento DUIMP e o tipo de documento auxiliar.;;N;2;COD_TIPO_DOC_DUIMP_ID;NUMBER;22;Y;0;;;;NO;id do tipo do documento de duimp.; (: )
exaprod;SISCOEX2;TIPO_DOC_DUIMP_DOC_AUXILIAR;Tabela para relacionamento entre o tipo de documento DUIMP e o tipo de documento auxiliar.;;N;1;SEQ_ID;NUMBER;22;N;0;;;;NO;código autonumérico de identificação do registro.;PK_TIPO_DOC_DUIMP_DOC_AUXILIAR (PRIMARY KEY: ENABLED)- SYS_C001560130 (C: ENABLED)
exaprod;SISCOEX2;TIPO_DOC_DUIMP_DOC_OBRIGATORIO;Tabela para relacionamento entre o tipo de documento DUIMP e o tipo de documento obrigatorio.;4;N;2;COD_TIPO_DOC_DUIMP_ID;NUMBER;22;Y;0;3;4;0;NO;codigo do tipo do documento duimp.; (: )
exaprod;SISCOEX2;TIPO_DOC_DUIMP_DOC_OBRIGATORIO;Tabela para relacionamento entre o tipo de documento DUIMP e o tipo de documento obrigatorio.;4;N;3;COD_TIPO_DOC_OBRIG_ID;NUMBER;22;Y;0;3;4;0;NO;codigo do tipo do documento obrigatorio.; (: )
exaprod;SISCOEX2;TIPO_DOC_DUIMP_DOC_OBRIGATORIO;Tabela para relacionamento entre o tipo de documento DUIMP e o tipo de documento obrigatorio.;4;N;1;SEQ_ID;NUMBER;22;N;0;3;4;0;NO;código autonumérico de identificação do registro.;PK_TIPO_DOC_DUIMP_DOC_OBRIGATO (PRIMARY KEY: ENABLED)- SYS_C001560128 (C: ENABLED)
exaprod;SISCOEX2;TIPO_DOC_OBRIGATORIO;Tabela para registro do tipo de documento obrigatorio vinculado a solicitacao de exoneracao.;15;N;6;COD_USU_ATUALIZACAO;NUMBER;22;Y;0;5;1;2;NO;codigo do usuario que criou o registro.; (: )
exaprod;SISCOEX2;TIPO_DOC_OBRIGATORIO;Tabela para registro do tipo de documento obrigatorio vinculado a solicitacao de exoneracao.;15;N;9;COD_USU_CRIACAO;NUMBER;22;N;0;5;1;0;NO;codigo do usuario que criou o registro.;SYS_C001560126 (C: ENABLED)
exaprod;SISCOEX2;TIPO_DOC_OBRIGATORIO;Tabela para registro do tipo de documento obrigatorio vinculado a solicitacao de exoneracao.;15;N;4;DAT_ATUALIZACAO;TIMESTAMP(6);11;Y;6;10;13;2;NO;data de atualizacao do registro.; (: )
exaprod;SISCOEX2;TIPO_DOC_OBRIGATORIO;Tabela para registro do tipo de documento obrigatorio vinculado a solicitacao de exoneracao.;15;N;8;DAT_CRIACAO;TIMESTAMP(6);11;N;6;11;15;0;NO;data de criacao do registro.;SYS_C001560125 (C: ENABLED)
exaprod;SISCOEX2;TIPO_DOC_OBRIGATORIO;Tabela para registro do tipo de documento obrigatorio vinculado a solicitacao de exoneracao.;15;N;5;DAT_EXCLUSAO;TIMESTAMP(6);11;Y;6;7;9;6;NO;data de exclusao do registro.; (: )
exaprod;SISCOEX2;TIPO_DOC_OBRIGATORIO;Tabela para registro do tipo de documento obrigatorio vinculado a solicitacao de exoneracao.;15;N;2;DSC_TIPO_DOC_ANEXADO;VARCHAR2;80;Y;;34;15;0;NO;descricao do tipo do documento anexado.; (: )
exaprod;SISCOEX2;TIPO_DOC_OBRIGATORIO;Tabela para registro do tipo de documento obrigatorio vinculado a solicitacao de exoneracao.;15;N;1;SEQ_TIPO_DOC_ANEXADO;NUMBER;22;N;0;3;15;0;NO;código autonumérico de identificação do registro.;PK_TIPO_DOC_ANEXADO (PRIMARY KEY: ENABLED)- SYS_C001560123 (C: ENABLED)
exaprod;SISCOEX2;TIPO_DOC_OBRIGATORIO;Tabela para registro do tipo de documento obrigatorio vinculado a solicitacao de exoneracao.;15;N;7;SIT_SITUACAO;VARCHAR2;10;N;;6;1;0;NO;situacao do registro.;SYS_C001560124 (C: ENABLED)
exaprod;SISCOEX2;TIPO_DOC_OBRIGATORIO;Tabela para registro do tipo de documento obrigatorio vinculado a solicitacao de exoneracao.;15;N;3;TXT_APLICA_SE_A;VARCHAR2;100;Y;;31;2;0;NO;flag aplica-se a; (: )
exaprod;SISCOEX2;TIPO_DOCUMENTO_AUXILIAR;Tabela para registro de tipos de documentos auxiliares.;35;N;8;COD_USU_ATUALIZACAO;NUMBER;22;Y;0;2;1;33;NO;código do usuário que atualizou o registro.; (: )
exaprod;SISCOEX2;TIPO_DOCUMENTO_AUXILIAR;Tabela para registro de tipos de documentos auxiliares.;35;N;7;COD_USU_CRIACAO;NUMBER;22;N;0;5;1;0;NO;código do usuário que criou o registro.;SYS_C001560121 (C: ENABLED)
exaprod;SISCOEX2;TIPO_DOCUMENTO_AUXILIAR;Tabela para registro de tipos de documentos auxiliares.;35;N;5;DAT_ATUALIZACAO;TIMESTAMP(6);11;Y;6;2;2;33;NO;data de atualização do registro.; (: )
exaprod;SISCOEX2;TIPO_DOCUMENTO_AUXILIAR;Tabela para registro de tipos de documentos auxiliares.;35;N;4;DAT_CRIACAO;TIMESTAMP(6);11;N;6;11;35;0;NO;data de criação do registro.;SYS_C001560120 (C: ENABLED)
exaprod;SISCOEX2;TIPO_DOCUMENTO_AUXILIAR;Tabela para registro de tipos de documentos auxiliares.;35;N;6;DAT_EXCLUSAO;TIMESTAMP(6);11;Y;6;1;0;35;NO;data de exclusão do registro.; (: )
exaprod;SISCOEX2;TIPO_DOCUMENTO_AUXILIAR;Tabela para registro de tipos de documentos auxiliares.;35;N;1;SEQ_ID;NUMBER;22;N;0;3;35;0;NO;código autonumérico de identificação do registro.;PK_TIPO_DOCUMENTO_AUXILIAR (PRIMARY KEY: ENABLED)- SYS_C001560117 (C: ENABLED)
exaprod;SISCOEX2;TIPO_DOCUMENTO_AUXILIAR;Tabela para registro de tipos de documentos auxiliares.;35;N;3;SIT_SITUACAO;VARCHAR2;10;N;;6;1;0;NO;situação do registro.;SYS_C001560119 (C: ENABLED)
exaprod;SISCOEX2;TIPO_DOCUMENTO_AUXILIAR;Tabela para registro de tipos de documentos auxiliares.;35;N;2;TXT_DESCRICAO;VARCHAR2;100;N;;38;35;0;NO;nome do tipo de documento auxiliar.;SYS_C001560118 (C: ENABLED)
exaprod;SISCOEX2;TIPO_IMPORTADOR;TABELA DOMINIO TIPO IMPORTADOR;6;N;1;COD_TIPO_IMPORTADOR;NUMBER;22;N;0;3;6;0;NO;SEQ TIPO IMPORTADOR;PK_TIPO_IMPORTADOR (PRIMARY KEY: ENABLED)- SYS_C001546881 (C: ENABLED)
exaprod;SISCOEX2;TIPO_IMPORTADOR;TABELA DOMINIO TIPO IMPORTADOR;6;N;2;DSC_TIPO_IMPORTADOR;VARCHAR2;60;Y;;42;6;0;NO;DSC TIPO IMPORTADOR; (: )
exaprod;SISCOEX2;TIPO_IMPOSTO;TIPO DE IMPOSTO - IPST;10;N;1;COD_TIPO_IMPOSTO;VARCHAR2;2;N;;2;10;0;NO;"Códigos do Tipo de Imposto: 1 - Imposto de Importação, 2
- IPI, 3 - Antidumping, 4 - Cide Combustíveis, 5 - Medidas
Compensatórias, 6 - PIS Importação, 7 - Cofins,Importação, 9
– Salvaguarda";PK_TIPO_IMPOSTO (PRIMARY KEY: ENABLED)- SYS_C001546883 (C: ENABLED)
exaprod;SISCOEX2;TIPO_IMPOSTO;TIPO DE IMPOSTO - IPST;10;N;2;DSC_TIPO_IMPOSTO;VARCHAR2;200;Y;;15;10;0;NO;DESCRIÇÃO DO IMPOSTO; (: )
exaprod;SISCOEX2;TIPO_MODALIDADE_DESPACHO;Tabela de domínio para registro dos status da solicitação e exoneração.;4;N;1;COD_ID;NUMBER;22;N;0;3;4;0;NO;código de identificação do registro.;PK_TIPO_MODALIDADE_DESPACHO (PRIMARY KEY: ENABLED)- SYS_C001560110 (C: ENABLED)
exaprod;SISCOEX2;TIPO_MODALIDADE_DESPACHO;Tabela de domínio para registro dos status da solicitação e exoneração.;4;N;8;COD_USU_ATUALIZACAO;NUMBER;22;Y;0;0;0;4;NO;código do usuário que criou o registro.; (: )
exaprod;SISCOEX2;TIPO_MODALIDADE_DESPACHO;Tabela de domínio para registro dos status da solicitação e exoneração.;4;N;7;COD_USU_CRIACAO;NUMBER;22;N;0;6;1;0;NO;código do usuário que criou o registro.;SYS_C001560114 (C: ENABLED)
exaprod;SISCOEX2;TIPO_MODALIDADE_DESPACHO;Tabela de domínio para registro dos status da solicitação e exoneração.;4;N;5;DAT_ATUALIZACAO;TIMESTAMP(6);11;Y;6;1;0;4;NO;data de atualização do registro.; (: )
exaprod;SISCOEX2;TIPO_MODALIDADE_DESPACHO;Tabela de domínio para registro dos status da solicitação e exoneração.;4;N;4;DAT_CRIACAO;TIMESTAMP(6);11;N;6;11;4;0;NO;data de criação do registro.;SYS_C001560113 (C: ENABLED)
exaprod;SISCOEX2;TIPO_MODALIDADE_DESPACHO;Tabela de domínio para registro dos status da solicitação e exoneração.;4;N;6;DAT_EXCLUSAO;TIMESTAMP(6);11;Y;6;1;0;4;NO;data de exclusão do registro.; (: )
exaprod;SISCOEX2;TIPO_MODALIDADE_DESPACHO;Tabela de domínio para registro dos status da solicitação e exoneração.;4;N;3;SIT_SITUACAO;VARCHAR2;10;N;;6;1;0;NO;situação do registro.;SYS_C001560112 (C: ENABLED)
exaprod;SISCOEX2;TIPO_MODALIDADE_DESPACHO;Tabela de domínio para registro dos status da solicitação e exoneração.;4;N;2;TXT_DESCRICAO;VARCHAR2;100;N;;18;4;0;NO;nome do tipo de modalidiade.;SYS_C001560111 (C: ENABLED)- TIPO_MODALIDADE_DESPACHO_UK (UNIQUE: ENABLED)
exaprod;SISCOEX2;TIPO_PENDENCIA;Tabela para registro do tipo de pendencia.;;N;1;COD_ID;NUMBER;22;N;0;;;;NO;código de identificação do registro.;PK_TIPO_PENDENCIA (PRIMARY KEY: ENABLED)- SYS_C001560103 (C: ENABLED)
exaprod;SISCOEX2;TIPO_PENDENCIA;Tabela para registro do tipo de pendencia.;;N;9;COD_USU_ATUALIZACAO;NUMBER;22;Y;0;;;;NO;código do usuário que criou o registro.; (: )
exaprod;SISCOEX2;TIPO_PENDENCIA;Tabela para registro do tipo de pendencia.;;N;8;COD_USU_CRIACAO;NUMBER;22;N;0;;;;NO;código do usuário que criou o registro.;SYS_C001560107 (C: ENABLED)
exaprod;SISCOEX2;TIPO_PENDENCIA;Tabela para registro do tipo de pendencia.;;N;6;DAT_ATUALIZACAO;TIMESTAMP(6);11;Y;6;;;;NO;data de atualização do registro.; (: )
exaprod;SISCOEX2;TIPO_PENDENCIA;Tabela para registro do tipo de pendencia.;;N;5;DAT_CRIACAO;TIMESTAMP(6);11;N;6;;;;NO;data de criação do registro.;SYS_C001560106 (C: ENABLED)
exaprod;SISCOEX2;TIPO_PENDENCIA;Tabela para registro do tipo de pendencia.;;N;7;DAT_EXCLUSAO;TIMESTAMP(6);11;Y;6;;;;NO;data de exclusão do registro.; (: )
exaprod;SISCOEX2;TIPO_PENDENCIA;Tabela para registro do tipo de pendencia.;;N;4;SIT_SITUACAO;VARCHAR2;10;N;;;;;NO;situação do registro.;SYS_C001560105 (C: ENABLED)
exaprod;SISCOEX2;TIPO_PENDENCIA;Tabela para registro do tipo de pendencia.;;N;3;TIP_PENDENCIA_EXONERACAO;VARCHAR2;50;Y;;;;;NO;tipo da pendencia.; (: )
exaprod;SISCOEX2;TIPO_PENDENCIA;Tabela para registro do tipo de pendencia.;;N;2;TXT_DESCRICAO;VARCHAR2;255;N;;;;;NO;nome do tipo de modalidiade.;SYS_C001560104 (C: ENABLED)- TIPO_PENDENCIA_UK (UNIQUE: ENABLED)
exaprod;SISCOEX2;TIPO_PROCESSO;TABELA DE DOMINIO;1;N;1;COD_TIPO_PROCESSO;VARCHAR2;3;N;;3;1;0;NO;SEQ TIPO PROCESSO;PK_TIPO_PROCESSO (PRIMARY KEY: ENABLED)- SYS_C001546885 (C: ENABLED)
exaprod;SISCOEX2;TIPO_PROCESSO;TABELA DE DOMINIO;1;N;2;DSC_TIPO_PROCESSO;VARCHAR2;100;Y;;15;1;0;NO;DSC TIPO PROCESSO; (: )
exaprod;SISCOEX2;TIPO_TRATAMENTO_TRIBUTARIO;TABELA QUE ARMAZENA OS TIPOS DE TRATAMENTO TRIBUTARIO;6;N;1;COD_TIPO_TRAT_TRIB;NUMBER;22;N;0;3;6;0;NO;CODIGO DO TRATAMENTO TRIBUTARIO;PK_TIPO_TRATAMENTO_TRIBUTARIO (PRIMARY KEY: ENABLED)- SYS_C001546887 (C: ENABLED)
exaprod;SISCOEX2;TIPO_TRATAMENTO_TRIBUTARIO;TABELA QUE ARMAZENA OS TIPOS DE TRATAMENTO TRIBUTARIO;6;N;2;DSC_TIPO_TRAT_TRIB;VARCHAR2;30;Y;;13;6;0;NO;DESCRICAO TIPO TRATAMENTO TRIBUTARIO; (: )
exaprod;SISCOEX2;UNIDADE_FEDERATIVA;TABELA DE DOMINIO;32;N;1;COD_UF;VARCHAR2;2;N;;3;32;0;NO;SIGLA DA UNIDADE FEDERATIVA;PK_UNIDADE_FEDERATIVA (PRIMARY KEY: ENABLED)- SYS_C001546889 (C: ENABLED)
exaprod;SISCOEX2;UNIDADE_FEDERATIVA;TABELA DE DOMINIO;32;N;2;DSC_UF;VARCHAR2;25;Y;;15;32;0;NO;DESCRICAO DA UNIDADE FEDERATIVA; (: )
exaprod;SISCOEX2;UNIDADE_LOCALIZACAO_CARGA;TABELA DE DOMINIO;1013;N;1;COD_UNIDADE_LOC_CARGA;VARCHAR2;7;N;;8;1013;0;NO;COD UNIDADE LOC CARGA;PK_UNIDADE_LOCALIZACAO_CARGA (PRIMARY KEY: ENABLED)- SYS_C001546891 (C: ENABLED)
exaprod;SISCOEX2;UNIDADE_LOCALIZACAO_CARGA;TABELA DE DOMINIO;1013;N;2;DSC_UNIDADE_LOC_CARGA;VARCHAR2;100;Y;;15;876;0;NO;DSC UNIDADE LOC CARGA; (: )
exaprod;SISCOEX2;UNID_MEDIDA;Tabela de cadastro das unidades de medida;17;N;3;DAT_CRIACAO;TIMESTAMP(6);11;Y;6;11;17;0;NO;Data e hora de criação do registro; (: )
exaprod;SISCOEX2;UNID_MEDIDA;Tabela de cadastro das unidades de medida;17;N;2;DSC_UNID_MEDIDA;VARCHAR2;80;N;;8;17;0;NO;Descrição da unidade de medida;SYS_C001564051 (C: ENABLED)
exaprod;SISCOEX2;UNID_MEDIDA;Tabela de cadastro das unidades de medida;17;N;1;SEQ_UNID_MEDIDA;NUMBER;22;N;0;3;17;0;NO;Identificador único da unidade de medida;PK_UNID_MEDIDA (PRIMARY KEY: ENABLED)
exaprod;SISCOEX2;UNID_MEDIDA_EQUIVALENCIA;Tabela de equivalências entre diferentes unidades de medida;97;N;4;DAT_CRIACAO;TIMESTAMP(6);11;Y;6;11;97;0;NO;Data e hora de criação do registro; (: )
exaprod;SISCOEX2;UNID_MEDIDA_EQUIVALENCIA;Tabela de equivalências entre diferentes unidades de medida;97;N;5;DAT_DESATIVACAO;TIMESTAMP(6);11;Y;6;1;0;97;NO;Data de desativação da equivalência; (: )
exaprod;SISCOEX2;UNID_MEDIDA_EQUIVALENCIA;Tabela de equivalências entre diferentes unidades de medida;97;N;3;DSC_UNID_MEDIDA_EQUIVALENCIA;VARCHAR2;80;N;;5;93;0;NO;Descrição da unidade de medida equivalente;SYS_C001564163 (C: ENABLED)
exaprod;SISCOEX2;UNID_MEDIDA_EQUIVALENCIA;Tabela de equivalências entre diferentes unidades de medida;97;N;2;SEQ_UNID_MEDIDA;NUMBER;22;Y;0;3;17;0;NO;Referência para a unidade de medida principal;FK_UNID_MEDIDA_EQUIVALENCIA_R_UNID_MEDIDA (FOREIGN KEY: ENABLED)
exaprod;SISCOEX2;UNID_MEDIDA_EQUIVALENCIA;Tabela de equivalências entre diferentes unidades de medida;97;N;1;SEQ_UNID_MEDIDA_EQUIVALENCIA;NUMBER;22;N;0;3;97;0;NO;Identificador único da equivalência de unidade de medida;PK_UNID_MEDIDA_EQUIVALENCIA (PRIMARY KEY: ENABLED)
