DB_INSTANCE_NAME;OWNER;TABLE_NAME;TAB_COMMENTS;NUM_ROWS;DUPLICATED;COLUMN_ID;COLUMN_NAME;DATA_TYPE;DATA_LENGTH;NULLABLE;DATA_SCALE;AVG_COL_LEN;NUM_DISTINCT;NUM_NULLS;DEFAULT_ON_NULL;COL_COMMENTS;CONSTRAINTS
exaprod;RECEITA2;ARQUIVO_PAGAMENTO;"Mantém os arquivos de pagamento incorporados, seja do tipo Rajada ou Consolidado, e indica seu status de processamento. Mantém dados do ""A""- HEADER e ""Z"" - TRAILLER.";1245806;N;19;COD_IDENTIFICACAO_TRANS;NUMBER;22;Y;0;2;21148;1216635;NO;Código identificador do Arquivo no AIX, considerando Instituitaçao Arrecadadora e Sequencial do Arquivo (XX YYY SSSSSS). Incluído apenas para carga ETL do legado.; (: )
exaprod;RECEITA2;ARQUIVO_PAGAMENTO;"Mantém os arquivos de pagamento incorporados, seja do tipo Rajada ou Consolidado, e indica seu status de processamento. Mantém dados do ""A""- HEADER e ""Z"" - TRAILLER.";1245806;N;3;COD_REMESSA;NUMBER;22;N;0;3;12168;0;NO;"Código da remessa indicado no arquivo ""A"" - Header, na posiçao 2 a 2 do arquivo de DAE e GNRE.
Código da remessa indicado no arquivo ""1"" - Header, na posiçao 38 a 43 do arquivo de DAS";SYS_C001528286 (C: ENABLED)
exaprod;RECEITA2;ARQUIVO_PAGAMENTO;"Mantém os arquivos de pagamento incorporados, seja do tipo Rajada ou Consolidado, e indica seu status de processamento. Mantém dados do ""A""- HEADER e ""Z"" - TRAILLER.";1245806;N;12;DAT_CARGA_ARQUIVO;DATE;7;N;;8;1215872;0;NO;Data que foi realizada a carga dos dados do arquivo na tabela;SYS_C001528294 (C: ENABLED)
exaprod;RECEITA2;ARQUIVO_PAGAMENTO;"Mantém os arquivos de pagamento incorporados, seja do tipo Rajada ou Consolidado, e indica seu status de processamento. Mantém dados do ""A""- HEADER e ""Z"" - TRAILLER.";1245806;N;20;DAT_CARGA_ETL;DATE;7;Y;;8;495008;0;NO;Data de criação do registro, para uso de carga para a Nuvem; (: )
exaprod;RECEITA2;ARQUIVO_PAGAMENTO;"Mantém os arquivos de pagamento incorporados, seja do tipo Rajada ou Consolidado, e indica seu status de processamento. Mantém dados do ""A""- HEADER e ""Z"" - TRAILLER.";1245806;N;18;DAT_FIM_PROCESSAMENTO;DATE;7;Y;;8;515328;4;NO;Data/hora final do processamento do arquivo; (: )
exaprod;RECEITA2;ARQUIVO_PAGAMENTO;"Mantém os arquivos de pagamento incorporados, seja do tipo Rajada ou Consolidado, e indica seu status de processamento. Mantém dados do ""A""- HEADER e ""Z"" - TRAILLER.";1245806;N;4;DAT_GERACAO_ARQUIVO;DATE;7;N;;8;2536;0;NO;"Data de geraçao do arquivo de pagamento indicado no arquivo ""A"" - Header, na posiçao 66 a 73 do arquivo de DAE e GNRE.
Data de geraçao do arquivo de pagamento indicado no arquivo ""1"" - Header, na posiçao 30 a 37 do arquivo de DAS";SYS_C001528287 (C: ENABLED)
exaprod;RECEITA2;ARQUIVO_PAGAMENTO;"Mantém os arquivos de pagamento incorporados, seja do tipo Rajada ou Consolidado, e indica seu status de processamento. Mantém dados do ""A""- HEADER e ""Z"" - TRAILLER.";1245806;N;17;DAT_INICIO_PROCESSAMENTO;DATE;7;Y;;8;509632;4;NO;Data/hora de início de processamento do arquivo; (: )
exaprod;RECEITA2;ARQUIVO_PAGAMENTO;"Mantém os arquivos de pagamento incorporados, seja do tipo Rajada ou Consolidado, e indica seu status de processamento. Mantém dados do ""A""- HEADER e ""Z"" - TRAILLER.";1245806;N;13;DAT_PAGAMENTO_UTILIZADA;DATE;7;N;;8;2865;0;NO;"Data de pagamento que mais se repete como data de pagamento dos registros do tipo ""G"", do arquivo processado";SYS_C001528295 (C: ENABLED)
exaprod;RECEITA2;ARQUIVO_PAGAMENTO;"Mantém os arquivos de pagamento incorporados, seja do tipo Rajada ou Consolidado, e indica seu status de processamento. Mantém dados do ""A""- HEADER e ""Z"" - TRAILLER.";1245806;N;10;DSC_PASTA_DESTINO;VARCHAR2;150;Y;;41;6;2;NO;Descriçao do caminho de destino do arquivo; (: )
exaprod;RECEITA2;ARQUIVO_PAGAMENTO;"Mantém os arquivos de pagamento incorporados, seja do tipo Rajada ou Consolidado, e indica seu status de processamento. Mantém dados do ""A""- HEADER e ""Z"" - TRAILLER.";1245806;N;9;DSC_PASTA_ORIGEM;VARCHAR2;150;N;;33;8;0;NO;Descriçao do caminho de origem do arquivo;SYS_C001528292 (C: ENABLED)
exaprod;RECEITA2;ARQUIVO_PAGAMENTO;"Mantém os arquivos de pagamento incorporados, seja do tipo Rajada ou Consolidado, e indica seu status de processamento. Mantém dados do ""A""- HEADER e ""Z"" - TRAILLER.";1245806;N;11;NOM_ARQUIVO;VARCHAR2;100;N;;42;1222528;0;NO;Nome do arquivo recebido e carregado;SYS_C001528293 (C: ENABLED)
exaprod;RECEITA2;ARQUIVO_PAGAMENTO;"Mantém os arquivos de pagamento incorporados, seja do tipo Rajada ou Consolidado, e indica seu status de processamento. Mantém dados do ""A""- HEADER e ""Z"" - TRAILLER.";1245806;N;5;NUM_SEQUENCIAL_ARQUIVO;NUMBER;22;N;0;5;601280;0;NO;"Número sequencial do arquivo (NSA), indicado no arquivo ""A"" - Header, na posiçao 74 a 79 do arquivo de DAE e GNRE.
Número sequencial do arquivo (NSA), indicado no arquivo ""1"" - Header, na posiçao 2 a 9 do arquivo de DAS";ARQUIVO_PAGAMENTO_UK1 (UNIQUE: ENABLED)- SYS_C001528288 (C: ENABLED)
exaprod;RECEITA2;ARQUIVO_PAGAMENTO;"Mantém os arquivos de pagamento incorporados, seja do tipo Rajada ou Consolidado, e indica seu status de processamento. Mantém dados do ""A""- HEADER e ""Z"" - TRAILLER.";1245806;N;7;NUM_TOTAL_REGISTRO;NUMBER;22;N;0;4;12688;0;NO;"Quantidade de registros indicado no arquivo ""Z"" - Trailler, na posiçao 2 a 7 do arquivo de DAE e GNRE.
Quantidade de registros indicado no arquivo ""3"" - Trailler, na posiçao 10 a 15 do arquivo de DAS";SYS_C001528290 (C: ENABLED)
exaprod;RECEITA2;ARQUIVO_PAGAMENTO;"Mantém os arquivos de pagamento incorporados, seja do tipo Rajada ou Consolidado, e indica seu status de processamento. Mantém dados do ""A""- HEADER e ""Z"" - TRAILLER.";1245806;N;6;NUM_VERSAO_LAYOUT;NUMBER;22;N;0;3;4;0;NO;"Versao do layout do arquivo indicado no arquivo ""A"" - Header, na posiçao 80 a 81 do arquivo de DAE e GNRE.
Versao do layout do arquivo indicado no arquivo ""1"" - Header, na posiçao 44 a 45 do arquivo de DAS";SYS_C001528289 (C: ENABLED)
exaprod;RECEITA2;ARQUIVO_PAGAMENTO;"Mantém os arquivos de pagamento incorporados, seja do tipo Rajada ou Consolidado, e indica seu status de processamento. Mantém dados do ""A""- HEADER e ""Z"" - TRAILLER.";1245806;N;1;SEQ_ARQUIVO_PAGAMENTO;NUMBER;22;N;0;6;1245806;0;NO;Chave sequencial da tabela;PK_ARQUIVO_PAGAMENTO (PRIMARY KEY: ENABLED)- SYS_C001528284 (C: ENABLED)
exaprod;RECEITA2;ARQUIVO_PAGAMENTO;"Mantém os arquivos de pagamento incorporados, seja do tipo Rajada ou Consolidado, e indica seu status de processamento. Mantém dados do ""A""- HEADER e ""Z"" - TRAILLER.";1245806;N;2;SEQ_INSTITUICAO_ARRECADADORA;NUMBER;22;N;0;3;8;0;NO;Chave sequencial da Instituiçao Arrecadadora;ARQUIVO_PAGAMENTO_UK1 (UNIQUE: ENABLED)- FK_INST_ARREC_R_ARQUIVO_PAG (FOREIGN KEY: ENABLED)- SYS_C001528285 (C: ENABLED)
exaprod;RECEITA2;ARQUIVO_PAGAMENTO;"Mantém os arquivos de pagamento incorporados, seja do tipo Rajada ou Consolidado, e indica seu status de processamento. Mantém dados do ""A""- HEADER e ""Z"" - TRAILLER.";1245806;N;16;STA_PROCESSAMENTO_PAGAMENTO;NUMBER;22;N;0;3;2;0;NO;"Indica o status de processamento do pagamento:
1 - Processado
2 - Pendente";CKC_STA_PROCESS_PAGTO (C: ENABLED)- SYS_C001528298 (C: ENABLED)
exaprod;RECEITA2;ARQUIVO_PAGAMENTO;"Mantém os arquivos de pagamento incorporados, seja do tipo Rajada ou Consolidado, e indica seu status de processamento. Mantém dados do ""A""- HEADER e ""Z"" - TRAILLER.";1245806;N;14;TIP_ORIGEM;NUMBER;22;N;0;3;3;0;NO;"Tipos de origem e transmissao:
1 - DAE
2 - GNRE
3 - DAS";ARQUIVO_PAGAMENTO_UK1 (UNIQUE: ENABLED)- CKC_TIP_ORIGEM_PAGAMENTO (C: ENABLED)- SYS_C001528296 (C: ENABLED)
exaprod;RECEITA2;ARQUIVO_PAGAMENTO;"Mantém os arquivos de pagamento incorporados, seja do tipo Rajada ou Consolidado, e indica seu status de processamento. Mantém dados do ""A""- HEADER e ""Z"" - TRAILLER.";1245806;N;15;TIP_PAGAMENTO_RECEBIDO;NUMBER;22;N;0;3;3;0;NO;"Indica se o arquivo de pagamento é do tipo:
1 - Rajada
2 - Consolidado
3 - Pago instantâneo";ARQUIVO_PAGAMENTO_UK1 (UNIQUE: ENABLED)- CKC_TIP_PAGAMENTO_RECEBIDO (C: ENABLED)- SYS_C001528297 (C: ENABLED)
exaprod;RECEITA2;ARQUIVO_PAGAMENTO;"Mantém os arquivos de pagamento incorporados, seja do tipo Rajada ou Consolidado, e indica seu status de processamento. Mantém dados do ""A""- HEADER e ""Z"" - TRAILLER.";1245806;N;8;VLR_TOTAL_REGISTRO;NUMBER;22;N;2;6;887616;0;NO;"Valor do total de registros indicado no arquivo ""Z"" - Trailler, na posiçao 8 a 24 do arquivo de DAE e GNRE.
Valor do total de registros indicado no arquivo ""3"" - Trailler, na posiçao 16 a 32 do arquivo de DAS";SYS_C001528291 (C: ENABLED)
exaprod;RECEITA2;ARQUIVO_REJEITADO;Mantém a informaçao dos arquivos que foram rejeitados por padronizaçao incorreta.;72282;N;2;COD_ERRO_ARQUIVO;NUMBER;22;N;0;3;7;0;NO;Código identificador de erro do arquivo, chave estrangeira da tabela ERRO_ARQUIVO.;FK_ERRO_ARQ_R_ARQ_REJEITADO (FOREIGN KEY: ENABLED)- SYS_C001528261 (C: ENABLED)
exaprod;RECEITA2;ARQUIVO_REJEITADO;Mantém a informaçao dos arquivos que foram rejeitados por padronizaçao incorreta.;72282;N;7;DAT_REJEITADO;DATE;7;N;;8;31094;0;NO;Data em que o arquivo foi rejeitado;SYS_C001528266 (C: ENABLED)
exaprod;RECEITA2;ARQUIVO_REJEITADO;Mantém a informaçao dos arquivos que foram rejeitados por padronizaçao incorreta.;72282;N;4;DSC_PASTA_DESTINO;VARCHAR2;150;N;;39;5;0;NO;Descriçao do caminho de destino do arquivo.;SYS_C001528263 (C: ENABLED)
exaprod;RECEITA2;ARQUIVO_REJEITADO;Mantém a informaçao dos arquivos que foram rejeitados por padronizaçao incorreta.;72282;N;3;DSC_PASTA_ORIGEM;VARCHAR2;150;N;;34;5;0;NO;Descriçao do caminho de origem do arquivo.;SYS_C001528262 (C: ENABLED)
exaprod;RECEITA2;ARQUIVO_REJEITADO;Mantém a informaçao dos arquivos que foram rejeitados por padronizaçao incorreta.;72282;N;5;NOM_ARQUIVO;VARCHAR2;100;N;;40;60932;0;NO;Nome do arquivo rejeitado.;SYS_C001528264 (C: ENABLED)
exaprod;RECEITA2;ARQUIVO_REJEITADO;Mantém a informaçao dos arquivos que foram rejeitados por padronizaçao incorreta.;72282;N;6;NUM_LINHA_ARQUIVO;NUMBER;22;N;0;3;7;0;NO;Número da linha com erro no arquivo.;SYS_C001528265 (C: ENABLED)
exaprod;RECEITA2;ARQUIVO_REJEITADO;Mantém a informaçao dos arquivos que foram rejeitados por padronizaçao incorreta.;72282;N;1;SEQ_ARQUIVO_REJEITADO;NUMBER;22;N;0;5;72282;0;NO;Sequencial do arquivo de pagamento rejeitado por erro de padronizaçao;PK_ARQUIVO_REJEITADO (PRIMARY KEY: ENABLED)- SYS_C001528260 (C: ENABLED)
exaprod;RECEITA2;ARQUIVO_REJEITADO;Mantém a informaçao dos arquivos que foram rejeitados por padronizaçao incorreta.;72282;N;8;TIP_ORIGEM;NUMBER;22;N;0;3;3;0;NO;Tipos de origem e transmissao. 1 - DAE, 2 - GNRE, 3 - DAS.;CKC_TIP_ORIGEM_ARQUIVO_REJ (C: ENABLED)- SYS_C001528267 (C: ENABLED)
exaprod;RECEITA2;AUDITORIA_ENTIDADES;Guarda as auditorias das entidades.;12880087;N;2;COD_MATRICULA_USUARIO;VARCHAR2;255;Y;;3;1282;10921534;NO;guarda o codigo da matricula do usuario; (: )
exaprod;RECEITA2;AUDITORIA_ENTIDADES;Guarda as auditorias das entidades.;12880087;N;4;DAT_DATA_MODIFICACAO;DATE;7;Y;;8;9426944;0;NO;Data e hora da inclusao/alteracao do registro.; (: )
exaprod;RECEITA2;AUDITORIA_ENTIDADES;Guarda as auditorias das entidades.;12880087;N;5;DAT_TIMESTAMP;TIMESTAMP(6);11;Y;6;11;12880087;0;NO;Representacao numerica do campo DAT_DATA_MODIFICACAO, exigido pelo hibernate.; (: )
exaprod;RECEITA2;AUDITORIA_ENTIDADES;Guarda as auditorias das entidades.;12880087;N;3;DAT_TIMESTAMP_OLD;NUMBER;22;Y;0;0;0;12880087;NO;Representacao numerica do campo DAT_DATA_MODIFICACAO, exigido pelo hibernate.; (: )
exaprod;RECEITA2;AUDITORIA_ENTIDADES;Guarda as auditorias das entidades.;12880087;N;6;NUM_CPF_USUARIO;NUMBER;22;Y;0;0;0;12880087;NO;CPF do usuário externo.; (: )
exaprod;RECEITA2;AUDITORIA_ENTIDADES;Guarda as auditorias das entidades.;12880087;N;1;SEQ_AUDITORIA;NUMBER;22;N;0;6;12880087;0;NO;guarda a sequencia da auditoria;PK_AUDITORIA_ENTIDADES (PRIMARY KEY: ENABLED)- SYS_C001528183 (C: ENABLED)
exaprod;RECEITA2;CAMPO_EXTRA_GNRE;Mantém os campos extra, de informaçoes adicionais, definidas no Portal GNRE;10;N;1;COD_CAMPO_EXTRA_GNRE;NUMBER;22;N;0;4;10;0;NO;Código do campo extra da GNRE;PK_CAMPO_EXTRA_GNRE (PRIMARY KEY: ENABLED)- SYS_C001528413 (C: ENABLED)
exaprod;RECEITA2;CAMPO_EXTRA_GNRE;Mantém os campos extra, de informaçoes adicionais, definidas no Portal GNRE;10;N;2;DSC_CAMPO_EXTRA_GNRE;VARCHAR2;300;N;;25;9;0;NO;Descriçao do campo extra da GNRE;SYS_C001528414 (C: ENABLED)
exaprod;RECEITA2;CAMPO_EXTRA_GNRE;Mantém os campos extra, de informaçoes adicionais, definidas no Portal GNRE;10;N;3;TIP_CAMPO_EXTRA;CHAR;1;N;;2;3;0;NO;"Tipo da informaçao contida no campo extra:
T - Texto ou alfanumérico
D - Data
N - Número";CKC_TIP_CAMPO_EXTRA_CAM_EXT (C: ENABLED)- SYS_C001528415 (C: ENABLED)
exaprod;RECEITA2;CARGA_ETL_RECUPERAR;Tabela para controle pelo ETL para informa  es de carga do legado de documentos e seus pagamentos a partir do AIX (Apenas os Consolidados);54;N;4;COD_IDENTIFICACAO_TRANS;NUMBER;22;Y;0;7;23;0;NO;C digo de Identifica  o da Transmiss o no AIX (Arquivo Banc rio); (: )
exaprod;RECEITA2;CARGA_ETL_RECUPERAR;Tabela para controle pelo ETL para informa  es de carga do legado de documentos e seus pagamentos a partir do AIX (Apenas os Consolidados);54;N;1;COD_IDENTIFICADOR_UNICO;NUMBER;22;N;0;10;54;0;NO;Identificador do Documento Gerado (DAE, GNRE, DAS, ...) replicado do AIX;PK_CARGA_ETL_RECUPERAR (PRIMARY KEY: ENABLED)- SYS_C001564242 (C: ENABLED)
exaprod;RECEITA2;CARGA_ETL_RECUPERAR;Tabela para controle pelo ETL para informa  es de carga do legado de documentos e seus pagamentos a partir do AIX (Apenas os Consolidados);54;N;6;DAT_CARGA_ETL;DATE;7;Y;;8;4;0;NO;Data e hora da carga ETL; (: )
exaprod;RECEITA2;CARGA_ETL_RECUPERAR;Tabela para controle pelo ETL para informa  es de carga do legado de documentos e seus pagamentos a partir do AIX (Apenas os Consolidados);54;N;3;NUM_SEQUENCIAL_ARQUIVO;NUMBER;22;Y;0;5;54;0;NO;N mero sequencial do arquivo; (: )
exaprod;RECEITA2;CARGA_ETL_RECUPERAR;Tabela para controle pelo ETL para informa  es de carga do legado de documentos e seus pagamentos a partir do AIX (Apenas os Consolidados);54;N;5;STA_CARGA_ETL;NUMBER;22;Y;0;3;1;0;NO;Status da carga do registro pelo ETL; (: )
exaprod;RECEITA2;CARGA_ETL_RECUPERAR;Tabela para controle pelo ETL para informa  es de carga do legado de documentos e seus pagamentos a partir do AIX (Apenas os Consolidados);54;N;2;TIP_DOCUMENTO;NUMBER;22;N;0;3;1;0;NO;"Tipo do Documento Gerado:
1 - DAE
2 - GNRE
3 - DAS";SYS_C001564243 (C: ENABLED)
exaprod;RECEITA2;CODIGO_ARRECADACAO;Classificaçao hierárquica das receitas, similar a um plano contábil;5384;N;12;COD_CLASSIFICACAO;NUMBER;22;Y;0;2;4;4607;NO;"Classificação do Código de Arrecadação:
1 - Taxa Administração Direta
2 - Taxa Administração Indireta
3 - Outras Receitas Diretas
4 - Outras Receitas Indiretas"; (: )
exaprod;RECEITA2;CODIGO_ARRECADACAO;Classificaçao hierárquica das receitas, similar a um plano contábil;5384;N;10;COD_PRODUTO_SERVICO;NUMBER;22;Y;0;2;699;4685;NO;Código de produto/serviço vinculado ao Código de Arrecadaçao;FK_PROD_SERV_R_COD_ARREC (FOREIGN KEY: ENABLED)
exaprod;RECEITA2;CODIGO_ARRECADACAO;Classificaçao hierárquica das receitas, similar a um plano contábil;5384;N;6;COD_RECEITA;NUMBER;22;Y;0;3;268;1815;NO;Código da receita SEFAZ vinculada ao Código de Arrecadaçao;FK_COD_REC_R_COD_ARREC (FOREIGN KEY: ENABLED)
exaprod;RECEITA2;CODIGO_ARRECADACAO;Classificaçao hierárquica das receitas, similar a um plano contábil;5384;N;11;COD_REGIME_RECOLHIMENTO;NUMBER;22;Y;0;2;11;2697;NO;Regime de recolhimento vinculado ao Código de Arrecadaçao;FK_REG_REC_R_COD_ARREC (FOREIGN KEY: ENABLED)
exaprod;RECEITA2;CODIGO_ARRECADACAO;Classificaçao hierárquica das receitas, similar a um plano contábil;5384;N;7;COD_SEGMENTO_ECONOMICO;NUMBER;22;Y;0;3;14;2628;NO;Segmento Economico vinculado ao Código de Arrecadaçao;FK_SEGM_ECON_R_COD_ARREC (FOREIGN KEY: ENABLED)
exaprod;RECEITA2;CODIGO_ARRECADACAO;Classificaçao hierárquica das receitas, similar a um plano contábil;5384;N;4;DSC_CODIGO_ARRECADACAO;VARCHAR2;200;N;;23;1076;0;NO;Descriçao do Código de Arrecadaçao;SYS_C001528156 (C: ENABLED)
exaprod;RECEITA2;CODIGO_ARRECADACAO;Classificaçao hierárquica das receitas, similar a um plano contábil;5384;N;3;NUM_CODIGO_ARRECADACAO;NUMBER;22;N;0;13;5384;0;NO;Cadeia numéria que representa o Código de Arrecadaçao;CODIGO_ARRECADACAO_UK1 (UNIQUE: ENABLED)- SYS_C001528155 (C: ENABLED)
exaprod;RECEITA2;CODIGO_ARRECADACAO;Classificaçao hierárquica das receitas, similar a um plano contábil;5384;N;1;SEQ_CODIGO_ARRECADACAO;NUMBER;22;N;0;5;5384;0;NO;Chave sequencial do Código de Arrecadaçao;PK_CODIGO_ARRECADACAO (PRIMARY KEY: ENABLED)- SYS_C001528154 (C: ENABLED)
exaprod;RECEITA2;CODIGO_ARRECADACAO;Classificaçao hierárquica das receitas, similar a um plano contábil;5384;N;2;SEQ_CODIGO_ARRECADACAO_PAI;NUMBER;22;Y;0;4;1728;1;NO;Chave do Código de Arrecadaçao ao qual este é subordinado;FK_COD_ARREC_PAI_R_COD_ARREC (FOREIGN KEY: ENABLED)
exaprod;RECEITA2;CODIGO_ARRECADACAO;Classificaçao hierárquica das receitas, similar a um plano contábil;5384;N;5;STA_ITEM_VALORIZADO;NUMBER;22;N;0;3;2;0;NO;"Indicativo que o item é valorizado (possui um valor específico) ou nao (valor somatório dos itens filhos)
0-Nao
1-Sim";SYS_C001528157 (C: ENABLED)
exaprod;RECEITA2;CODIGO_ARRECADACAO;Classificaçao hierárquica das receitas, similar a um plano contábil;5384;N;8;TIP_RECEITA;NUMBER;22;Y;0;3;1;257;NO;"Tipo de Receita:
1 - DAE/GNRE
2 - Guia de Lançamento (GL)"; (: )
exaprod;RECEITA2;CODIGO_ARRECADACAO;Classificaçao hierárquica das receitas, similar a um plano contábil;5384;N;9;TIP_VALOR;NUMBER;22;Y;0;3;4;1815;NO;"Tipo de valor:
1 - Principal
2 - Multa/Juros Mora
3 - Multa/Juros Penalidade
4 - Total"; (: )
exaprod;RECEITA2;CODIGO_ARRECADACAO_AUD;Tabela de Auditoria de Classificaçao hierárquica das receitas, similar a um plano contábil.;1033;N;14;COD_CLASSIFICACAO;NUMBER;22;Y;0;2;3;747;NO;"Classificação do Código de Arrecadação:
1 - Taxa Administração Direta
2 - Taxa Administração Indireta
3 - Outras Receitas Diretas
4 - Outras Receitas Indiretas"; (: )
exaprod;RECEITA2;CODIGO_ARRECADACAO_AUD;Tabela de Auditoria de Classificaçao hierárquica das receitas, similar a um plano contábil.;1033;N;10;COD_PRODUTO_SERVICO;NUMBER;22;Y;0;2;238;788;NO;Código de produto/serviço vinculado ao Código de Arrecadaçao; (: )
exaprod;RECEITA2;CODIGO_ARRECADACAO_AUD;Tabela de Auditoria de Classificaçao hierárquica das receitas, similar a um plano contábil.;1033;N;6;COD_RECEITA;NUMBER;22;Y;0;4;112;276;NO;Código da receita SEFAZ vinculada ao Código de Arrecadaçao; (: )
exaprod;RECEITA2;CODIGO_ARRECADACAO_AUD;Tabela de Auditoria de Classificaçao hierárquica das receitas, similar a um plano contábil.;1033;N;11;COD_REGIME_RECOLHIMENTO;NUMBER;22;Y;0;2;10;597;NO;Regime de recolhimento vinculado ao Código de Arrecadaçao; (: )
exaprod;RECEITA2;CODIGO_ARRECADACAO_AUD;Tabela de Auditoria de Classificaçao hierárquica das receitas, similar a um plano contábil.;1033;N;7;COD_SEGMENTO_ECONOMICO;NUMBER;22;Y;0;2;14;571;NO;Segmento Economico vinculado ao Código de Arrecadaçao; (: )
exaprod;RECEITA2;CODIGO_ARRECADACAO_AUD;Tabela de Auditoria de Classificaçao hierárquica das receitas, similar a um plano contábil.;1033;N;4;DSC_CODIGO_ARRECADACAO;VARCHAR2;200;N;;29;338;0;NO;Descriçao do Código de Arrecadaçao;SYS_C001528187 (C: ENABLED)
exaprod;RECEITA2;CODIGO_ARRECADACAO_AUD;Tabela de Auditoria de Classificaçao hierárquica das receitas, similar a um plano contábil.;1033;N;3;NUM_CODIGO_ARRECADACAO;NUMBER;22;N;0;12;965;0;NO;Cadeia numéria que representa o Código de Arrecadaçao;SYS_C001528186 (C: ENABLED)
exaprod;RECEITA2;CODIGO_ARRECADACAO_AUD;Tabela de Auditoria de Classificaçao hierárquica das receitas, similar a um plano contábil.;1033;N;12;NUM_REV;NUMBER;22;N;0;5;1033;0;NO;Guarda a sequencia da auditoria;FK_AUDIT_ENTID_R_COD_ARREC_AUD (FOREIGN KEY: ENABLED)- PK_CODIGO_ARRECADACAO_AUD (PRIMARY KEY: ENABLED)- SYS_C001528189 (C: ENABLED)
exaprod;RECEITA2;CODIGO_ARRECADACAO_AUD;Tabela de Auditoria de Classificaçao hierárquica das receitas, similar a um plano contábil.;1033;N;1;SEQ_CODIGO_ARRECADACAO;NUMBER;22;N;0;5;967;0;NO;Chave sequencial do Código de Arrecadaçao;PK_CODIGO_ARRECADACAO_AUD (PRIMARY KEY: ENABLED)- SYS_C001528185 (C: ENABLED)
exaprod;RECEITA2;CODIGO_ARRECADACAO_AUD;Tabela de Auditoria de Classificaçao hierárquica das receitas, similar a um plano contábil.;1033;N;2;SEQ_CODIGO_ARRECADACAO_PAI;NUMBER;22;Y;0;5;339;0;NO;Chave do Código de Arrecadaçaoao qual este é subordinado; (: )
exaprod;RECEITA2;CODIGO_ARRECADACAO_AUD;Tabela de Auditoria de Classificaçao hierárquica das receitas, similar a um plano contábil.;1033;N;5;STA_ITEM_VALORIZADO;NUMBER;22;N;0;3;2;0;NO;"Indicativo que o item é valorizado (possui um valor específico) ou nao (valor somatório dos itens filhos)
0-NA£o
1-Sim";SYS_C001528188 (C: ENABLED)
exaprod;RECEITA2;CODIGO_ARRECADACAO_AUD;Tabela de Auditoria de Classificaçao hierárquica das receitas, similar a um plano contábil.;1033;N;8;TIP_RECEITA;NUMBER;22;Y;0;3;1;273;NO;"Tipo de Receita:
1 - DAE/GNRE
2 - Guia de LanA§amento (GL)"; (: )
exaprod;RECEITA2;CODIGO_ARRECADACAO_AUD;Tabela de Auditoria de Classificaçao hierárquica das receitas, similar a um plano contábil.;1033;N;13;TIP_REVTYPE;NUMBER;22;Y;0;3;2;0;NO;Guarda o tipo da modificaçao.; (: )
exaprod;RECEITA2;CODIGO_ARRECADACAO_AUD;Tabela de Auditoria de Classificaçao hierárquica das receitas, similar a um plano contábil.;1033;N;9;TIP_VALOR;NUMBER;22;Y;0;3;4;273;NO;"Tipo de valor:
1 - Principal
2 - Multa/Juros Mora
3 - Multa/Juros Penalidade
4 - Total"; (: )
exaprod;RECEITA2;CODIGO_RECEITA_GNRE;Relaçao das Receitas definidas no GNRE. As receitas GNRE devem ser mapeadas para os códigos de receita definidos na SEFAZ;11;N;2;COD_RECEITA_GNRE;NUMBER;22;N;0;5;11;0;NO;Código oficial da Receita GNRE;CODIGO_RECEITA_GNRE_UK1 (UNIQUE: ENABLED)- SYS_C001528144 (C: ENABLED)
exaprod;RECEITA2;CODIGO_RECEITA_GNRE;Relaçao das Receitas definidas no GNRE. As receitas GNRE devem ser mapeadas para os códigos de receita definidos na SEFAZ;11;N;3;NOM_RECEITA_GNRE;VARCHAR2;100;N;;39;11;0;NO;Nome da Receita no GNRE;CODIGO_RECEITA_GNRE_UK2 (UNIQUE: ENABLED)- SYS_C001528145 (C: ENABLED)
exaprod;RECEITA2;CODIGO_RECEITA_GNRE;Relaçao das Receitas definidas no GNRE. As receitas GNRE devem ser mapeadas para os códigos de receita definidos na SEFAZ;11;N;1;SEQ_CODIGO_RECEITA_GNRE;NUMBER;22;N;0;3;11;0;NO;Chave sequencial da Receita GNRE;PK_CODIGO_RECEITA_GNRE (PRIMARY KEY: ENABLED)- SYS_C001528143 (C: ENABLED)
exaprod;RECEITA2;CODIGO_RECEITA_GNRE_AUD;Tabela de Auditoria de Relaçao das Receitas definidas no GNRE. As receitas GNRE devem ser mapeadas para os códigos de receita definidos na SEFAZ;9;N;2;COD_RECEITA_GNRE;NUMBER;22;N;0;5;5;0;NO;Código oficial da Receita GNRE;SYS_C001528192 (C: ENABLED)
exaprod;RECEITA2;CODIGO_RECEITA_GNRE_AUD;Tabela de Auditoria de Relaçao das Receitas definidas no GNRE. As receitas GNRE devem ser mapeadas para os códigos de receita definidos na SEFAZ;9;N;3;NOM_RECEITA_GNRE;VARCHAR2;100;N;;23;6;0;NO;Nome da Receita no GNRE;SYS_C001528193 (C: ENABLED)
exaprod;RECEITA2;CODIGO_RECEITA_GNRE_AUD;Tabela de Auditoria de Relaçao das Receitas definidas no GNRE. As receitas GNRE devem ser mapeadas para os códigos de receita definidos na SEFAZ;9;N;4;NUM_REV;NUMBER;22;N;0;5;9;0;NO;Guarda a sequencia da auditoria;FK_AUDIT_ENTID_R_REC_GNRE_AUD (FOREIGN KEY: ENABLED)- PK_CODIGO_RECEITA_GNRE_AUD (PRIMARY KEY: ENABLED)- SYS_C001528194 (C: ENABLED)
exaprod;RECEITA2;CODIGO_RECEITA_GNRE_AUD;Tabela de Auditoria de Relaçao das Receitas definidas no GNRE. As receitas GNRE devem ser mapeadas para os códigos de receita definidos na SEFAZ;9;N;1;SEQ_CODIGO_RECEITA_GNRE;NUMBER;22;N;0;3;5;0;NO;Chave sequencial da Receita GNRE;PK_CODIGO_RECEITA_GNRE_AUD (PRIMARY KEY: ENABLED)- SYS_C001528191 (C: ENABLED)
exaprod;RECEITA2;CODIGO_RECEITA_GNRE_AUD;Tabela de Auditoria de Relaçao das Receitas definidas no GNRE. As receitas GNRE devem ser mapeadas para os códigos de receita definidos na SEFAZ;9;N;5;TIP_REVTYPE;NUMBER;22;Y;0;3;2;0;NO;Guarda o tipo da modificaçao.; (: )
exaprod;RECEITA2;CONTATO_INSTITUICAO;Contato de uma Instituiçao Arrecadadora;2;N;4;DSC_EMAIL_CONTATO;VARCHAR2;100;Y;;25;2;0;NO;Email do contato; (: )
exaprod;RECEITA2;CONTATO_INSTITUICAO;Contato de uma Instituiçao Arrecadadora;2;N;5;DSC_OBSERVACAO;VARCHAR2;500;Y;;0;0;2;NO;Observaçoes sobre o contato, sua funçao e/ou cargo na Instituiçao Arrecadadora, etc; (: )
exaprod;RECEITA2;CONTATO_INSTITUICAO;Contato de uma Instituiçao Arrecadadora;2;N;3;NOM_CONTATO;VARCHAR2;50;N;;23;2;0;NO;Nome do contato;SYS_C001528131 (C: ENABLED)
exaprod;RECEITA2;CONTATO_INSTITUICAO;Contato de uma Instituiçao Arrecadadora;2;N;1;SEQ_CONTATO_INSTITUICAO;NUMBER;22;N;0;3;2;0;NO;Chave sequencial do contato de uma Instituiçao Arrecadadora;PK_CONTATO_INSTITUICAO (PRIMARY KEY: ENABLED)- SYS_C001528129 (C: ENABLED)
exaprod;RECEITA2;CONTATO_INSTITUICAO;Contato de uma Instituiçao Arrecadadora;2;N;2;SEQ_INSTITUICAO_ARRECADADORA;NUMBER;22;N;0;3;2;0;NO;Chave sequencial da Instituiçao Arrecadadora;FK_INST_ARREC_R_CONT_INST (FOREIGN KEY: ENABLED)- SYS_C001528130 (C: ENABLED)
exaprod;RECEITA2;CONTATO_INSTITUICAO_AUD;Tabela de Auditoria de Contatos de uma Instituiçao Arrecadadora.;2;N;4;DSC_EMAIL_CONTATO;VARCHAR2;100;Y;;25;2;0;NO;Email do contato; (: )
exaprod;RECEITA2;CONTATO_INSTITUICAO_AUD;Tabela de Auditoria de Contatos de uma Instituiçao Arrecadadora.;2;N;5;DSC_OBSERVACAO;VARCHAR2;500;Y;;0;0;2;NO;Observaçoes sobre o contato, sua funçao e/ou cargo na Instituiçao Arrecadadora, etc; (: )
exaprod;RECEITA2;CONTATO_INSTITUICAO_AUD;Tabela de Auditoria de Contatos de uma Instituiçao Arrecadadora.;2;N;3;NOM_CONTATO;VARCHAR2;50;N;;23;2;0;NO;Nome do contato;SYS_C001528198 (C: ENABLED)
exaprod;RECEITA2;CONTATO_INSTITUICAO_AUD;Tabela de Auditoria de Contatos de uma Instituiçao Arrecadadora.;2;N;6;NUM_REV;NUMBER;22;N;0;5;2;0;NO;Guarda a sequencia da auditoria;FK_AUDIT_ENTID_R_CONT_INST_AUD (FOREIGN KEY: ENABLED)- PK_CONTATO_INSTITUICAO_AUD (PRIMARY KEY: ENABLED)- SYS_C001528199 (C: ENABLED)
exaprod;RECEITA2;CONTATO_INSTITUICAO_AUD;Tabela de Auditoria de Contatos de uma Instituiçao Arrecadadora.;2;N;1;SEQ_CONTATO_INSTITUICAO;NUMBER;22;N;0;3;2;0;NO;Chave sequencial do contato de uma Instituiçao Arrecadadora;PK_CONTATO_INSTITUICAO_AUD (PRIMARY KEY: ENABLED)- SYS_C001528196 (C: ENABLED)
exaprod;RECEITA2;CONTATO_INSTITUICAO_AUD;Tabela de Auditoria de Contatos de uma Instituiçao Arrecadadora.;2;N;2;SEQ_INSTITUICAO_ARRECADADORA;NUMBER;22;N;0;3;2;0;NO;Chave sequencial da Instituiçao Arrecadadora;SYS_C001528197 (C: ENABLED)
exaprod;RECEITA2;CONTATO_INSTITUICAO_AUD;Tabela de Auditoria de Contatos de uma Instituiçao Arrecadadora.;2;N;7;TIP_REVTYPE;NUMBER;22;Y;0;2;1;0;NO;Guarda o tipo da modificaçao.; (: )
exaprod;RECEITA2;CONTATO_ORGAO_EMISSOR;Contato de uma Órgao Emissor de documento arrecadatório;26;N;4;DSC_EMAIL_CONTATO;VARCHAR2;100;Y;;29;23;1;NO;Email do contato; (: )
exaprod;RECEITA2;CONTATO_ORGAO_EMISSOR;Contato de uma Órgao Emissor de documento arrecadatório;26;N;5;DSC_OBSERVACAO;VARCHAR2;500;Y;;25;11;15;NO;Observaçoes sobre o contato, sua funçao e/ou cargo no Órgao Emissor, etc; (: )
exaprod;RECEITA2;CONTATO_ORGAO_EMISSOR;Contato de uma Órgao Emissor de documento arrecadatório;26;N;3;NOM_CONTATO;VARCHAR2;50;N;;18;24;0;NO;Nome do contato;SYS_C001528169 (C: ENABLED)
exaprod;RECEITA2;CONTATO_ORGAO_EMISSOR;Contato de uma Órgao Emissor de documento arrecadatório;26;N;1;SEQ_CONTATO_ORGAO_EMISSOR;NUMBER;22;N;0;3;26;0;NO;Chave sequencial do contato de um Órgao Emissor;PK_CONTATO_ORGAO_EMISSOR (PRIMARY KEY: ENABLED)- SYS_C001528167 (C: ENABLED)
exaprod;RECEITA2;CONTATO_ORGAO_EMISSOR;Contato de uma Órgao Emissor de documento arrecadatório;26;N;2;SEQ_ORGAO_EMISSOR_DAE;NUMBER;22;N;0;4;26;0;NO;Chave sequencial do Órgao Emissor;FK_ORG_EMI_DAE_R_CONT_ORG_EMI (FOREIGN KEY: ENABLED)- SYS_C001528168 (C: ENABLED)
exaprod;RECEITA2;CONTATO_ORGAO_EMISSOR_AUD;Tabela de Auditoria de Contato de uma Órgao o Emissor de documento arrecadatário.;34;N;4;DSC_EMAIL_CONTATO;VARCHAR2;100;Y;;28;25;3;NO;Email do contato; (: )
exaprod;RECEITA2;CONTATO_ORGAO_EMISSOR_AUD;Tabela de Auditoria de Contato de uma Órgao o Emissor de documento arrecadatário.;34;N;5;DSC_OBSERVACAO;VARCHAR2;500;Y;;24;15;19;NO;Observaçoes sobre o contato, sua funçao e/ou cargo no Órgao Emissor, etc; (: )
exaprod;RECEITA2;CONTATO_ORGAO_EMISSOR_AUD;Tabela de Auditoria de Contato de uma Órgao o Emissor de documento arrecadatário.;34;N;3;NOM_CONTATO;VARCHAR2;50;N;;18;26;0;NO;Nome do contato;SYS_C001528206 (C: ENABLED)
exaprod;RECEITA2;CONTATO_ORGAO_EMISSOR_AUD;Tabela de Auditoria de Contato de uma Órgao o Emissor de documento arrecadatário.;34;N;6;NUM_REV;NUMBER;22;N;0;6;33;0;NO;Guarda a sequencia da auditoria;FK_AUDIT_ENTID_R_CONT_ORG_AUD (FOREIGN KEY: ENABLED)- PK_CONTATO_ORGAO_EMISSOR_AUD (PRIMARY KEY: ENABLED)- SYS_C001528207 (C: ENABLED)
exaprod;RECEITA2;CONTATO_ORGAO_EMISSOR_AUD;Tabela de Auditoria de Contato de uma Órgao o Emissor de documento arrecadatário.;34;N;1;SEQ_CONTATO_ORGAO_EMISSOR;NUMBER;22;N;0;3;27;0;NO;Chave sequencial do contato de um Órgao Emissor;PK_CONTATO_ORGAO_EMISSOR_AUD (PRIMARY KEY: ENABLED)- SYS_C001528204 (C: ENABLED)
exaprod;RECEITA2;CONTATO_ORGAO_EMISSOR_AUD;Tabela de Auditoria de Contato de uma Órgao o Emissor de documento arrecadatário.;34;N;2;SEQ_ORGAO_EMISSOR_DAE;NUMBER;22;N;0;4;26;0;NO;Chave sequencial do Órgao Emissor;SYS_C001528205 (C: ENABLED)
exaprod;RECEITA2;CONTATO_ORGAO_EMISSOR_AUD;Tabela de Auditoria de Contato de uma Órgao o Emissor de documento arrecadatário.;34;N;7;TIP_REVTYPE;NUMBER;22;Y;0;3;3;0;NO;Guarda o tipo da modificaçao.; (: )
exaprod;RECEITA2;DAS;Mantém as especificidades do documento DAS.;74883240;N;3;COD_ESFERA_RECEITA;NUMBER;22;Y;0;2;1;61106932;NO;"Código da esfera da Receita:
1 - Estadual
2 - Municipal";CKC_COD_ESFERA_RECEITA_DAS (C: ENABLED)
exaprod;RECEITA2;DAS;Mantém as especificidades do documento DAS.;74883240;N;5;COD_PRF_AGE_ARRECADADOR;VARCHAR2;4;Y;;2;6288;61106932;NO;Prefixo da agência arrecadadora; (: )
exaprod;RECEITA2;DAS;Mantém as especificidades do documento DAS.;74883240;N;4;COD_SIAFI;NUMBER;22;Y;0;2;1;67343694;NO;Código do SIAFI do municipio/estado; (: )
exaprod;RECEITA2;DAS;Mantém as especificidades do documento DAS.;74883240;N;2;SEQ_BANCO;NUMBER;22;Y;0;4;19;0;NO;Código do banco arrecadador do Documento;FK_BANCO_R_DAS (FOREIGN KEY: ENABLED)
exaprod;RECEITA2;DAS;Mantém as especificidades do documento DAS.;74883240;N;1;SEQ_DOCUMENTO_GERADO;NUMBER;22;N;0;7;74883240;0;NO;Chave sequencial do Documento Gerado do tipo DAS;FK_DOC_GERADO_R_DAS (FOREIGN KEY: ENABLED)- PK_DAS (PRIMARY KEY: ENABLED)- SYS_C001528320 (C: ENABLED)
exaprod;RECEITA2;DEST_ESPECIAL_DESTINO;Relaciona os Códigos de Arrecadaçao a que se destinam os valores classificados em uma regra de Destinaçao Especial;86;N;5;COD_CNPJ_DESTINO;NUMBER;22;Y;0;9;21;0;NO;CNPJ do órgao que receberá, no plano de contas do Estado, o valor da Destinaçao Especial;FK_ORG_DEST_ESP_R_DEST_ESP_DES (FOREIGN KEY: ENABLED)
exaprod;RECEITA2;DEST_ESPECIAL_DESTINO;Relaciona os Códigos de Arrecadaçao a que se destinam os valores classificados em uma regra de Destinaçao Especial;86;N;6;COD_CNPJ_DESTINO_A;VARCHAR2;14;Y;;15;21;0;NO;CNPJ no formato alfanumerico conforme o novo padrao; (: )
exaprod;RECEITA2;DEST_ESPECIAL_DESTINO;Relaciona os Códigos de Arrecadaçao a que se destinam os valores classificados em uma regra de Destinaçao Especial;86;N;3;SEQ_CODIGO_ARRECADACAO_DESTINO;NUMBER;22;N;0;5;84;0;NO;Chave sequencial do Código de Arrecadaçao que receberá um percentual de um valor classificado em uma regra de Destinaçao Especial;FK_COD_ARREC_R_DEST_ESP_DES (FOREIGN KEY: ENABLED)- SYS_C001528458 (C: ENABLED)
exaprod;RECEITA2;DEST_ESPECIAL_DESTINO;Relaciona os Códigos de Arrecadaçao a que se destinam os valores classificados em uma regra de Destinaçao Especial;86;N;1;SEQ_DEST_ESPECIAL_DESTINO;NUMBER;22;N;0;4;86;0;NO;Chave sequencial do registro de Código de Arrecadaçao de destino;PK_DEST_ESPECIAL_DESTINO (PRIMARY KEY: ENABLED)- SYS_C001528456 (C: ENABLED)
exaprod;RECEITA2;DEST_ESPECIAL_DESTINO;Relaciona os Códigos de Arrecadaçao a que se destinam os valores classificados em uma regra de Destinaçao Especial;86;N;2;SEQ_DEST_ESPECIAL_ORIGEM;NUMBER;22;N;0;3;51;0;NO;Chave sequencial da regra de de Destinaçao Especial;FK_DEST_ESP_ORI_R_DEST_ESP_DES (FOREIGN KEY: ENABLED)- SYS_C001528457 (C: ENABLED)
exaprod;RECEITA2;DEST_ESPECIAL_DESTINO;Relaciona os Códigos de Arrecadaçao a que se destinam os valores classificados em uma regra de Destinaçao Especial;86;N;4;VLR_PERCENTUAL_DESTINO;NUMBER;22;N;2;4;24;0;NO;Percentual a ser destinado ao Código de Arrecadaçao;SYS_C001528459 (C: ENABLED)
exaprod;RECEITA2;DEST_ESPECIAL_ORIGEM;Durante o processo de classificaçao da arrecadaçao dos Pagamentos Recebidos, os valores recebidos que sao classificados para alguns Códigos de Arrecadaçao específicos devem ser redirecionados ou divididos para 1 ou mais Códigos de Arrecadaçao (Destinaçao Especial). Nesta tabela estao os Códigos de Arrecadaçao cujos valores sao redirecionados ou divididos;49;N;4;DAT_FINAL_VIGENCIA;DATE;7;Y;;2;1;48;NO;Fim da vigência dessa Destinaçao Especial; (: )
exaprod;RECEITA2;DEST_ESPECIAL_ORIGEM;Durante o processo de classificaçao da arrecadaçao dos Pagamentos Recebidos, os valores recebidos que sao classificados para alguns Códigos de Arrecadaçao específicos devem ser redirecionados ou divididos para 1 ou mais Códigos de Arrecadaçao (Destinaçao Especial). Nesta tabela estao os Códigos de Arrecadaçao cujos valores sao redirecionados ou divididos;49;N;3;DAT_INICIAL_VIGENCIA;DATE;7;N;;8;10;0;NO;Início da vigência dessa Destinaçao Especial;SYS_C001528464 (C: ENABLED)
exaprod;RECEITA2;DEST_ESPECIAL_ORIGEM;Durante o processo de classificaçao da arrecadaçao dos Pagamentos Recebidos, os valores recebidos que sao classificados para alguns Códigos de Arrecadaçao específicos devem ser redirecionados ou divididos para 1 ou mais Códigos de Arrecadaçao (Destinaçao Especial). Nesta tabela estao os Códigos de Arrecadaçao cujos valores sao redirecionados ou divididos;49;N;5;DSC_OBSERVACAO;VARCHAR2;300;N;;45;27;0;NO;Observaçoes sobre a razao ou base legal dessa Destinaçao Especial;SYS_C001528465 (C: ENABLED)
exaprod;RECEITA2;DEST_ESPECIAL_ORIGEM;Durante o processo de classificaçao da arrecadaçao dos Pagamentos Recebidos, os valores recebidos que sao classificados para alguns Códigos de Arrecadaçao específicos devem ser redirecionados ou divididos para 1 ou mais Códigos de Arrecadaçao (Destinaçao Especial). Nesta tabela estao os Códigos de Arrecadaçao cujos valores sao redirecionados ou divididos;49;N;2;SEQ_CODIGO_ARRECADACAO_ORIGEM;NUMBER;22;N;0;5;48;0;NO;Chave sequencial do Código de Arrecadaçao cujo valor classificado será redirecionado ou dividido;FK_COD_ARREC_R_DEST_ESP_ORI (FOREIGN KEY: ENABLED)- SYS_C001528463 (C: ENABLED)
exaprod;RECEITA2;DEST_ESPECIAL_ORIGEM;Durante o processo de classificaçao da arrecadaçao dos Pagamentos Recebidos, os valores recebidos que sao classificados para alguns Códigos de Arrecadaçao específicos devem ser redirecionados ou divididos para 1 ou mais Códigos de Arrecadaçao (Destinaçao Especial). Nesta tabela estao os Códigos de Arrecadaçao cujos valores sao redirecionados ou divididos;49;N;1;SEQ_DEST_ESPECIAL_ORIGEM;NUMBER;22;N;0;3;49;0;NO;Chave sequencial da regra de de Destinaçao Especial;PK_DEST_ESPECIAL_ORIGEM (PRIMARY KEY: ENABLED)- SYS_C001528462 (C: ENABLED)
exaprod;RECEITA2;DETALHE_RECEITA_GNRE;Detalhe de uma receita GNRE, definida no Portal GNRE;1;N;1;COD_DETALHE_RECEITA_GNRE;VARCHAR2;6;N;;7;1;0;NO;Código do detalhamento da receita GNRE;PK_DETALHE_RECEITA_GNRE (PRIMARY KEY: ENABLED)- SYS_C001528422 (C: ENABLED)
exaprod;RECEITA2;DETALHE_RECEITA_GNRE;Detalhe de uma receita GNRE, definida no Portal GNRE;1;N;2;DSC_DETALHE_RECEITA_GNRE;VARCHAR2;300;N;;33;1;0;NO;Descriçao do detalhamento da Receita GNRE;SYS_C001528423 (C: ENABLED)
exaprod;RECEITA2;DOCUMENTO_CONTABIL;Pagamentos Recebidos vinculados ao Lançamento Contábil;0;N;1;SEQ_DOCUMENTO_CONTABIL;NUMBER;22;N;0;0;0;0;NO;Sequencial do documento que compoe o lançamento contábil;PK_DOCUMENTO_CONTABIL (PRIMARY KEY: ENABLED)- SYS_C001528479 (C: ENABLED)
exaprod;RECEITA2;DOCUMENTO_CONTABIL;Pagamentos Recebidos vinculados ao Lançamento Contábil;0;N;2;SEQ_LANCAMENTO_CONTABIL;NUMBER;22;N;0;0;0;0;NO;Sequencial do lançamento contábil gerado pelo Receita;FK_LANC_CONT_R_DOC_CONT (FOREIGN KEY: ENABLED)- SYS_C001528480 (C: ENABLED)
exaprod;RECEITA2;DOCUMENTO_CONTABIL;Pagamentos Recebidos vinculados ao Lançamento Contábil;0;N;3;SEQ_PAG_DOC_ARRECADACAO;NUMBER;22;N;0;0;0;0;NO;Sequencial da classificaçao de arrecadaçao do pagamento recebido;FK_PAG_DOC_ARR_R_DOC_CONT (FOREIGN KEY: ENABLED)- SYS_C001528481 (C: ENABLED)
exaprod;RECEITA2;DOCUMENTO_CONTABIL_SIAFE;Pagamentos Recebidos vinculados ao Lançamento Contábil (lote).;6373837400;N;5;COD_IDENTIFICADOR_UNICO;NUMBER;22;Y;0;10;98680832;584420;NO;Código Identificador Único do Documento Gerado (Conhecido como Nosso Número). É relacionado a um registro de pagamento através do campo PAGAMENTO_RECEBIDO.NUM_CODIGO_BARRA; (: )
exaprod;RECEITA2;DOCUMENTO_CONTABIL_SIAFE;Pagamentos Recebidos vinculados ao Lançamento Contábil (lote).;6373837400;N;1;SEQ_DOCUMENTO_CONTABIL_SIAFE;NUMBER;22;N;0;7;6373837400;0;NO;Sequencial do documento que compõe o lançamento contábil;PK_DOCUMENTO_CONTABIL_SIAFE (PRIMARY KEY: ENABLED)- SYS_C001544186 (C: ENABLED)
exaprod;RECEITA2;DOCUMENTO_CONTABIL_SIAFE;Pagamentos Recebidos vinculados ao Lançamento Contábil (lote).;6373837400;N;2;SEQ_LANCAMENTO_CONTABIL_SIAFE;NUMBER;22;N;0;6;5160448;0;NO;"Sequencial do lançamento contábil gerado pelo Receita. Esse é o campo ""Número do Lote"" para o SIAFE.";FK_LANC_CONT_SI_R_DOC_CONT_SI (FOREIGN KEY: ENABLED)- SYS_C001544187 (C: ENABLED)
exaprod;RECEITA2;DOCUMENTO_CONTABIL_SIAFE;Pagamentos Recebidos vinculados ao Lançamento Contábil (lote).;6373837400;N;3;SEQ_PAG_DOC_DESTINACAO;NUMBER;22;N;0;7;6373837400;0;NO;Sequencial do rateio de destinação do pagamento recebido;FK_PAG_DOC_DES_R_DOC_CONT_SI (FOREIGN KEY: ENABLED)- SYS_C001544962 (C: ENABLED)
exaprod;RECEITA2;DOCUMENTO_CONTABIL_SIAFE;Pagamentos Recebidos vinculados ao Lançamento Contábil (lote).;6373837400;N;4;VLR_DESTINACAO;NUMBER;22;N;2;3;1142272;0;NO;Valor classificado destinado para o Órgão e Município;SYS_C001544963 (C: ENABLED)
exaprod;RECEITA2;DOCUMENTO_GERADO;Mantém os Documentos Gerados de Receita, de acordo com o informado pelos sistemas clientes do Sistema RECEITA (DAS - DAE - GNRE);325348716;N;25;COD_CNPJ_CPF_OUTROS;NUMBER;22;Y;0;8;7824384;38758235;NO;Código de CNPJ, CPF ou Outros que identifique a pessoa (Para Documento Gerado do tipo DAE); (: )
exaprod;RECEITA2;DOCUMENTO_GERADO;Mantém os Documentos Gerados de Receita, de acordo com o informado pelos sistemas clientes do Sistema RECEITA (DAS - DAE - GNRE);325348716;N;42;COD_CNPJ_CPF_OUTROS_A;VARCHAR2;14;Y;;12;8046592;38758223;NO;CNPJ no formato alfanumerico conforme o novo padrao; (: )
exaprod;RECEITA2;DOCUMENTO_GERADO;Mantém os Documentos Gerados de Receita, de acordo com o informado pelos sistemas clientes do Sistema RECEITA (DAS - DAE - GNRE);325348716;N;36;COD_CNPJ_ORGAO_EMISSOR;NUMBER;22;Y;0;2;37;306678113;NO;CNPJ do Órgão responsável pela emissão do Documento Gerado; (: )
exaprod;RECEITA2;DOCUMENTO_GERADO;Mantém os Documentos Gerados de Receita, de acordo com o informado pelos sistemas clientes do Sistema RECEITA (DAS - DAE - GNRE);325348716;N;43;COD_CNPJ_ORGAO_EMISSOR_A;VARCHAR2;14;Y;;2;37;306678113;NO;CNPJ no formato alfanumerico conforme o novo padrao; (: )
exaprod;RECEITA2;DOCUMENTO_GERADO;Mantém os Documentos Gerados de Receita, de acordo com o informado pelos sistemas clientes do Sistema RECEITA (DAS - DAE - GNRE);325348716;N;29;COD_EMISSOR;NUMBER;22;Y;0;3;63;0;NO;Código do Emissor cadastrado;FK_EMI_DOC_ARREC_R_DOC_GERADO (FOREIGN KEY: ENABLED)
exaprod;RECEITA2;DOCUMENTO_GERADO;Mantém os Documentos Gerados de Receita, de acordo com o informado pelos sistemas clientes do Sistema RECEITA (DAS - DAE - GNRE);325348716;N;3;COD_IDENTIFICADOR_UNICO;NUMBER;22;N;0;10;325348716;0;NO;Código Identificador Único do Documento Gerado (Conhecido como Nosso Número). É relacionado a um registro de pagamento através do campo PAGAMENTO_RECEBIDO.NUM_CODIGO_BARRA;DOCUMENTO_GERADO_UK1 (UNIQUE: ENABLED)- SYS_C001555005 (C: ENABLED)
exaprod;RECEITA2;DOCUMENTO_GERADO;Mantém os Documentos Gerados de Receita, de acordo com o informado pelos sistemas clientes do Sistema RECEITA (DAS - DAE - GNRE);325348716;N;33;COD_MATRICULA_USUARIO;VARCHAR2;8;Y;;2;2143;300848522;NO;Matrícula do usuário que emitiu o DAE. Usado somente nos casos de sistemas da Intranet (Para Documento Gerado do tipo DAE); (: )
exaprod;RECEITA2;DOCUMENTO_GERADO;Mantém os Documentos Gerados de Receita, de acordo com o informado pelos sistemas clientes do Sistema RECEITA (DAS - DAE - GNRE);325348716;N;26;COD_MUNICIPIO;NUMBER;22;Y;0;4;2135;28514562;NO;Código de município (Para Documento Gerado do tipo DAE);CKT_DOCUMENTO_GERADO (C: ENABLED)- FK_MUNICIPIO_R_DOC_GERADO (FOREIGN KEY: ENABLED)
exaprod;RECEITA2;DOCUMENTO_GERADO;Mantém os Documentos Gerados de Receita, de acordo com o informado pelos sistemas clientes do Sistema RECEITA (DAS - DAE - GNRE);325348716;N;28;COD_ORGAO_LOCAL;NUMBER;22;Y;0;2;147;303535325;NO;Órgao Local de emissao do DAE (Para Documento Gerado do tipo DAE);FK_ORGAO_LOCAL_R_DOC_GERADO (FOREIGN KEY: ENABLED)
exaprod;RECEITA2;DOCUMENTO_GERADO;Mantém os Documentos Gerados de Receita, de acordo com o informado pelos sistemas clientes do Sistema RECEITA (DAS - DAE - GNRE);325348716;N;35;COD_PIX_LOCATION;VARCHAR2;77;Y;;27;132190993;193157723;NO;Payload location de uma cobrança gerada via PIX.; (: )
exaprod;RECEITA2;DOCUMENTO_GERADO;Mantém os Documentos Gerados de Receita, de acordo com o informado pelos sistemas clientes do Sistema RECEITA (DAS - DAE - GNRE);325348716;N;4;COD_PRODUTO_SERVICO;NUMBER;22;Y;0;3;684;223428260;NO;Código do Produto/Serviço vinculado ao Documento Gerado;FK_PROD_SERV_R_DOC_GERADO (FOREIGN KEY: ENABLED)
exaprod;RECEITA2;DOCUMENTO_GERADO;Mantém os Documentos Gerados de Receita, de acordo com o informado pelos sistemas clientes do Sistema RECEITA (DAS - DAE - GNRE);325348716;N;5;COD_RECEITA;NUMBER;22;N;0;4;253;0;NO;Código da Receita do Documento Gerado;FK_COD_REC_R_DOC_GERADO (FOREIGN KEY: ENABLED)- SYS_C001555006 (C: ENABLED)
exaprod;RECEITA2;DOCUMENTO_GERADO;Mantém os Documentos Gerados de Receita, de acordo com o informado pelos sistemas clientes do Sistema RECEITA (DAS - DAE - GNRE);325348716;N;27;COD_UF;NUMBER;22;Y;0;3;29;28514562;NO;Código de UF (Para Documento Gerado do tipo DAE);CKT_DOCUMENTO_GERADO (C: ENABLED)- FK_MUNICIPIO_R_DOC_GERADO (FOREIGN KEY: ENABLED)
exaprod;RECEITA2;DOCUMENTO_GERADO;Mantém os Documentos Gerados de Receita, de acordo com o informado pelos sistemas clientes do Sistema RECEITA (DAS - DAE - GNRE);325348716;N;39;DAT_ATUALIZACAO_REGISTRO;DATE;7;Y;;8;808000;0;NO;Data de atualização do registro, via trigger, para uso de carga para a Nuvem; (: )
exaprod;RECEITA2;DOCUMENTO_GERADO;Mantém os Documentos Gerados de Receita, de acordo com o informado pelos sistemas clientes do Sistema RECEITA (DAS - DAE - GNRE);325348716;N;38;DAT_CARGA_ETL;DATE;7;Y;;8;28764160;0;NO;Data de criação do registro, para uso de carga para a Nuvem; (: )
exaprod;RECEITA2;DOCUMENTO_GERADO;Mantém os Documentos Gerados de Receita, de acordo com o informado pelos sistemas clientes do Sistema RECEITA (DAS - DAE - GNRE);325348716;N;31;DAT_CONFIRMACAO_AIX;DATE;7;Y;;7;21628928;64445043;NO;Horário em que o registro foi confirmado pelo AIX; (: )
exaprod;RECEITA2;DOCUMENTO_GERADO;Mantém os Documentos Gerados de Receita, de acordo com o informado pelos sistemas clientes do Sistema RECEITA (DAS - DAE - GNRE);325348716;N;9;DAT_EMISSAO;DATE;7;N;;8;61513728;0;NO;Data de emissao do Documento Gerado;SYS_C001555007 (C: ENABLED)
exaprod;RECEITA2;DOCUMENTO_GERADO;Mantém os Documentos Gerados de Receita, de acordo com o informado pelos sistemas clientes do Sistema RECEITA (DAS - DAE - GNRE);325348716;N;30;DAT_ENVIO_AIX;DATE;7;Y;;7;21633024;64384366;NO;Horário em que o registro foi enviado para o AIX; (: )
exaprod;RECEITA2;DOCUMENTO_GERADO;Mantém os Documentos Gerados de Receita, de acordo com o informado pelos sistemas clientes do Sistema RECEITA (DAS - DAE - GNRE);325348716;N;12;DAT_VALIDADE;DATE;7;N;;8;427680;0;NO;Data de validade do Documento Gerado;SYS_C001555008 (C: ENABLED)
exaprod;RECEITA2;DOCUMENTO_GERADO;Mantém os Documentos Gerados de Receita, de acordo com o informado pelos sistemas clientes do Sistema RECEITA (DAS - DAE - GNRE);325348716;N;13;DAT_VENCIMENTO;DATE;7;N;;8;282144;0;NO;Data de vencimento do Documento Gerado;SYS_C001555009 (C: ENABLED)
exaprod;RECEITA2;DOCUMENTO_GERADO;Mantém os Documentos Gerados de Receita, de acordo com o informado pelos sistemas clientes do Sistema RECEITA (DAS - DAE - GNRE);325348716;N;20;DSC_IDENTIFICACAO_CONTRIBUINTE;VARCHAR2;300;Y;;54;25528320;58093023;NO;Identificaçao do Contribuinte conforme é informado no Documento Gerado; (: )
exaprod;RECEITA2;DOCUMENTO_GERADO;Mantém os Documentos Gerados de Receita, de acordo com o informado pelos sistemas clientes do Sistema RECEITA (DAS - DAE - GNRE);325348716;N;21;DSC_INFORMACAO_COMPLEMENTAR;VARCHAR2;500;Y;;78;110616576;133363406;NO;Informaçao complementar do Documento Gerado; (: )
exaprod;RECEITA2;DOCUMENTO_GERADO;Mantém os Documentos Gerados de Receita, de acordo com o informado pelos sistemas clientes do Sistema RECEITA (DAS - DAE - GNRE);325348716;N;11;NUM_ANO_REFERENCIA;NUMBER;22;Y;0;4;268;32457184;NO;Ano de referência do Documento Gerado; (: )
exaprod;RECEITA2;DOCUMENTO_GERADO;Mantém os Documentos Gerados de Receita, de acordo com o informado pelos sistemas clientes do Sistema RECEITA (DAS - DAE - GNRE);325348716;N;6;NUM_CODIGO_BARRA;VARCHAR2;48;Y;;48;317698407;7650309;NO;Número do Código de Barras do Documento Gerado; (: )
exaprod;RECEITA2;DOCUMENTO_GERADO;Mantém os Documentos Gerados de Receita, de acordo com o informado pelos sistemas clientes do Sistema RECEITA (DAS - DAE - GNRE);325348716;N;7;NUM_DOCUMENTO;NUMBER;22;Y;0;3;33931264;143831322;NO;Número do Documento Gerado; (: )
exaprod;RECEITA2;DOCUMENTO_GERADO;Mantém os Documentos Gerados de Receita, de acordo com o informado pelos sistemas clientes do Sistema RECEITA (DAS - DAE - GNRE);325348716;N;37;NUM_DOCUMENTO_TXT;VARCHAR2;50;Y;;4;34353152;143831401;NO;Número do Documento Gerado, o documento associado no sistema originário do DAE, em formato texto; (: )
exaprod;RECEITA2;DOCUMENTO_GERADO;Mantém os Documentos Gerados de Receita, de acordo com o informado pelos sistemas clientes do Sistema RECEITA (DAS - DAE - GNRE);325348716;N;10;NUM_MES_REFERENCIA;NUMBER;22;Y;0;3;13;34024617;NO;Mês de referência do Documento Gerado;CKC_NUM_MES_REF_DOC_GER (C: ENABLED)
exaprod;RECEITA2;DOCUMENTO_GERADO;Mantém os Documentos Gerados de Receita, de acordo com o informado pelos sistemas clientes do Sistema RECEITA (DAS - DAE - GNRE);325348716;N;8;NUM_PARCELA;NUMBER;22;Y;0;2;245;94625101;NO;Número de parcelas do Documento Gerado; (: )
exaprod;RECEITA2;DOCUMENTO_GERADO;Mantém os Documentos Gerados de Receita, de acordo com o informado pelos sistemas clientes do Sistema RECEITA (DAS - DAE - GNRE);325348716;N;2;SEQ_CONTRIBUINTE;NUMBER;22;Y;0;2;654336;263750590;NO;Identificador Contribuinte responsável por pagar o documento de receita gerado;FK_CONTRIBUINTE_R_DOC_GERADO (FOREIGN KEY: ENABLED)
exaprod;RECEITA2;DOCUMENTO_GERADO;Mantém os Documentos Gerados de Receita, de acordo com o informado pelos sistemas clientes do Sistema RECEITA (DAS - DAE - GNRE);325348716;N;1;SEQ_DOCUMENTO_GERADO;NUMBER;22;N;0;7;325348716;0;NO;Chave sequencial do Documento Gerado. Enquanto o novo RECEITA2 conviver com o legado RECEITA AIX/ORACLE, o sequencial será a sequence compartilhada RECEITA.SQ_DAE_EMITIDO. Quando a convivência acabar, será mantida a sequence RECEITA2.SQ_DOCUMENTO_GERADO;PK_DOCUMENTO_GERADO (PRIMARY KEY: ENABLED)- SYS_C001555004 (C: ENABLED)
exaprod;RECEITA2;DOCUMENTO_GERADO;Mantém os Documentos Gerados de Receita, de acordo com o informado pelos sistemas clientes do Sistema RECEITA (DAS - DAE - GNRE);325348716;N;34;STA_ETL;NUMBER;22;Y;0;2;1;238193181;NO;Campo de controle para cargas da ferramenta ETL. Se estiver NULL, o registro não foi manipulado pelo ETL.; (: )
exaprod;RECEITA2;DOCUMENTO_GERADO;Mantém os Documentos Gerados de Receita, de acordo com o informado pelos sistemas clientes do Sistema RECEITA (DAS - DAE - GNRE);325348716;N;32;STA_FLAG_INSERT;NUMBER;22;Y;0;3;2;0;NO;; (: )
exaprod;RECEITA2;DOCUMENTO_GERADO;Mantém os Documentos Gerados de Receita, de acordo com o informado pelos sistemas clientes do Sistema RECEITA (DAS - DAE - GNRE);325348716;N;24;TIP_CNPJ_CPF_OUTROS;NUMBER;22;Y;0;3;4;2236;NO;"Tipos de identificação do responsável pelo pagamento do Documento Gerado:
1 - CGF (Contribuinte de ICMS)
2 - CNPJ
3 - CPF
4 - OUTROS

Mudança de modelagem. Quando o TIP_CNPJ_CPF_OUTROS = 1, SEQ_CONTRIBUINTE é preenchido e COD_CNPJ_CPF_OUTROS é NULL. Nos demais casos, SEQ_CONTRIBUINTE é NULL e COD_CNPJ_CPF_OUTROS é preenchido.";CKC_TIP_DOC_CONTR_DOC_GER (C: ENABLED)
exaprod;RECEITA2;DOCUMENTO_GERADO;Mantém os Documentos Gerados de Receita, de acordo com o informado pelos sistemas clientes do Sistema RECEITA (DAS - DAE - GNRE);325348716;N;22;TIP_DOCUMENTO_GERADO;NUMBER;22;N;0;3;3;0;NO;"Tipo de Documento Gerado:
1 - DAE
2 - GNRE
3 - DAS";CKC_TIP_DOC_GERADO_DOC_GERADO (C: ENABLED)- SYS_C001555010 (C: ENABLED)
exaprod;RECEITA2;DOCUMENTO_GERADO;Mantém os Documentos Gerados de Receita, de acordo com o informado pelos sistemas clientes do Sistema RECEITA (DAS - DAE - GNRE);325348716;N;23;TIP_DOCUMENTO_ORIGEM;NUMBER;22;Y;0;2;17;273787294;NO;Tipo de documento original (vindo de um sistema cliente do RECEITA) a partir do qual foi criado o Documento Gerado;FK_TIPO_DOC_R_DOC_GERADO (FOREIGN KEY: ENABLED)
exaprod;RECEITA2;DOCUMENTO_GERADO;Mantém os Documentos Gerados de Receita, de acordo com o informado pelos sistemas clientes do Sistema RECEITA (DAS - DAE - GNRE);325348716;N;18;VLR_ATUALIZACAO_MULTA;NUMBER;22;Y;2;2;32762;83830071;NO;Se refere ao valor de atualizaçao da multa. Usado pelo COPAF em alguns casos de REFIS; (: )
exaprod;RECEITA2;DOCUMENTO_GERADO;Mantém os Documentos Gerados de Receita, de acordo com o informado pelos sistemas clientes do Sistema RECEITA (DAS - DAE - GNRE);325348716;N;19;VLR_ATUALIZACAO_PRINCIPAL;NUMBER;22;Y;2;2;449088;83830071;NO;Se refere ao valor de atualizaçao do valor principal. Usado pelo COPAF em alguns casos de REFIS; (: )
exaprod;RECEITA2;DOCUMENTO_GERADO;Mantém os Documentos Gerados de Receita, de acordo com o informado pelos sistemas clientes do Sistema RECEITA (DAS - DAE - GNRE);325348716;N;15;VLR_DESCONTO;NUMBER;22;Y;2;2;53280;51324773;NO;Valor do desconto do Documento Gerado; (: )
exaprod;RECEITA2;DOCUMENTO_GERADO;Mantém os Documentos Gerados de Receita, de acordo com o informado pelos sistemas clientes do Sistema RECEITA (DAS - DAE - GNRE);325348716;N;40;VLR_DESCONTO_JUROS;NUMBER;22;Y;2;2;27416;1745471;NO;Valor do desconto aplicado nos Juros do Documento Gerado; (: )
exaprod;RECEITA2;DOCUMENTO_GERADO;Mantém os Documentos Gerados de Receita, de acordo com o informado pelos sistemas clientes do Sistema RECEITA (DAS - DAE - GNRE);325348716;N;41;VLR_DESCONTO_MULTA;NUMBER;22;Y;2;2;19058;1745471;NO;Valor do desconto aplicado na Multa do Documento Gerado; (: )
exaprod;RECEITA2;DOCUMENTO_GERADO;Mantém os Documentos Gerados de Receita, de acordo com o informado pelos sistemas clientes do Sistema RECEITA (DAS - DAE - GNRE);325348716;N;16;VLR_JUROS;NUMBER;22;Y;2;3;304320;40978713;NO;Valor de juros do Documento Gerado; (: )
exaprod;RECEITA2;DOCUMENTO_GERADO;Mantém os Documentos Gerados de Receita, de acordo com o informado pelos sistemas clientes do Sistema RECEITA (DAS - DAE - GNRE);325348716;N;17;VLR_MULTA;NUMBER;22;Y;2;3;239424;40978713;NO;Valor da multa do Documento Gerado; (: )
exaprod;RECEITA2;DOCUMENTO_GERADO;Mantém os Documentos Gerados de Receita, de acordo com o informado pelos sistemas clientes do Sistema RECEITA (DAS - DAE - GNRE);325348716;N;14;VLR_PRINCIPAL;NUMBER;22;Y;2;5;1991680;0;NO;Valor principal do Documento Gerado; (: )
exaprod;RECEITA2;EMISSOR_DOC_ARRECADACAO;Emissor de documentos de arrecadaçao (Documento Gerado de Receita);83;N;1;COD_EMISSOR;NUMBER;22;N;0;3;83;0;NO;Código do Emissor cadastrado;PK_EMISSOR_DOC_ARRECADACAO (PRIMARY KEY: ENABLED)- SYS_C001528403 (C: ENABLED)
exaprod;RECEITA2;EMISSOR_DOC_ARRECADACAO;Emissor de documentos de arrecadaçao (Documento Gerado de Receita);83;N;2;DSC_EMISSOR;VARCHAR2;100;N;;36;71;0;NO;Descriçao do Emissor;SYS_C001528404 (C: ENABLED)
exaprod;RECEITA2;EMISSOR_DOC_ARRECADACAO;Emissor de documentos de arrecadaçao (Documento Gerado de Receita);83;N;3;TIP_DOCUMENTO;NUMBER;22;N;0;3;3;0;NO;"Tipo de Documento.
1 - DAE
2 - GNRE
3 - DAS";CKC_TIP_DOCUMENTO_EMISSOR_ (C: ENABLED)- SYS_C001528405 (C: ENABLED)
exaprod;RECEITA2;EMISSOR_DOC_ARRECADACAO_AUD;Tabela de Auditoria de Emissor de documentos de arrecadaçao (Documento Gerado de Receita);13;N;1;COD_EMISSOR;NUMBER;22;N;0;3;10;0;NO;Código do Emissor cadastrado;PK_EMISSOR_DOC_ARRECADACAO_AUD (PRIMARY KEY: ENABLED)- SYS_C001528408 (C: ENABLED)
exaprod;RECEITA2;EMISSOR_DOC_ARRECADACAO_AUD;Tabela de Auditoria de Emissor de documentos de arrecadaçao (Documento Gerado de Receita);13;N;2;DSC_EMISSOR;VARCHAR2;100;N;;19;11;0;NO;Descriçao do Emissor;SYS_C001528409 (C: ENABLED)
exaprod;RECEITA2;EMISSOR_DOC_ARRECADACAO_AUD;Tabela de Auditoria de Emissor de documentos de arrecadaçao (Documento Gerado de Receita);13;N;4;NUM_REV;NUMBER;22;N;0;5;13;0;NO;Guarda a sequencia da auditoria;FK_AUDIT_ENTID_R_EMI_DOC_AUD (FOREIGN KEY: ENABLED)- PK_EMISSOR_DOC_ARRECADACAO_AUD (PRIMARY KEY: ENABLED)- SYS_C001528411 (C: ENABLED)
exaprod;RECEITA2;EMISSOR_DOC_ARRECADACAO_AUD;Tabela de Auditoria de Emissor de documentos de arrecadaçao (Documento Gerado de Receita);13;N;3;TIP_DOCUMENTO;NUMBER;22;N;0;3;1;0;NO;"Tipo de Documento.
1 - DAE
2 - GNRE
3 - DAS";SYS_C001528410 (C: ENABLED)
exaprod;RECEITA2;EMISSOR_DOC_ARRECADACAO_AUD;Tabela de Auditoria de Emissor de documentos de arrecadaçao (Documento Gerado de Receita);13;N;5;TIP_REVTYPE;NUMBER;22;Y;0;3;2;0;NO;Guarda o tipo da modificaçao.; (: )
exaprod;RECEITA2;ENVIO_DAE_CORRIGIDO_DETRAN;Registros de pagamentos corrigidos no RECEITA2 e enviados ao DETRAN via arquivo;834;N;2;DAT_GERACAO;DATE;7;N;;8;349;0;NO;Data/hora de geraçao do arquivo para envio ao DETRAN;SYS_C001552364 (C: ENABLED)
exaprod;RECEITA2;ENVIO_DAE_CORRIGIDO_DETRAN;Registros de pagamentos corrigidos no RECEITA2 e enviados ao DETRAN via arquivo;834;N;1;SEQ_HISTORICO_PAGAMENTO_DOC;NUMBER;22;N;0;5;834;0;NO;Campo sequecial do Pagamento Corrigido destinado ao DETRAN;PK_ENVIO_DAE_CORRIGIDO_DETRAN (PRIMARY KEY: ENABLED)- SYS_C001552363 (C: ENABLED)
exaprod;RECEITA2;ENVIO_FLUXO_PAGAMENTO;Registro (TEMPORÁRIO) dos pagamentos enviados para o KAFKA, dentro do novo FLUXO DE PAGAMENTOS;123541319;N;2;COD_IDENTIFICADOR_UNICO;NUMBER;22;N;0;10;62169088;0;NO;Código Identificador Único do Documento Gerado (Conhecido como Nosso Número) baixado por um pagamento, sendo a ocorrência de Pagamento Instantaneo, Rajada, ou Consolidado, cuja ocorrência foi enviada para o KAFKA.;PK_ENVIO_FLUXO_PAGAMENTO (PRIMARY KEY: ENABLED)- SYS_C001555527 (C: ENABLED)
exaprod;RECEITA2;ENVIO_FLUXO_PAGAMENTO;Registro (TEMPORÁRIO) dos pagamentos enviados para o KAFKA, dentro do novo FLUXO DE PAGAMENTOS;123541319;N;3;DAT_GERACAO;DATE;7;N;;8;427424;0;NO;Data/hora de geração do registro para envio ao KAFKA;SYS_C001555528 (C: ENABLED)
exaprod;RECEITA2;ENVIO_FLUXO_PAGAMENTO;Registro (TEMPORÁRIO) dos pagamentos enviados para o KAFKA, dentro do novo FLUXO DE PAGAMENTOS;123541319;N;1;TIP_PAGAMENTO_RECEBIDO;NUMBER;22;N;0;3;3;0;NO;"Indica se o arquivo de pagamento é do tipo:
1 - Rajada
2 - Consolidado
3 - Pago instantâneo";PK_ENVIO_FLUXO_PAGAMENTO (PRIMARY KEY: ENABLED)- SYS_C001555526 (C: ENABLED)
exaprod;RECEITA2;ENVIO_PROCESSO_AIX;Registros de processos (Restituição, Correção de Pagamento, Alteração de Documento Gerado, ...) atualizados no RECEITA2 e enviados ao AIX para atualização via arquivo;409082;N;3;DAT_GERACAO;DATE;7;N;;8;20642;0;NO;Data/hora de geração do arquivo para envio ao DETRAN;SYS_C001553062 (C: ENABLED)
exaprod;RECEITA2;ENVIO_PROCESSO_AIX;Registros de processos (Restituição, Correção de Pagamento, Alteração de Documento Gerado, ...) atualizados no RECEITA2 e enviados ao AIX para atualização via arquivo;409082;N;2;SEQ_PROCESSO;NUMBER;22;N;0;6;409082;0;NO;Chave sequencial do Processo enviado para o AIX;PK_ENVIO_PROCESSO_AIX (PRIMARY KEY: ENABLED)- SYS_C001553061 (C: ENABLED)
exaprod;RECEITA2;ENVIO_PROCESSO_AIX;Registros de processos (Restituição, Correção de Pagamento, Alteração de Documento Gerado, ...) atualizados no RECEITA2 e enviados ao AIX para atualização via arquivo;409082;N;1;TIP_PROCESSO;NUMBER;22;N;0;3;2;0;NO;"Tipo de processo registrado em arquivo:
1 - Restituição
2 - Correção de Pagamento
3 - Alteração de Documento Gerado";PK_ENVIO_PROCESSO_AIX (PRIMARY KEY: ENABLED)- SYS_C001553060 (C: ENABLED)
exaprod;RECEITA2;ERRO_ARQUIVO;Mantém os tipos de erro de padronizaçao dos arquivos de pagamento enviados pelos bancos;16;N;1;COD_ERRO_ARQUIVO;NUMBER;22;N;0;3;16;0;NO;Código identificador de erro do arquivo.;PK_ERRO_ARQUIVO (PRIMARY KEY: ENABLED)- SYS_C001528249 (C: ENABLED)
exaprod;RECEITA2;ERRO_ARQUIVO;Mantém os tipos de erro de padronizaçao dos arquivos de pagamento enviados pelos bancos;16;N;3;NOM_ERRO_ARQUIVO;VARCHAR2;100;N;;73;15;0;NO;Descriçao do erro de padronizaçao de arquivo;SYS_C001528251 (C: ENABLED)
exaprod;RECEITA2;ERRO_ARQUIVO;Mantém os tipos de erro de padronizaçao dos arquivos de pagamento enviados pelos bancos;16;N;2;TIP_ERRO_ARQUIVO;NUMBER;22;N;0;3;4;0;NO;Identifica o bloco do arquivo no qual o erro foi encontrado. 1 - A (Header), 2 - G (Detalhe), 3 - Z (Trailler) e 4 - Outros;CKC_TIP_ERRO_ARQUIVO_ERRO (C: ENABLED)- SYS_C001528250 (C: ENABLED)
exaprod;RECEITA2;EVENTO_CONTABILIZAR;Eventos a serem enviados para a contabilidade, após a classificaçao dos Pagamentos Recebidos. Cada evento será usado como base para que os valores arrecadados de um Pagamento Recebido sejam agregados em um Lançamento Contábil.;114851191;N;3;COD_ACAO;CHAR;1;N;;2;2;0;NO;"Açao que descreve o evento:
I - Inclusao de novo evento a contabilizar
E - Estorno de evento já incluído anteriormente";CKC_COD_ACAO_EVE_CONT (C: ENABLED)- SYS_C001528485 (C: ENABLED)
exaprod;RECEITA2;EVENTO_CONTABILIZAR;Eventos a serem enviados para a contabilidade, após a classificaçao dos Pagamentos Recebidos. Cada evento será usado como base para que os valores arrecadados de um Pagamento Recebido sejam agregados em um Lançamento Contábil.;114851191;N;9;DAT_CONTABILIZACAO;DATE;7;Y;;8;14153;14626996;NO;Data/hora em que o processo de contabilização processou este evento; (: )
exaprod;RECEITA2;EVENTO_CONTABILIZAR;Eventos a serem enviados para a contabilidade, após a classificaçao dos Pagamentos Recebidos. Cada evento será usado como base para que os valores arrecadados de um Pagamento Recebido sejam agregados em um Lançamento Contábil.;114851191;N;4;DAT_EVENTO;DATE;7;N;;8;1820160;0;NO;Data do registro do evento;SYS_C001528486 (C: ENABLED)
exaprod;RECEITA2;EVENTO_CONTABILIZAR;Eventos a serem enviados para a contabilidade, após a classificaçao dos Pagamentos Recebidos. Cada evento será usado como base para que os valores arrecadados de um Pagamento Recebido sejam agregados em um Lançamento Contábil.;114851191;N;7;NUM_EXERCICIO;NUMBER;22;N;0;4;5;0;NO;Exercício (ano) do evento a ser contabilizado. Definido de acordo com os períodos de arrecadaçao;SYS_C001528489 (C: ENABLED)
exaprod;RECEITA2;EVENTO_CONTABILIZAR;Eventos a serem enviados para a contabilidade, após a classificaçao dos Pagamentos Recebidos. Cada evento será usado como base para que os valores arrecadados de um Pagamento Recebido sejam agregados em um Lançamento Contábil.;114851191;N;1;SEQ_EVENTO_CONTABILIZAR;NUMBER;22;N;0;7;114851191;0;NO;Sequencial do evento a contabilizar;PK_EVENTO_CONTABILIZAR (PRIMARY KEY: ENABLED)- SYS_C001528483 (C: ENABLED)
exaprod;RECEITA2;EVENTO_CONTABILIZAR;Eventos a serem enviados para a contabilidade, após a classificaçao dos Pagamentos Recebidos. Cada evento será usado como base para que os valores arrecadados de um Pagamento Recebido sejam agregados em um Lançamento Contábil.;114851191;N;2;SEQ_PAG_DOC_CLASSIFICACAO;NUMBER;22;N;0;7;114720768;0;NO;Sequencial da classificaçao do pagamento recebido;FK_PAG_DOC_CLASS_R_EVE_CONT (FOREIGN KEY: ENABLED)- SYS_C001528484 (C: ENABLED)
exaprod;RECEITA2;EVENTO_CONTABILIZAR;Eventos a serem enviados para a contabilidade, após a classificaçao dos Pagamentos Recebidos. Cada evento será usado como base para que os valores arrecadados de um Pagamento Recebido sejam agregados em um Lançamento Contábil.;114851191;N;5;STA_CONTABILIZADO;NUMBER;22;N;0;3;3;0;NO;"Indica se este evento já foi contabilizado:
0 - Não foi contabilizado
1 - Foi contabilizado
2 - Foi descartado";CKC_STA_CONTAB_EVE_CONT (C: ENABLED)- SYS_C001528487 (C: ENABLED)
exaprod;RECEITA2;EVENTO_CONTABILIZAR;Eventos a serem enviados para a contabilidade, após a classificaçao dos Pagamentos Recebidos. Cada evento será usado como base para que os valores arrecadados de um Pagamento Recebido sejam agregados em um Lançamento Contábil.;114851191;N;8;STA_ETL_CARGA;NUMBER;22;N;0;3;3;0;NO;Indicativo que este registro de Evento Contábil já foi manipulado pelo ETL. Valor = 0 (ZERO) caso ainda nao tenha sido.;SYS_C001528622 (C: ENABLED)
exaprod;RECEITA2;EVENTO_CONTABILIZAR;Eventos a serem enviados para a contabilidade, após a classificaçao dos Pagamentos Recebidos. Cada evento será usado como base para que os valores arrecadados de um Pagamento Recebido sejam agregados em um Lançamento Contábil.;114851191;N;6;STA_PAGTO_ORGAO_PUBLICO;NUMBER;22;N;0;3;2;0;NO;"Indica se este evento representa pagamentos realizados por órgao público estadual (apenas Ceará):
0 - Nao representa pagamentos por órgao público estadual
1 - Representa pagamentos por órgao público estadual";CKC_STA_PAGTO_ORG_PUB_EVE_CONT (C: ENABLED)- SYS_C001528488 (C: ENABLED)
exaprod;RECEITA2;FECHAMENTO_ARRECADACAO;Mantém as datas de fechamento a um periodo específico de arrecadaçao;111;N;4;DAT_FECHAMENTO;DATE;7;N;;8;111;0;NO;Data de fechamento da Arrecadaçao;SYS_C001528343 (C: ENABLED)
exaprod;RECEITA2;FECHAMENTO_ARRECADACAO;Mantém as datas de fechamento a um periodo específico de arrecadaçao;111;N;2;NUM_ANO_REFERENCIA;NUMBER;22;N;0;4;10;0;NO;Ano de referência do fechamento da Arrecadaçao;FECHAMENTO_ARRECADACAO_UK1 (UNIQUE: ENABLED)- SYS_C001528341 (C: ENABLED)
exaprod;RECEITA2;FECHAMENTO_ARRECADACAO;Mantém as datas de fechamento a um periodo específico de arrecadaçao;111;N;3;NUM_MES_REFERENCIA;NUMBER;22;N;0;3;12;0;NO;Mês de referência do fechamento da Arrecadaçao;CKC_NUM_MES_REF_FECH_ARREC (C: ENABLED)- FECHAMENTO_ARRECADACAO_UK1 (UNIQUE: ENABLED)- SYS_C001528342 (C: ENABLED)
exaprod;RECEITA2;FECHAMENTO_ARRECADACAO;Mantém as datas de fechamento a um periodo específico de arrecadaçao;111;N;1;SEQ_FECHAMENTO_ARRECADACAO;NUMBER;22;N;0;4;111;0;NO;Sequencial do registro;PK_FECHAMENTO_ARRECADACAO (PRIMARY KEY: ENABLED)- SYS_C001528340 (C: ENABLED)
exaprod;RECEITA2;FECHAMENTO_ARRECADACAO;Mantém as datas de fechamento a um periodo específico de arrecadaçao;111;N;5;STA_FECHAMENTO;NUMBER;22;N;0;3;1;0;NO;"Indica se o período de referência da arrecadaçao está fechado ou nao:
0 - Período em Aberto
1 - Período Fechado
2 - Período em Fechamento";CKC_STA_FECHAMENTO_FECH_ARRECA (C: ENABLED)- SYS_C001528344 (C: ENABLED)
exaprod;RECEITA2;FECHAMENTO_ARRECADACAO;Mantém as datas de fechamento a um periodo específico de arrecadaçao;111;N;6;TXT_ARRECADACAO_PERIODO;CLOB;4000;Y;;33;0;85;NO;Resultado da consulta de código de arrecadação por período; (: )
exaprod;RECEITA2;FECHAMENTO_ARRECADACAO_AUD;Tabela auditoria da tabela de fechamento de um periodo específico de arrecadaçao;46;N;4;DAT_FECHAMENTO;DATE;7;N;;8;46;0;NO;Data de fechamento da Arrecadaçao;SYS_C001528356 (C: ENABLED)
exaprod;RECEITA2;FECHAMENTO_ARRECADACAO_AUD;Tabela auditoria da tabela de fechamento de um periodo específico de arrecadaçao;46;N;2;NUM_ANO_REFERENCIA;NUMBER;22;N;0;4;6;0;NO;Ano de referência do fechamento da Arrecadaçao;SYS_C001528354 (C: ENABLED)
exaprod;RECEITA2;FECHAMENTO_ARRECADACAO_AUD;Tabela auditoria da tabela de fechamento de um periodo específico de arrecadaçao;46;N;3;NUM_MES_REFERENCIA;NUMBER;22;N;0;3;12;0;NO;Mês de referência do fechamento da Arrecadaçao;CKC_NUM_MES_REF_FECH_ARREC_AUD (C: ENABLED)- SYS_C001528355 (C: ENABLED)
exaprod;RECEITA2;FECHAMENTO_ARRECADACAO_AUD;Tabela auditoria da tabela de fechamento de um periodo específico de arrecadaçao;46;N;5;NUM_REV;NUMBER;22;N;0;6;46;0;NO;Guarda a sequencia da auditoria;FK_AUDIT_ENTID_R_FEC_ARREC_AUD (FOREIGN KEY: ENABLED)- PK_FECHAMENTO_ARRECADACAO_AUD (PRIMARY KEY: ENABLED)- SYS_C001528357 (C: ENABLED)
exaprod;RECEITA2;FECHAMENTO_ARRECADACAO_AUD;Tabela auditoria da tabela de fechamento de um periodo específico de arrecadaçao;46;N;1;SEQ_FECHAMENTO_ARRECADACAO;NUMBER;22;N;0;4;45;0;NO;Sequencial do registro;PK_FECHAMENTO_ARRECADACAO_AUD (PRIMARY KEY: ENABLED)- SYS_C001528353 (C: ENABLED)
exaprod;RECEITA2;FECHAMENTO_ARRECADACAO_AUD;Tabela auditoria da tabela de fechamento de um periodo específico de arrecadaçao;46;N;7;STA_FECHAMENTO;NUMBER;22;N;0;2;1;0;NO;"Indica se o período de referência da arrecadaçao está fechado ou nao:
0 - Período em Aberto
1 - Período Fechado
2 - Período em Fechamento";CKC_STA_FECH_FECH_ARREC_AUD (C: ENABLED)- SYS_C001528358 (C: ENABLED)
exaprod;RECEITA2;FECHAMENTO_ARRECADACAO_AUD;Tabela auditoria da tabela de fechamento de um periodo específico de arrecadaçao;46;N;6;TIP_REVTYPE;NUMBER;22;Y;0;3;2;0;NO;Guarda o tipo da modificaçao.; (: )
exaprod;RECEITA2;FECHAMENTO_ARRECADACAO_AUD;Tabela auditoria da tabela de fechamento de um periodo específico de arrecadaçao;46;N;8;TXT_ARRECADACAO_PERIODO;CLOB;4000;Y;;0;0;46;NO;Resultado da consulta de código de arrecadação por período; (: )
exaprod;RECEITA2;FONE_CONTATO_INSTITUICAO;Telefone do contato em uma Instituiçao Arrecadadora;2;N;3;NUM_DDD_TELEFONE;NUMBER;22;N;0;3;2;0;NO;DDD do número de telefone do contato;SYS_C001528140 (C: ENABLED)
exaprod;RECEITA2;FONE_CONTATO_INSTITUICAO;Telefone do contato em uma Instituiçao Arrecadadora;2;N;4;NUM_TELEFONE;NUMBER;22;N;0;6;2;0;NO;Número de telefone do contato;SYS_C001528141 (C: ENABLED)
exaprod;RECEITA2;FONE_CONTATO_INSTITUICAO;Telefone do contato em uma Instituiçao Arrecadadora;2;N;2;SEQ_CONTATO_INSTITUICAO;NUMBER;22;N;0;3;2;0;NO;Chave sequencial do contato de uma Instituiçao Arrecadadora;FK_CONT_INST_R_FON_CONT_INST (FOREIGN KEY: ENABLED)- SYS_C001528139 (C: ENABLED)
exaprod;RECEITA2;FONE_CONTATO_INSTITUICAO;Telefone do contato em uma Instituiçao Arrecadadora;2;N;1;SEQ_FONE_CONTATO_INSTITUICAO;NUMBER;22;N;0;3;2;0;NO;Chave sequencial do telefone de contato;PK_FONE_CONTATO_INSTITUICAO (PRIMARY KEY: ENABLED)- SYS_C001528138 (C: ENABLED)
exaprod;RECEITA2;FONE_CONTATO_INSTITUICAO_AUD;Tabela de Auditoria de Telefones de um contato de uma Instituiçao Arrecadadora.;2;N;3;NUM_DDD_TELEFONE;NUMBER;22;N;0;3;2;0;NO;DDD do número de telefone do contato;SYS_C001528211 (C: ENABLED)
exaprod;RECEITA2;FONE_CONTATO_INSTITUICAO_AUD;Tabela de Auditoria de Telefones de um contato de uma Instituiçao Arrecadadora.;2;N;5;NUM_REV;NUMBER;22;N;0;5;2;0;NO;Guarda a sequencia da auditoria;FK_AUDIT_ENTID_R_FON_CONT_AUD (FOREIGN KEY: ENABLED)- PK_FONE_CONTATO_INSTITUICA_AUD (PRIMARY KEY: ENABLED)- SYS_C001528213 (C: ENABLED)
exaprod;RECEITA2;FONE_CONTATO_INSTITUICAO_AUD;Tabela de Auditoria de Telefones de um contato de uma Instituiçao Arrecadadora.;2;N;4;NUM_TELEFONE;NUMBER;22;N;0;6;2;0;NO;Número de telefone do contato;SYS_C001528212 (C: ENABLED)
exaprod;RECEITA2;FONE_CONTATO_INSTITUICAO_AUD;Tabela de Auditoria de Telefones de um contato de uma Instituiçao Arrecadadora.;2;N;2;SEQ_CONTATO_INSTITUICAO;NUMBER;22;N;0;3;2;0;NO;Chave sequencial do contato de uma Instituiçao Arrecadadora;SYS_C001528210 (C: ENABLED)
exaprod;RECEITA2;FONE_CONTATO_INSTITUICAO_AUD;Tabela de Auditoria de Telefones de um contato de uma Instituiçao Arrecadadora.;2;N;1;SEQ_FONE_CONTATO_INSTITUICAO;NUMBER;22;N;0;3;2;0;NO;Chave sequencial do telefone de contato;PK_FONE_CONTATO_INSTITUICA_AUD (PRIMARY KEY: ENABLED)- SYS_C001528209 (C: ENABLED)
exaprod;RECEITA2;FONE_CONTATO_INSTITUICAO_AUD;Tabela de Auditoria de Telefones de um contato de uma Instituiçao Arrecadadora.;2;N;6;TIP_REVTYPE;NUMBER;22;Y;0;2;1;0;NO;Guarda o tipo da modificaçao.; (: )
exaprod;RECEITA2;FONE_CONTATO_ORGAO_EMISSOR;Telefone do contato em um Órgao Emissor;25;N;3;NUM_DDD_TELEFONE;NUMBER;22;N;0;3;6;0;NO;DDD do número de telefone do contato;SYS_C001528173 (C: ENABLED)
exaprod;RECEITA2;FONE_CONTATO_ORGAO_EMISSOR;Telefone do contato em um Órgao Emissor;25;N;4;NUM_TELEFONE;NUMBER;22;N;0;7;23;0;NO;Número de telefone do contato;SYS_C001528174 (C: ENABLED)
exaprod;RECEITA2;FONE_CONTATO_ORGAO_EMISSOR;Telefone do contato em um Órgao Emissor;25;N;2;SEQ_CONTATO_ORGAO_EMISSOR;NUMBER;22;N;0;3;25;0;NO;Chave sequencial do contato de um Órgao Emissor;FK_CONT_ORG_EMI_R_FON_CONT_ORG (FOREIGN KEY: ENABLED)- SYS_C001528172 (C: ENABLED)
exaprod;RECEITA2;FONE_CONTATO_ORGAO_EMISSOR;Telefone do contato em um Órgao Emissor;25;N;1;SEQ_FONE_CONTATO_ORGAO_EMISSOR;NUMBER;22;N;0;3;25;0;NO;Chave sequencial do telefone de contato;PK_FONE_CONTATO_ORGAO_EMISSOR (PRIMARY KEY: ENABLED)- SYS_C001528171 (C: ENABLED)
exaprod;RECEITA2;FONE_CONTATO_ORGAO_EMISSOR_AUD;Tabela de Auditoria de Telefone do contato em um Órgao Emissor.;28;N;3;NUM_DDD_TELEFONE;NUMBER;22;N;0;3;6;0;NO;DDD do número de telefone do contato;SYS_C001528217 (C: ENABLED)
exaprod;RECEITA2;FONE_CONTATO_ORGAO_EMISSOR_AUD;Tabela de Auditoria de Telefone do contato em um Órgao Emissor.;28;N;5;NUM_REV;NUMBER;22;N;0;6;27;0;NO;Guarda a sequencia da auditoria;FK_AUDIT_ENTID_R_FO_CO_ORG_AUD (FOREIGN KEY: ENABLED)- PK_FONE_CONTATO_ORGAO_EMIS_AUD (PRIMARY KEY: ENABLED)- SYS_C001528219 (C: ENABLED)
exaprod;RECEITA2;FONE_CONTATO_ORGAO_EMISSOR_AUD;Tabela de Auditoria de Telefone do contato em um Órgao Emissor.;28;N;4;NUM_TELEFONE;NUMBER;22;N;0;7;24;0;NO;Número de telefone do contato;SYS_C001528218 (C: ENABLED)
exaprod;RECEITA2;FONE_CONTATO_ORGAO_EMISSOR_AUD;Tabela de Auditoria de Telefone do contato em um Órgao Emissor.;28;N;2;SEQ_CONTATO_ORGAO_EMISSOR;NUMBER;22;N;0;3;26;0;NO;Chave sequencial do contato de um Órgao Emissor;SYS_C001528216 (C: ENABLED)
exaprod;RECEITA2;FONE_CONTATO_ORGAO_EMISSOR_AUD;Tabela de Auditoria de Telefone do contato em um Órgao Emissor.;28;N;1;SEQ_FONE_CONTATO_ORGAO_EMISSOR;NUMBER;22;N;0;3;26;0;NO;Chave sequencial do telefone de contato;PK_FONE_CONTATO_ORGAO_EMIS_AUD (PRIMARY KEY: ENABLED)- SYS_C001528215 (C: ENABLED)
exaprod;RECEITA2;FONE_CONTATO_ORGAO_EMISSOR_AUD;Tabela de Auditoria de Telefone do contato em um Órgao Emissor.;28;N;6;TIP_REVTYPE;NUMBER;22;Y;0;3;3;0;NO;Guarda o tipo da modificaçao.; (: )
exaprod;RECEITA2;GNRE;Mantém as especificidades do documento GNRE.;39090694;N;3;COD_CNPJ_CPF_DESTINATARIO;NUMBER;22;Y;0;7;3541504;3551695;NO;Código do CNPJ ou CPF do Destinatário; (: )
exaprod;RECEITA2;GNRE;Mantém as especificidades do documento GNRE.;39090694;N;33;COD_CNPJ_CPF_DESTINATARIO_A;VARCHAR2;14;Y;;12;3634688;3551695;NO;CNPJ no formato alfanumerico conforme o novo padrao; (: )
exaprod;RECEITA2;GNRE;Mantém as especificidades do documento GNRE.;39090694;N;17;COD_CNPJ_CPF_EMISSOR;NUMBER;22;Y;0;9;130560;375067;NO;Código do CNPJ ou CPF do Emissor; (: )
exaprod;RECEITA2;GNRE;Mantém as especificidades do documento GNRE.;39090694;N;34;COD_CNPJ_CPF_EMISSOR_A;VARCHAR2;14;Y;;15;132480;375067;NO;CNPJ no formato alfanumerico conforme o novo padrao; (: )
exaprod;RECEITA2;GNRE;Mantém as especificidades do documento GNRE.;39090694;N;4;COD_CONVENIO;VARCHAR2;30;Y;;4;441440;26413939;NO;Número do convênio fornecido pelo usuário na emissao da GNRE, através do Portal da GNRE (em Pernambuco); (: )
exaprod;RECEITA2;GNRE;Mantém as especificidades do documento GNRE.;39090694;N;27;COD_DETALHE_RECEITA_GNRE;VARCHAR2;6;Y;;2;1;39090692;NO;Código do detalhamento da receita GNRE;FK_DETALHE_RECEITA_GNRE_R_GNRE (FOREIGN KEY: ENABLED)
exaprod;RECEITA2;GNRE;Mantém as especificidades do documento GNRE.;39090694;N;12;COD_MUNICIPIO_DESTINATARIO;NUMBER;22;Y;0;4;382;1747232;NO;Código do município do Destinatário;FK_MUNICIPIO_R_GNRE_DEST (FOREIGN KEY: ENABLED)
exaprod;RECEITA2;GNRE;Mantém as especificidades do documento GNRE.;39090694;N;22;COD_MUNICIPIO_EMISSOR;NUMBER;22;Y;0;5;2998;1841;NO;Código do município do Emissor;FK_MUNICIPIO_R_GNRE_EMISSOR (FOREIGN KEY: ENABLED)
exaprod;RECEITA2;GNRE;Mantém as especificidades do documento GNRE.;39090694;N;28;COD_PRODUTO_GNRE;NUMBER;22;Y;0;2;83;36810196;NO;Código do produto na GNRE;FK_PRODUTO_GNRE_R_GNRE (FOREIGN KEY: ENABLED)
exaprod;RECEITA2;GNRE;Mantém as especificidades do documento GNRE.;39090694;N;29;COD_TIPO_DOCUMENTO_GNRE;NUMBER;22;Y;0;3;18;608025;NO;Código do tipo do documento da GNRE;FK_TIPO_DOCUMENTO_GNRE_R_GNRE (FOREIGN KEY: ENABLED)
exaprod;RECEITA2;GNRE;Mantém as especificidades do documento GNRE.;39090694;N;13;COD_UF_DESTINATARIO;NUMBER;22;Y;0;3;23;1747232;NO;Código da UF do Destinatário;FK_MUNICIPIO_R_GNRE_DEST (FOREIGN KEY: ENABLED)
exaprod;RECEITA2;GNRE;Mantém as especificidades do documento GNRE.;39090694;N;23;COD_UF_EMISSOR;NUMBER;22;Y;0;3;27;1841;NO;Código da UF do Emissor;FK_MUNICIPIO_R_GNRE_EMISSOR (FOREIGN KEY: ENABLED)
exaprod;RECEITA2;GNRE;Mantém as especificidades do documento GNRE.;39090694;N;32;DAT_ATUALIZACAO_REGISTRO;DATE;7;Y;;8;162816;0;NO;Data de atualização do registro, via trigger, para uso de carga para a Nuvem; (: )
exaprod;RECEITA2;GNRE;Mantém as especificidades do documento GNRE.;39090694;N;31;DAT_CARGA_ETL;DATE;7;Y;;8;11380736;0;NO;Data de criação do registro, para uso de carga para a Nuvem; (: )
exaprod;RECEITA2;GNRE;Mantém as especificidades do documento GNRE.;39090694;N;30;DAT_ENVIO_CONTA_CORRENTE;DATE;7;Y;;6;1564416;13109786;NO;Data/hora de envio da GNRE para o sistema CONTA CORRENTE; (: )
exaprod;RECEITA2;GNRE;Mantém as especificidades do documento GNRE.;39090694;N;14;DSC_ENDERECO_DESTINATARIO;VARCHAR2;100;Y;;2;26952;38576040;NO;Endereço do Destinatário; (: )
exaprod;RECEITA2;GNRE;Mantém as especificidades do documento GNRE.;39090694;N;24;DSC_ENDERECO_EMISSOR;VARCHAR2;100;Y;;26;3005440;10923;NO;Endereço do Emissor; (: )
exaprod;RECEITA2;GNRE;Mantém as especificidades do documento GNRE.;39090694;N;9;NOM_RAZAO_SOCIAL_DESTINATARIO;VARCHAR2;100;Y;;25;7096320;1735240;NO;Nome ou Razao Social do Destinatário; (: )
exaprod;RECEITA2;GNRE;Mantém as especificidades do documento GNRE.;39090694;N;19;NOM_RAZAO_SOCIAL_EMISSOR;VARCHAR2;100;Y;;30;259520;357;NO;Nome ou Razao Social do Emissor; (: )
exaprod;RECEITA2;GNRE;Mantém as especificidades do documento GNRE.;39090694;N;11;NUM_CEP_DESTINATARIO;NUMBER;22;Y;0;2;7636;38042410;NO;Número do CEP do Destinatário; (: )
exaprod;RECEITA2;GNRE;Mantém as especificidades do documento GNRE.;39090694;N;21;NUM_CEP_EMISSOR;NUMBER;22;Y;0;5;57936;5327721;NO;Número do CEP do Emissor; (: )
exaprod;RECEITA2;GNRE;Mantém as especificidades do documento GNRE.;39090694;N;15;NUM_DDD_DESTINATARIO;NUMBER;22;Y;0;2;59;38599565;NO;DDD do telefone do Destinatário; (: )
exaprod;RECEITA2;GNRE;Mantém as especificidades do documento GNRE.;39090694;N;25;NUM_DDD_EMISSOR;NUMBER;22;Y;0;2;99;20972107;NO;DDD do telefone do Emissor; (: )
exaprod;RECEITA2;GNRE;Mantém as especificidades do documento GNRE.;39090694;N;5;NUM_EXERCICIO;NUMBER;22;Y;0;2;11;34230924;NO;Grava o ano em que a GNRE foi gerada. Espécie de capa de Lote. Usada para manter dados históricos vindos do ADABAS; (: )
exaprod;RECEITA2;GNRE;Mantém as especificidades do documento GNRE.;39090694;N;8;NUM_INSC_ESTADUAL_DESTINATARIO;NUMBER;22;Y;0;2;50256;37273178;NO;Número da Inscriçao Estadual do Destinatário; (: )
exaprod;RECEITA2;GNRE;Mantém as especificidades do documento GNRE.;39090694;N;18;NUM_INSC_ESTADUAL_EMISSOR;NUMBER;22;Y;0;2;7692;38714310;NO;Número da Inscriçao Estadual do Emissor; (: )
exaprod;RECEITA2;GNRE;Mantém as especificidades do documento GNRE.;39090694;N;6;NUM_LOTE;NUMBER;22;Y;0;2;1742;34230924;NO;Grava o Lote dentro do ano em que a GNRE foi gerada. Espécie de capa de Lote. Usada para manter dados históricos vindos do ADABAS; (: )
exaprod;RECEITA2;GNRE;Mantém as especificidades do documento GNRE.;39090694;N;7;NUM_SEQUENCIAL;NUMBER;22;Y;0;2;900;34230924;NO;Grava o sequencial dentro do Exercício/Lote em que a GNRE foi gerada. Espécie de capa de Lote. Usada para manter dados históricos vindos do ADABAS; (: )
exaprod;RECEITA2;GNRE;Mantém as especificidades do documento GNRE.;39090694;N;16;NUM_TELEFONE_DESTINATARIO;NUMBER;22;Y;0;2;20392;38599268;NO;Número do telefone do Destinatário; (: )
exaprod;RECEITA2;GNRE;Mantém as especificidades do documento GNRE.;39090694;N;26;NUM_TELEFONE_EMISSOR;NUMBER;22;Y;0;4;127392;19134042;NO;Número do telefone do Emissor; (: )
exaprod;RECEITA2;GNRE;Mantém as especificidades do documento GNRE.;39090694;N;1;SEQ_DOCUMENTO_GERADO;NUMBER;22;N;0;7;39090694;0;NO;Chave sequencial do Documento Gerado do tipo GNRE;FK_DOC_GERADO_R_GNRE (FOREIGN KEY: ENABLED)- PK_GNRE (PRIMARY KEY: ENABLED)- SYS_C001528316 (C: ENABLED)
exaprod;RECEITA2;GNRE;Mantém as especificidades do documento GNRE.;39090694;N;2;SEQ_RECEITA_GNRE_ORIGINAL;NUMBER;22;Y;0;3;10;3;NO;Chave sequencial da Receita GNRE original;FK_COD_RECEITA_GNRE_R_GNRE (FOREIGN KEY: ENABLED)
exaprod;RECEITA2;GNRE;Mantém as especificidades do documento GNRE.;39090694;N;10;TIP_CNPJ_CPF_DESTINATARIO;NUMBER;22;Y;0;3;2;3551660;NO;"Tipo de Destinatário:
1 - CNPJ
2 - CPF";CKC_TIP_CNPJ_CPF_DEST_GNRE (C: ENABLED)
exaprod;RECEITA2;GNRE;Mantém as especificidades do documento GNRE.;39090694;N;20;TIP_CNPJ_CPF_EMISSOR;NUMBER;22;Y;0;3;2;375067;NO;"Tipo de Emissor:
1 - CNPJ
2 - CPF";CKC_TIP_CNPJ_CPF_EMISS_GNRE (C: ENABLED)
exaprod;RECEITA2;GNRE_INFORMACAO_ADICIONAL;Guarda as informacoes adicionais de uma GNRE.;2916624;N;2;COD_CAMPO_EXTRA_GNRE;NUMBER;22;N;0;4;7;0;NO;Código do campo extra da GNRE;FK_CAMPO_EXTRA_R_GNRE_INF_ADIC (FOREIGN KEY: ENABLED)- PK_GNRE_INFORMACAO_ADICIONAL (PRIMARY KEY: ENABLED)- SYS_C001528419 (C: ENABLED)
exaprod;RECEITA2;GNRE_INFORMACAO_ADICIONAL;Guarda as informacoes adicionais de uma GNRE.;2916624;N;1;SEQ_DOCUMENTO_GERADO;NUMBER;22;N;0;7;2887168;0;NO;Sequencial do documento gerado.;FK_GNRE_R_GNRE_INF_ADIC (FOREIGN KEY: ENABLED)- PK_GNRE_INFORMACAO_ADICIONAL (PRIMARY KEY: ENABLED)- SYS_C001528418 (C: ENABLED)
exaprod;RECEITA2;GNRE_INFORMACAO_ADICIONAL;Guarda as informacoes adicionais de uma GNRE.;2916624;N;3;VLR_INFORMACAO_ADICIONAL;VARCHAR2;100;N;;47;469984;0;NO;"Valor da informaçao adicional da GNRE.
Exemplo:
- Data da saída da mercadoria
- Data do desembaraço
- Chave de acesso";SYS_C001528420 (C: ENABLED)
exaprod;RECEITA2;HISTORICO_DOCUMENTO_GERADO;Histórico de alteraçoes nos Documentos Gerados de Receita, seja DAE ou GNRE.;379347;N;22;COD_CNPJ_CPF_DESTINATARIO;NUMBER;22;Y;0;8;274272;10851;NO;Código do CNPJ ou CPF do Destinatário; (: )
exaprod;RECEITA2;HISTORICO_DOCUMENTO_GERADO;Histórico de alteraçoes nos Documentos Gerados de Receita, seja DAE ou GNRE.;379347;N;37;COD_CNPJ_CPF_DESTINATARIO_A;VARCHAR2;14;Y;;2;1696;376840;NO;CNPJ no formato alfanumerico conforme o novo padrao; (: )
exaprod;RECEITA2;HISTORICO_DOCUMENTO_GERADO;Histórico de alteraçoes nos Documentos Gerados de Receita, seja DAE ou GNRE.;379347;N;18;COD_CNPJ_CPF_EMISSOR;NUMBER;22;Y;0;9;2730;6745;NO;Código do CNPJ ou CPF do Emissor; (: )
exaprod;RECEITA2;HISTORICO_DOCUMENTO_GERADO;Histórico de alteraçoes nos Documentos Gerados de Receita, seja DAE ou GNRE.;379347;N;38;COD_CNPJ_CPF_EMISSOR_A;VARCHAR2;14;Y;;2;2696;372662;NO;CNPJ no formato alfanumerico conforme o novo padrao; (: )
exaprod;RECEITA2;HISTORICO_DOCUMENTO_GERADO;Histórico de alteraçoes nos Documentos Gerados de Receita, seja DAE ou GNRE.;379347;N;10;COD_CNPJ_CPF_OUTROS;NUMBER;22;Y;0;9;3723;5600;NO;Código de CNPJ, CPF ou Outros que identifique a pessoa (Para Documento Gerado do tipo DAE); (: )
exaprod;RECEITA2;HISTORICO_DOCUMENTO_GERADO;Histórico de alteraçoes nos Documentos Gerados de Receita, seja DAE ou GNRE.;379347;N;39;COD_CNPJ_CPF_OUTROS_A;VARCHAR2;14;Y;;2;3772;371465;NO;CNPJ no formato alfanumerico conforme o novo padrao; (: )
exaprod;RECEITA2;HISTORICO_DOCUMENTO_GERADO;Histórico de alteraçoes nos Documentos Gerados de Receita, seja DAE ou GNRE.;379347;N;25;COD_CONVENIO;VARCHAR2;30;Y;;2;1557;376947;NO;Número do convênio fornecido pelo usuário na emissao da GNRE, através do Portal da GNRE (em Pernambuco); (: )
exaprod;RECEITA2;HISTORICO_DOCUMENTO_GERADO;Histórico de alteraçoes nos Documentos Gerados de Receita, seja DAE ou GNRE.;379347;N;3;COD_MATRICULA_USUARIO;VARCHAR2;8;N;;9;165;0;NO;Matrícula do usuário que registrou a alteraçao;SYS_C001528386 (C: ENABLED)
exaprod;RECEITA2;HISTORICO_DOCUMENTO_GERADO;Histórico de alteraçoes nos Documentos Gerados de Receita, seja DAE ou GNRE.;379347;N;30;COD_MUNICIPIO;NUMBER;22;Y;0;3;565;4536;NO;Código de município (Para Documento Gerado do tipo DAE);FK_MUNICIPIO_R_HIST_DOC_GER (FOREIGN KEY: ENABLED)
exaprod;RECEITA2;HISTORICO_DOCUMENTO_GERADO;Histórico de alteraçoes nos Documentos Gerados de Receita, seja DAE ou GNRE.;379347;N;33;COD_MUNICIPIO_DESTINATARIO;NUMBER;22;Y;0;4;319;9942;NO;CODIGO DO MUNICIPIO DO DESTINATARIO;FK_MUNICIPIO_R_HIST_DOC_GER3 (FOREIGN KEY: ENABLED)
exaprod;RECEITA2;HISTORICO_DOCUMENTO_GERADO;Histórico de alteraçoes nos Documentos Gerados de Receita, seja DAE ou GNRE.;379347;N;32;COD_MUNICIPIO_EMISSOR;NUMBER;22;Y;0;5;693;6064;NO;CODIGO DO MUNICIPIO DO EMISSOR;FK_MUNICIPIO_R_HIST_DOC_GER2 (FOREIGN KEY: ENABLED)
exaprod;RECEITA2;HISTORICO_DOCUMENTO_GERADO;Histórico de alteraçoes nos Documentos Gerados de Receita, seja DAE ou GNRE.;379347;N;27;COD_PRODUTO_GNRE;NUMBER;22;Y;0;2;49;377805;NO;Código do produto na GNRE;FK_PRODUTO_GNRE_R_HIST_DOC_GER (FOREIGN KEY: ENABLED)
exaprod;RECEITA2;HISTORICO_DOCUMENTO_GERADO;Histórico de alteraçoes nos Documentos Gerados de Receita, seja DAE ou GNRE.;379347;N;8;COD_PRODUTO_SERVICO;NUMBER;22;Y;0;2;14;379190;NO;Código do Produto/Serviço vinculado ao Documento Gerado;FK_PROD_SERV_R_HIST_DOC_GER (FOREIGN KEY: ENABLED)
exaprod;RECEITA2;HISTORICO_DOCUMENTO_GERADO;Histórico de alteraçoes nos Documentos Gerados de Receita, seja DAE ou GNRE.;379347;N;7;COD_RECEITA;NUMBER;22;Y;0;4;33;0;NO;Código da Receita do Documento Gerado;FK_COD_REC_R_HIST_DOC_GER (FOREIGN KEY: ENABLED)
exaprod;RECEITA2;HISTORICO_DOCUMENTO_GERADO;Histórico de alteraçoes nos Documentos Gerados de Receita, seja DAE ou GNRE.;379347;N;28;COD_TIPO_DOCUMENTO_GNRE;NUMBER;22;Y;0;3;10;6615;NO;Código do tipo do documento da GNRE;FK_TIPO_DOCUMENTO_GN_R_HIST_DG (FOREIGN KEY: ENABLED)
exaprod;RECEITA2;HISTORICO_DOCUMENTO_GERADO;Histórico de alteraçoes nos Documentos Gerados de Receita, seja DAE ou GNRE.;379347;N;29;COD_UF;NUMBER;22;Y;0;3;25;4536;NO;Código de UF (Para Documento Gerado do tipo DAE);FK_MUNICIPIO_R_HIST_DOC_GER (FOREIGN KEY: ENABLED)
exaprod;RECEITA2;HISTORICO_DOCUMENTO_GERADO;Histórico de alteraçoes nos Documentos Gerados de Receita, seja DAE ou GNRE.;379347;N;35;COD_UF_DESTINATARIO;NUMBER;22;Y;0;3;22;9942;NO;CODIGO UF DO DESTINATARIO;FK_MUNICIPIO_R_HIST_DOC_GER3 (FOREIGN KEY: ENABLED)
exaprod;RECEITA2;HISTORICO_DOCUMENTO_GERADO;Histórico de alteraçoes nos Documentos Gerados de Receita, seja DAE ou GNRE.;379347;N;34;COD_UF_EMISSOR;NUMBER;22;Y;0;3;26;6064;NO;CODIGO UF DO EMISSOR;FK_MUNICIPIO_R_HIST_DOC_GER2 (FOREIGN KEY: ENABLED)
exaprod;RECEITA2;HISTORICO_DOCUMENTO_GERADO;Histórico de alteraçoes nos Documentos Gerados de Receita, seja DAE ou GNRE.;379347;N;4;DAT_ALTERACAO;DATE;7;N;;8;15302;0;NO;Data da alteraçao do Documento Gerado;SYS_C001528387 (C: ENABLED)
exaprod;RECEITA2;HISTORICO_DOCUMENTO_GERADO;Histórico de alteraçoes nos Documentos Gerados de Receita, seja DAE ou GNRE.;379347;N;5;DAT_PROCESSO;DATE;7;N;;8;1393;0;NO;Data do Processo vinculado a alteraçao do Documento Gerado;SYS_C001528388 (C: ENABLED)
exaprod;RECEITA2;HISTORICO_DOCUMENTO_GERADO;Histórico de alteraçoes nos Documentos Gerados de Receita, seja DAE ou GNRE.;379347;N;31;DSC_JUSTIFICATIVA;VARCHAR2;500;Y;;119;7947;1;NO;Justificativa da alteração no Documento Gerado; (: )
exaprod;RECEITA2;HISTORICO_DOCUMENTO_GERADO;Histórico de alteraçoes nos Documentos Gerados de Receita, seja DAE ou GNRE.;379347;N;24;NOM_RAZAO_SOCIAL_DESTINATARIO;VARCHAR2;100;Y;;25;266752;9942;NO;Nome ou Razao Social do Destinatário; (: )
exaprod;RECEITA2;HISTORICO_DOCUMENTO_GERADO;Histórico de alteraçoes nos Documentos Gerados de Receita, seja DAE ou GNRE.;379347;N;20;NOM_RAZAO_SOCIAL_EMISSOR;VARCHAR2;100;Y;;21;3283;6064;NO;Nome ou Razao Social do Emissor; (: )
exaprod;RECEITA2;HISTORICO_DOCUMENTO_GERADO;Histórico de alteraçoes nos Documentos Gerados de Receita, seja DAE ou GNRE.;379347;N;12;NUM_ANO_REFERENCIA;NUMBER;22;Y;0;2;19;372700;NO;Ano de referência do Documento Gerado; (: )
exaprod;RECEITA2;HISTORICO_DOCUMENTO_GERADO;Histórico de alteraçoes nos Documentos Gerados de Receita, seja DAE ou GNRE.;379347;N;14;NUM_DOCUMENTO;NUMBER;22;Y;0;5;254448;342;NO;Número do Documento Gerado; (: )
exaprod;RECEITA2;HISTORICO_DOCUMENTO_GERADO;Histórico de alteraçoes nos Documentos Gerados de Receita, seja DAE ou GNRE.;379347;N;36;NUM_DOCUMENTO_TXT;VARCHAR2;50;Y;;7;247760;6392;NO;Número do Documento Gerado, o documento associado no sistema originário do DAE, em formato texto; (: )
exaprod;RECEITA2;HISTORICO_DOCUMENTO_GERADO;Histórico de alteraçoes nos Documentos Gerados de Receita, seja DAE ou GNRE.;379347;N;23;NUM_INSC_ESTADUAL_DESTINATARIO;NUMBER;22;Y;0;2;423;378448;NO;Número da Inscriçao Estadual do Destinatário; (: )
exaprod;RECEITA2;HISTORICO_DOCUMENTO_GERADO;Histórico de alteraçoes nos Documentos Gerados de Receita, seja DAE ou GNRE.;379347;N;19;NUM_INSC_ESTADUAL_EMISSOR;NUMBER;22;Y;0;2;301;378683;NO;Número da Inscriçao Estadual do Emissor; (: )
exaprod;RECEITA2;HISTORICO_DOCUMENTO_GERADO;Histórico de alteraçoes nos Documentos Gerados de Receita, seja DAE ou GNRE.;379347;N;11;NUM_MES_REFERENCIA;NUMBER;22;Y;0;2;12;372702;NO;Mês de referência do Documento Gerado;CKC_NUM_MES_REF_HST_DOC_GER (C: ENABLED)
exaprod;RECEITA2;HISTORICO_DOCUMENTO_GERADO;Histórico de alteraçoes nos Documentos Gerados de Receita, seja DAE ou GNRE.;379347;N;15;NUM_PARCELA;NUMBER;22;Y;0;2;8;472;NO;Número de parcelas do Documento Gerado; (: )
exaprod;RECEITA2;HISTORICO_DOCUMENTO_GERADO;Histórico de alteraçoes nos Documentos Gerados de Receita, seja DAE ou GNRE.;379347;N;6;NUM_PROCESSO;VARCHAR2;30;N;;9;8768;0;NO;Número do processo vinculado a alteraçao do Documento Gerado. Exemplo: Changepoint, Assyst, etc.;SYS_C001528389 (C: ENABLED)
exaprod;RECEITA2;HISTORICO_DOCUMENTO_GERADO;Histórico de alteraçoes nos Documentos Gerados de Receita, seja DAE ou GNRE.;379347;N;26;SEQ_CONTRIBUINTE;NUMBER;22;Y;0;6;3178;6086;NO;Identificador Contribuinte responsável por pagar o documento de receita gerado;FK_CONTRIBUINTE_R_HIST_DOC_GER (FOREIGN KEY: ENABLED)
exaprod;RECEITA2;HISTORICO_DOCUMENTO_GERADO;Histórico de alteraçoes nos Documentos Gerados de Receita, seja DAE ou GNRE.;379347;N;2;SEQ_DOCUMENTO_GERADO;NUMBER;22;N;0;7;372576;0;NO;Chave sequencial do Documento Gerado alterado;FK_DOC_GERADO_R_HIST_DOC_GER (FOREIGN KEY: ENABLED)- SYS_C001528385 (C: ENABLED)
exaprod;RECEITA2;HISTORICO_DOCUMENTO_GERADO;Histórico de alteraçoes nos Documentos Gerados de Receita, seja DAE ou GNRE.;379347;N;1;SEQ_HISTORICO_DOCUMENTO_GERADO;NUMBER;22;N;0;5;379347;0;NO;Chave sequencial do histórico de um Documento Gerado de Receita;PK_HISTORICO_DOCUMENTO_GERADO (PRIMARY KEY: ENABLED)- SYS_C001528384 (C: ENABLED)
exaprod;RECEITA2;HISTORICO_DOCUMENTO_GERADO;Histórico de alteraçoes nos Documentos Gerados de Receita, seja DAE ou GNRE.;379347;N;16;SEQ_RECEITA_GNRE_ORIGINAL;NUMBER;22;Y;0;3;10;6064;NO;Chave sequencial da Receita GNRE original;FK_COD_REC_GNRE_R_HIST_DOC_GER (FOREIGN KEY: ENABLED)
exaprod;RECEITA2;HISTORICO_DOCUMENTO_GERADO;Histórico de alteraçoes nos Documentos Gerados de Receita, seja DAE ou GNRE.;379347;N;21;TIP_CNPJ_CPF_DESTINATARIO;NUMBER;22;Y;0;3;2;10833;NO;"Tipo de Destinatário:
1 - CNPJ
2 - CPF";CKC_TIP_DOC_DEST_HST_DOC_GER (C: ENABLED)
exaprod;RECEITA2;HISTORICO_DOCUMENTO_GERADO;Histórico de alteraçoes nos Documentos Gerados de Receita, seja DAE ou GNRE.;379347;N;17;TIP_CNPJ_CPF_EMISSOR;NUMBER;22;Y;0;3;2;6655;NO;"Tipo de Emissor:
1 - CNPJ
2 - CPF";CKC_TIP_DOC_EMISS_HST_DOC_GER (C: ENABLED)
exaprod;RECEITA2;HISTORICO_DOCUMENTO_GERADO;Histórico de alteraçoes nos Documentos Gerados de Receita, seja DAE ou GNRE.;379347;N;9;TIP_CNPJ_CPF_OUTROS;NUMBER;22;Y;0;3;3;0;NO;"Tipos de documentos que identifica o contribuinte:
1 - CGF
2 - CNPJ
3 - CPF
4 - OUTROS
";CKC_TIP_DOC_CONTR_HST_DOC_GER (C: ENABLED)
exaprod;RECEITA2;HISTORICO_DOCUMENTO_GERADO;Histórico de alteraçoes nos Documentos Gerados de Receita, seja DAE ou GNRE.;379347;N;13;TIP_DOCUMENTO_ORIGEM;NUMBER;22;Y;0;3;11;11114;NO;Tipo de documento original (vindo de um sistema cliente do RECEITA) a partir do qual foi criado o Documento Gerado;FK_TIPO_DOC_R_HIST_DOC_GER (FOREIGN KEY: ENABLED)
exaprod;RECEITA2;HISTORICO_PAGAMENTO_DOCUMENTO;Histórico de correçoes da tabela PAGAMENTO_DOCUMENTO nos casos dos pagamentos rejeitados.;262294;N;4;COD_MATRICULA_USUARIO;VARCHAR2;8;Y;;2;172;254171;NO;Matrícula do usuário que registrou a alteraçao, se realizada na Intranet; (: )
exaprod;RECEITA2;HISTORICO_PAGAMENTO_DOCUMENTO;Histórico de correçoes da tabela PAGAMENTO_DOCUMENTO nos casos dos pagamentos rejeitados.;262294;N;8;DAT_CORRECAO;DATE;7;N;;8;52664;0;NO;Data da correçao do Pagamento Recebido;SYS_C001528378 (C: ENABLED)
exaprod;RECEITA2;HISTORICO_PAGAMENTO_DOCUMENTO;Histórico de correçoes da tabela PAGAMENTO_DOCUMENTO nos casos dos pagamentos rejeitados.;262294;N;7;DAT_PROCESSO;DATE;7;Y;;2;769;260294;NO;Data do Processo vinculado a alteraçao do Pagamento Recebido, quando corrigido pela Intranet.; (: )
exaprod;RECEITA2;HISTORICO_PAGAMENTO_DOCUMENTO;Histórico de correçoes da tabela PAGAMENTO_DOCUMENTO nos casos dos pagamentos rejeitados.;262294;N;5;NUM_CPF_USUARIO;NUMBER;22;Y;0;2;11;262032;NO;CPF do usuário externo (vinculado a Instituiçao Arrecadadora do recebimento), que registrou a alteraçao, se realizada na Internet; (: )
exaprod;RECEITA2;HISTORICO_PAGAMENTO_DOCUMENTO;Histórico de correçoes da tabela PAGAMENTO_DOCUMENTO nos casos dos pagamentos rejeitados.;262294;N;9;NUM_PROCESSO;VARCHAR2;30;Y;;2;1731;260294;NO;Número do processo vinculado a alteraçao do Pagamento Recebido, quando corrigido pela Intranet. Exemplo: Changepoint, Assyst, etc.; (: )
exaprod;RECEITA2;HISTORICO_PAGAMENTO_DOCUMENTO;Histórico de correçoes da tabela PAGAMENTO_DOCUMENTO nos casos dos pagamentos rejeitados.;262294;N;3;SEQ_DOCUMENTO_GERADO;NUMBER;22;Y;0;2;32100;229854;NO;Chave sequencial do Documento Gerado relacionado ao Pagamento Recebido no momento da alteraçao. Pode ser nulo, no caso de rejeiçao por documento nao encontrado;FK_DOC_GERADO_R_HIST_PAG_DOC (FOREIGN KEY: ENABLED)
exaprod;RECEITA2;HISTORICO_PAGAMENTO_DOCUMENTO;Histórico de correçoes da tabela PAGAMENTO_DOCUMENTO nos casos dos pagamentos rejeitados.;262294;N;1;SEQ_HISTORICO_PAGAMENTO_DOC;NUMBER;22;N;0;5;262294;0;NO;Campo sequecial da tabela;PK_HISTORICO_PAGAMENTO_DOC (PRIMARY KEY: ENABLED)- SYS_C001528375 (C: ENABLED)
exaprod;RECEITA2;HISTORICO_PAGAMENTO_DOCUMENTO;Histórico de correçoes da tabela PAGAMENTO_DOCUMENTO nos casos dos pagamentos rejeitados.;262294;N;2;SEQ_PAGAMENTO_DOCUMENTO;NUMBER;22;N;0;7;259760;0;NO;Campo sequencial do Pagamento Recebido que sofreu alteraçao;FK_PAG_DOC_R_HIST_PAG_DOC (FOREIGN KEY: ENABLED)- SYS_C001528376 (C: ENABLED)
exaprod;RECEITA2;HISTORICO_PAGAMENTO_DOCUMENTO;Histórico de correçoes da tabela PAGAMENTO_DOCUMENTO nos casos dos pagamentos rejeitados.;262294;N;10;STA_ACAO_CORRECAO;CHAR;1;N;;2;2;0;NO;"Açao realizada sobre o Pagamento Recebido:
C - Correçao
D - Correçao Desfeita";CKC_STA_ACAO_CORRECAO_HIST_PGT (C: ENABLED)- SYS_C001528379 (C: ENABLED)
exaprod;RECEITA2;HISTORICO_PAGAMENTO_DOCUMENTO;Histórico de correçoes da tabela PAGAMENTO_DOCUMENTO nos casos dos pagamentos rejeitados.;262294;N;12;STA_CORRECAO_SISTEMA;NUMBER;22;N;0;3;2;0;NO;"Indica se a correçao foi feita por um processo do próprio sistema, nao de um usuário (interno ou externo):
0 - Correçao manual, feita por usuário
1 - Correçao pelo sistema";CKC_STA_CORREC_SIST_HIST_PGT (C: ENABLED)- SYS_C001528380 (C: ENABLED)
exaprod;RECEITA2;HISTORICO_PAGAMENTO_DOCUMENTO;Histórico de correçoes da tabela PAGAMENTO_DOCUMENTO nos casos dos pagamentos rejeitados.;262294;N;6;STA_PAGAMENTO_DOCUMENTO;NUMBER;22;N;0;3;3;0;NO;"Identifica a situaçao do Pagamento Recebido relacionado a um Documento Gerado:
1 - Pago
2 - Pago aguardando confirmaçao (Rajada)
3 - Rejeitado por duplicaçao
4 - Rejeitado por documento nao encontrado";CKC_STA_PAGTO_DOC_PAG_DOC_HIST (C: ENABLED)- SYS_C001528377 (C: ENABLED)
exaprod;RECEITA2;HISTORICO_PAGAMENTO_DOCUMENTO;Histórico de correçoes da tabela PAGAMENTO_DOCUMENTO nos casos dos pagamentos rejeitados.;262294;N;11;TXT_OBSERVACAO;VARCHAR2;500;Y;;35;1802;112301;NO;Observaçao do usuário ao registrar a alteraçao; (: )
exaprod;RECEITA2;INSTITUICAO_ARRECADADORA;Instituiçao financeira conveniada, capaz de receber valores de receita do Estado, referente a algum documento de arrecadaçao. Podem ser conveniados bancos e diversas outras instituiçoes capazes de registrar transaçoes no sistema bancário (como redes de farmácias, instituiçoes de crédito, etc);8;N;9;DAT_FIM_CONVENIO;DATE;7;Y;;1;0;8;NO;Data em que o convênio foi finalizado; (: )
exaprod;RECEITA2;INSTITUICAO_ARRECADADORA;Instituiçao financeira conveniada, capaz de receber valores de receita do Estado, referente a algum documento de arrecadaçao. Podem ser conveniados bancos e diversas outras instituiçoes capazes de registrar transaçoes no sistema bancário (como redes de farmácias, instituiçoes de crédito, etc);8;N;8;DAT_INICIO_CONVENIO;DATE;7;N;;8;2;0;NO;Data em que o convênio passou a vigorar;SYS_C001528124 (C: ENABLED)
exaprod;RECEITA2;INSTITUICAO_ARRECADADORA;Instituiçao financeira conveniada, capaz de receber valores de receita do Estado, referente a algum documento de arrecadaçao. Podem ser conveniados bancos e diversas outras instituiçoes capazes de registrar transaçoes no sistema bancário (como redes de farmácias, instituiçoes de crédito, etc);8;N;10;DSC_CONVENIO_ARQ_DAE;VARCHAR2;20;Y;;19;7;1;NO;"Informação do convênio bancário que vem no registro Header dos arquivos de DAE da Instituição Arrecadadora.
Servirá para validar se um arquivo é realmente destinado para a SEFAZ"; (: )
exaprod;RECEITA2;INSTITUICAO_ARRECADADORA;Instituiçao financeira conveniada, capaz de receber valores de receita do Estado, referente a algum documento de arrecadaçao. Podem ser conveniados bancos e diversas outras instituiçoes capazes de registrar transaçoes no sistema bancário (como redes de farmácias, instituiçoes de crédito, etc);8;N;5;DSC_SIGLA_INSTITUICAO;VARCHAR2;20;N;;7;8;0;NO;Sigla da Instituiçao Arrecadadora;INSTITUICAO_ARRECADADORA_UK2 (UNIQUE: ENABLED)- SYS_C001528121 (C: ENABLED)
exaprod;RECEITA2;INSTITUICAO_ARRECADADORA;Instituiçao financeira conveniada, capaz de receber valores de receita do Estado, referente a algum documento de arrecadaçao. Podem ser conveniados bancos e diversas outras instituiçoes capazes de registrar transaçoes no sistema bancário (como redes de farmácias, instituiçoes de crédito, etc);8;N;4;NOM_INSTITUICAO;VARCHAR2;100;N;;14;8;0;NO;"Nome da Instituiçao Arrecadadora. Informado pelo usuário caso a Instituiçao nao seja do Tipo = Banco. Caso contrário, deve receber o mesmo valor de ""Nome do Banco""";INSTITUICAO_ARRECADADORA_UK1 (UNIQUE: ENABLED)- SYS_C001528120 (C: ENABLED)
exaprod;RECEITA2;INSTITUICAO_ARRECADADORA;Instituiçao financeira conveniada, capaz de receber valores de receita do Estado, referente a algum documento de arrecadaçao. Podem ser conveniados bancos e diversas outras instituiçoes capazes de registrar transaçoes no sistema bancário (como redes de farmácias, instituiçoes de crédito, etc);8;N;6;NUM_CNPJ_INSTITUICAO;NUMBER;22;Y;0;9;8;0;NO;CNPJ da Instituiçao Arrecadadora conveniada; (: )
exaprod;RECEITA2;INSTITUICAO_ARRECADADORA;Instituiçao financeira conveniada, capaz de receber valores de receita do Estado, referente a algum documento de arrecadaçao. Podem ser conveniados bancos e diversas outras instituiçoes capazes de registrar transaçoes no sistema bancário (como redes de farmácias, instituiçoes de crédito, etc);8;N;11;NUM_CNPJ_INSTITUICAO_A;VARCHAR2;14;Y;;15;8;0;NO;CNPJ no formato alfanumerico conforme o novo padrao; (: )
exaprod;RECEITA2;INSTITUICAO_ARRECADADORA;Instituiçao financeira conveniada, capaz de receber valores de receita do Estado, referente a algum documento de arrecadaçao. Podem ser conveniados bancos e diversas outras instituiçoes capazes de registrar transaçoes no sistema bancário (como redes de farmácias, instituiçoes de crédito, etc);8;N;7;NUM_CONVENIO;VARCHAR2;15;N;;6;8;0;NO;Número do convênio celebrado que habilita a Instituiçao Arrecadadora como recebedora de documentos arrecadatórios do Estado;SYS_C001528123 (C: ENABLED)
exaprod;RECEITA2;INSTITUICAO_ARRECADADORA;Instituiçao financeira conveniada, capaz de receber valores de receita do Estado, referente a algum documento de arrecadaçao. Podem ser conveniados bancos e diversas outras instituiçoes capazes de registrar transaçoes no sistema bancário (como redes de farmácias, instituiçoes de crédito, etc);8;N;2;SEQ_BANCO;NUMBER;22;Y;0;3;7;1;NO;Sequencial do banco cadastrado, caso a Instituiçao Arrecadadora seja um banco;FK_BANCO_R_INST_ARREC (FOREIGN KEY: ENABLED)
exaprod;RECEITA2;INSTITUICAO_ARRECADADORA;Instituiçao financeira conveniada, capaz de receber valores de receita do Estado, referente a algum documento de arrecadaçao. Podem ser conveniados bancos e diversas outras instituiçoes capazes de registrar transaçoes no sistema bancário (como redes de farmácias, instituiçoes de crédito, etc);8;N;1;SEQ_INSTITUICAO_ARRECADADORA;NUMBER;22;N;0;3;8;0;NO;Chave sequencial da Instituiçao Arrecadadora;PK_INSTITUICAO_ARRECADADORA (PRIMARY KEY: ENABLED)- SYS_C001528118 (C: ENABLED)
exaprod;RECEITA2;INSTITUICAO_ARRECADADORA;Instituiçao financeira conveniada, capaz de receber valores de receita do Estado, referente a algum documento de arrecadaçao. Podem ser conveniados bancos e diversas outras instituiçoes capazes de registrar transaçoes no sistema bancário (como redes de farmácias, instituiçoes de crédito, etc);8;N;3;TIP_INSTITUICAO;NUMBER;22;N;0;3;2;0;NO;"Tipo de Instituiçao Arrecadadora
1 - Banco
2 - Farmácia
3 - Outros";CKC_TIP_INSTITUICAO_INST_FIN (C: ENABLED)- SYS_C001528119 (C: ENABLED)
exaprod;RECEITA2;INSTITUICAO_ARRECADADORA_AUD;Tabela de Auditoria de Instituiçao financeira conveniada, capaz de receber valores de receita do Estado, referente a algum documento de arrecadaçao. Podem ser conveniados bancos e diversas outras instituiçoes capazes de registrar transaçoes no sistema bancário (como redes de farmácias, instituiçoes de crédito, etc).;47;N;9;DAT_FIM_CONVENIO;DATE;7;Y;;2;1;43;NO;Data em que o convênio foi finalizado; (: )
exaprod;RECEITA2;INSTITUICAO_ARRECADADORA_AUD;Tabela de Auditoria de Instituiçao financeira conveniada, capaz de receber valores de receita do Estado, referente a algum documento de arrecadaçao. Podem ser conveniados bancos e diversas outras instituiçoes capazes de registrar transaçoes no sistema bancário (como redes de farmácias, instituiçoes de crédito, etc).;47;N;8;DAT_INICIO_CONVENIO;DATE;7;N;;8;1;0;NO;Data em que o convênio passou a vigorar;SYS_C001528227 (C: ENABLED)
exaprod;RECEITA2;INSTITUICAO_ARRECADADORA_AUD;Tabela de Auditoria de Instituiçao financeira conveniada, capaz de receber valores de receita do Estado, referente a algum documento de arrecadaçao. Podem ser conveniados bancos e diversas outras instituiçoes capazes de registrar transaçoes no sistema bancário (como redes de farmácias, instituiçoes de crédito, etc).;47;N;12;DSC_CONVENIO_ARQ_DAE;VARCHAR2;20;Y;;3;2;43;NO;"Informação do convênio bancário que vem no registro Header dos arquivos de DAE da Instituição Arrecadadora.
Servirá para validar se um arquivo é realmente destinado para a SEFAZ"; (: )
exaprod;RECEITA2;INSTITUICAO_ARRECADADORA_AUD;Tabela de Auditoria de Instituiçao financeira conveniada, capaz de receber valores de receita do Estado, referente a algum documento de arrecadaçao. Podem ser conveniados bancos e diversas outras instituiçoes capazes de registrar transaçoes no sistema bancário (como redes de farmácias, instituiçoes de crédito, etc).;47;N;5;DSC_SIGLA_INSTITUICAO;VARCHAR2;20;N;;6;7;0;NO;Sigla da Instituiçao Arrecadadora;SYS_C001528224 (C: ENABLED)
exaprod;RECEITA2;INSTITUICAO_ARRECADADORA_AUD;Tabela de Auditoria de Instituiçao financeira conveniada, capaz de receber valores de receita do Estado, referente a algum documento de arrecadaçao. Podem ser conveniados bancos e diversas outras instituiçoes capazes de registrar transaçoes no sistema bancário (como redes de farmácias, instituiçoes de crédito, etc).;47;N;4;NOM_INSTITUICAO;VARCHAR2;100;N;;15;9;0;NO;"Nome da Instituiçao Arrecadadora. Informado pelo usuário caso a Instituiçao nao seja do Tipo = Banco. Caso contrário, deve receber o mesmo valor de ""Nome do Banco""";SYS_C001528223 (C: ENABLED)
exaprod;RECEITA2;INSTITUICAO_ARRECADADORA_AUD;Tabela de Auditoria de Instituiçao financeira conveniada, capaz de receber valores de receita do Estado, referente a algum documento de arrecadaçao. Podem ser conveniados bancos e diversas outras instituiçoes capazes de registrar transaçoes no sistema bancário (como redes de farmácias, instituiçoes de crédito, etc).;47;N;6;NUM_CNPJ_INSTITUICAO;NUMBER;22;Y;0;8;7;0;NO;CNPJ da Instituiçao Arrecadadora conveniada; (: )
exaprod;RECEITA2;INSTITUICAO_ARRECADADORA_AUD;Tabela de Auditoria de Instituiçao financeira conveniada, capaz de receber valores de receita do Estado, referente a algum documento de arrecadaçao. Podem ser conveniados bancos e diversas outras instituiçoes capazes de registrar transaçoes no sistema bancário (como redes de farmácias, instituiçoes de crédito, etc).;47;N;13;NUM_CNPJ_INSTITUICAO_A;VARCHAR2;14;Y;;15;7;0;NO;CNPJ no formato alfanumerico conforme o novo padrao; (: )
exaprod;RECEITA2;INSTITUICAO_ARRECADADORA_AUD;Tabela de Auditoria de Instituiçao financeira conveniada, capaz de receber valores de receita do Estado, referente a algum documento de arrecadaçao. Podem ser conveniados bancos e diversas outras instituiçoes capazes de registrar transaçoes no sistema bancário (como redes de farmácias, instituiçoes de crédito, etc).;47;N;7;NUM_CONVENIO;VARCHAR2;15;N;;6;7;0;NO;Número do convênio celebrado que habilita a Instituiçao Arrecadadora como recebedora de documentos arrecadatórios do Estado;SYS_C001528226 (C: ENABLED)
exaprod;RECEITA2;INSTITUICAO_ARRECADADORA_AUD;Tabela de Auditoria de Instituiçao financeira conveniada, capaz de receber valores de receita do Estado, referente a algum documento de arrecadaçao. Podem ser conveniados bancos e diversas outras instituiçoes capazes de registrar transaçoes no sistema bancário (como redes de farmácias, instituiçoes de crédito, etc).;47;N;10;NUM_REV;NUMBER;22;N;0;5;47;0;NO;Guarda a sequencia da auditoria;FK_AUDIT_ENTID_R_ISNT_ARRE_AUD (FOREIGN KEY: ENABLED)- PK_INSTITUICAO_ARRECADADOR_AUD (PRIMARY KEY: ENABLED)- SYS_C001528228 (C: ENABLED)
exaprod;RECEITA2;INSTITUICAO_ARRECADADORA_AUD;Tabela de Auditoria de Instituiçao financeira conveniada, capaz de receber valores de receita do Estado, referente a algum documento de arrecadaçao. Podem ser conveniados bancos e diversas outras instituiçoes capazes de registrar transaçoes no sistema bancário (como redes de farmácias, instituiçoes de crédito, etc).;47;N;2;SEQ_BANCO;NUMBER;22;Y;0;3;6;2;NO;Sequencial do banco cadastrado, caso a Instituiçao Arrecadadora seja um banco; (: )
exaprod;RECEITA2;INSTITUICAO_ARRECADADORA_AUD;Tabela de Auditoria de Instituiçao financeira conveniada, capaz de receber valores de receita do Estado, referente a algum documento de arrecadaçao. Podem ser conveniados bancos e diversas outras instituiçoes capazes de registrar transaçoes no sistema bancário (como redes de farmácias, instituiçoes de crédito, etc).;47;N;1;SEQ_INSTITUICAO_ARRECADADORA;NUMBER;22;N;0;3;7;0;NO;Chave sequencial da Instituiçao Arrecadadora;PK_INSTITUICAO_ARRECADADOR_AUD (PRIMARY KEY: ENABLED)- SYS_C001528221 (C: ENABLED)
exaprod;RECEITA2;INSTITUICAO_ARRECADADORA_AUD;Tabela de Auditoria de Instituiçao financeira conveniada, capaz de receber valores de receita do Estado, referente a algum documento de arrecadaçao. Podem ser conveniados bancos e diversas outras instituiçoes capazes de registrar transaçoes no sistema bancário (como redes de farmácias, instituiçoes de crédito, etc).;47;N;3;TIP_INSTITUICAO;NUMBER;22;N;0;3;2;0;NO;"Tipo de Instituiçao Arrecadadora
1-Banco
2-Outros";SYS_C001528222 (C: ENABLED)
exaprod;RECEITA2;INSTITUICAO_ARRECADADORA_AUD;Tabela de Auditoria de Instituiçao financeira conveniada, capaz de receber valores de receita do Estado, referente a algum documento de arrecadaçao. Podem ser conveniados bancos e diversas outras instituiçoes capazes de registrar transaçoes no sistema bancário (como redes de farmácias, instituiçoes de crédito, etc).;47;N;11;TIP_REVTYPE;NUMBER;22;Y;0;3;2;0;NO;Guarda o tipo da modificaçao.; (: )
exaprod;RECEITA2;KAFKA_OUTBOX;Tabela de saídas de mensagens para o KAFKA, abragendo todos os processos que necessitem desse envio de mensagens. Exemplo: Fluxo de Pagamentos;9664972;N;6;DAT_ENVIO;DATE;7;Y;;8;1121152;3;NO;Data/hora do registro do envio da mensagem ao KAFKA; (: )
exaprod;RECEITA2;KAFKA_OUTBOX;Tabela de saídas de mensagens para o KAFKA, abragendo todos os processos que necessitem desse envio de mensagens. Exemplo: Fluxo de Pagamentos;9664972;N;5;DAT_INCLUSAO;DATE;7;N;;8;6891520;0;NO;Data/hora de criação e inclusão da mensagem na fila para envio ao KAFKA;SYS_C001559822 (C: ENABLED)
exaprod;RECEITA2;KAFKA_OUTBOX;Tabela de saídas de mensagens para o KAFKA, abragendo todos os processos que necessitem desse envio de mensagens. Exemplo: Fluxo de Pagamentos;9664972;N;3;DSC_MENSAGEM;CLOB;4000;N;;789;0;0;NO;Corpo da mensagem;SYS_C001559820 (C: ENABLED)
exaprod;RECEITA2;KAFKA_OUTBOX;Tabela de saídas de mensagens para o KAFKA, abragendo todos os processos que necessitem desse envio de mensagens. Exemplo: Fluxo de Pagamentos;9664972;N;4;DSC_TOPICO;VARCHAR2;255;N;;19;1;0;NO;Tópico do KAFKA para a qual se destina a mensagem;SYS_C001559821 (C: ENABLED)
exaprod;RECEITA2;KAFKA_OUTBOX;Tabela de saídas de mensagens para o KAFKA, abragendo todos os processos que necessitem desse envio de mensagens. Exemplo: Fluxo de Pagamentos;9664972;N;2;NUM_CHAVE_MENSAGEM;VARCHAR2;255;N;;16;9664972;0;NO;Chave da mensagem, contendo a identificação do registro de negócio que foi enviado na mensagem;SYS_C001559819 (C: ENABLED)
exaprod;RECEITA2;KAFKA_OUTBOX;Tabela de saídas de mensagens para o KAFKA, abragendo todos os processos que necessitem desse envio de mensagens. Exemplo: Fluxo de Pagamentos;9664972;N;1;SEQ_KAFKA_OUTBOX;NUMBER;22;N;0;6;9664972;0;NO;Sequencial do registro de mensagem;PK_KAFKA_OUTBOX (PRIMARY KEY: ENABLED)- SYS_C001559818 (C: ENABLED)
exaprod;RECEITA2;LANCA_CONTABIL_ESTORNO_BB;Registros de lançamentos contábeis gerados a partir dos Pagamentos Recebidos que passaram pelo processo de Classificação dos Pagamentos Recebidos. Estes lançamentos são transmitidos para o SIAFE, que é o sistema de contabilidade do Estado. Cada lançamento é uma agregação ou somatório de um conjunto de Pagamentos Recebidos com classificação similar.;819;N;12;COD_BANCO;NUMBER;22;Y;0;3;1;0;NO;Número do banco onde ocorreu o pagamento. Ex.: 1 - BB, 104 - CEF, 237 - Bradesco, etc. O valor vem da coluna SETA.BANCO.NUM_BANCO associado à coluna ARQUIVO_PAGAMENTO.SEQ_INSTITUICAO_ARRECADADORA.; (: )
exaprod;RECEITA2;LANCA_CONTABIL_ESTORNO_BB;Registros de lançamentos contábeis gerados a partir dos Pagamentos Recebidos que passaram pelo processo de Classificação dos Pagamentos Recebidos. Estes lançamentos são transmitidos para o SIAFE, que é o sistema de contabilidade do Estado. Cada lançamento é uma agregação ou somatório de um conjunto de Pagamentos Recebidos com classificação similar.;819;N;4;COD_FATO;NUMBER;22;Y;0;3;1;0;NO;Indica a operação. Pode ser 22 - ORDINÁRIO ou 23 - ESTORNO. O valor é gerado a partir da coluna EVENTO_CONTABILIZAR.COD_ACAO.; (: )
exaprod;RECEITA2;LANCA_CONTABIL_ESTORNO_BB;Registros de lançamentos contábeis gerados a partir dos Pagamentos Recebidos que passaram pelo processo de Classificação dos Pagamentos Recebidos. Estes lançamentos são transmitidos para o SIAFE, que é o sistema de contabilidade do Estado. Cada lançamento é uma agregação ou somatório de um conjunto de Pagamentos Recebidos com classificação similar.;819;N;18;COD_MUNICIPIO;NUMBER;22;Y;0;4;184;178;NO;"Código do município vinculado ao pagamento. Tabela IBGE. Ex.: 4400 - Fortaleza.
Obs.: Preenchido somente nos casos de IPVA (receitas 3018, 3026, 3034 e 3042)"; (: )
exaprod;RECEITA2;LANCA_CONTABIL_ESTORNO_BB;Registros de lançamentos contábeis gerados a partir dos Pagamentos Recebidos que passaram pelo processo de Classificação dos Pagamentos Recebidos. Estes lançamentos são transmitidos para o SIAFE, que é o sistema de contabilidade do Estado. Cada lançamento é uma agregação ou somatório de um conjunto de Pagamentos Recebidos com classificação similar.;819;N;9;COD_PRODUTO_SERVICO;NUMBER;22;Y;0;2;45;774;NO;Código do produto ou serviço associado ao código de arrecadação no qual o pagamento foi classificado. O valor vem da coluna CODIGO_ARRECADACAO.COD_PRODUTO_SERVICO.; (: )
exaprod;RECEITA2;LANCA_CONTABIL_ESTORNO_BB;Registros de lançamentos contábeis gerados a partir dos Pagamentos Recebidos que passaram pelo processo de Classificação dos Pagamentos Recebidos. Estes lançamentos são transmitidos para o SIAFE, que é o sistema de contabilidade do Estado. Cada lançamento é uma agregação ou somatório de um conjunto de Pagamentos Recebidos com classificação similar.;819;N;8;COD_RECEITA;NUMBER;22;Y;0;4;56;0;NO;Código de receita associado ao código de arrecadação no qual o pagamento foi classificado. O valor vem da coluna CODIGO_ARRECADACAO.COD_RECEITA.; (: )
exaprod;RECEITA2;LANCA_CONTABIL_ESTORNO_BB;Registros de lançamentos contábeis gerados a partir dos Pagamentos Recebidos que passaram pelo processo de Classificação dos Pagamentos Recebidos. Estes lançamentos são transmitidos para o SIAFE, que é o sistema de contabilidade do Estado. Cada lançamento é uma agregação ou somatório de um conjunto de Pagamentos Recebidos com classificação similar.;819;N;10;COD_SEGMENTO_ECONOMICO;NUMBER;22;Y;0;2;11;693;NO;Código do segmento econômico associado ao código de arrecadação no qual o pagamento foi classificado. O valor vem da coluna CODIGO_ARRECADACAO.COD_SEGMENTO_ECONOMICO.; (: )
exaprod;RECEITA2;LANCA_CONTABIL_ESTORNO_BB;Registros de lançamentos contábeis gerados a partir dos Pagamentos Recebidos que passaram pelo processo de Classificação dos Pagamentos Recebidos. Estes lançamentos são transmitidos para o SIAFE, que é o sistema de contabilidade do Estado. Cada lançamento é uma agregação ou somatório de um conjunto de Pagamentos Recebidos com classificação similar.;819;N;17;COD_UF;NUMBER;22;Y;0;3;1;178;NO;UF do município. ; (: )
exaprod;RECEITA2;LANCA_CONTABIL_ESTORNO_BB;Registros de lançamentos contábeis gerados a partir dos Pagamentos Recebidos que passaram pelo processo de Classificação dos Pagamentos Recebidos. Estes lançamentos são transmitidos para o SIAFE, que é o sistema de contabilidade do Estado. Cada lançamento é uma agregação ou somatório de um conjunto de Pagamentos Recebidos com classificação similar.;819;N;16;COD_UNIDADE_GESTORA;NUMBER;22;Y;0;5;21;0;NO;Código da Unidade Gestora. O valor vem da coluna ORGAO_EMISSOR_DAE.NUM_CODIGO_CONTABIL.; (: )
exaprod;RECEITA2;LANCA_CONTABIL_ESTORNO_BB;Registros de lançamentos contábeis gerados a partir dos Pagamentos Recebidos que passaram pelo processo de Classificação dos Pagamentos Recebidos. Estes lançamentos são transmitidos para o SIAFE, que é o sistema de contabilidade do Estado. Cada lançamento é uma agregação ou somatório de um conjunto de Pagamentos Recebidos com classificação similar.;819;N;19;COD_UNIDADE_GESTORA_DEVOLUCAO;NUMBER;22;Y;0;0;0;819;NO;Código da Unidade Gestora para devolução de valores.; (: )
exaprod;RECEITA2;LANCA_CONTABIL_ESTORNO_BB;Registros de lançamentos contábeis gerados a partir dos Pagamentos Recebidos que passaram pelo processo de Classificação dos Pagamentos Recebidos. Estes lançamentos são transmitidos para o SIAFE, que é o sistema de contabilidade do Estado. Cada lançamento é uma agregação ou somatório de um conjunto de Pagamentos Recebidos com classificação similar.;819;N;6;DAT_APOSTILAMENTO;DATE;7;Y;;1;0;819;NO;Data de pagamento dos documentos contidos no lançamento. Os pagamentos são agrupados pela coluna PAGAMENTO_RECEBIDO.DAT_PAGAMENTO.; (: )
exaprod;RECEITA2;LANCA_CONTABIL_ESTORNO_BB;Registros de lançamentos contábeis gerados a partir dos Pagamentos Recebidos que passaram pelo processo de Classificação dos Pagamentos Recebidos. Estes lançamentos são transmitidos para o SIAFE, que é o sistema de contabilidade do Estado. Cada lançamento é uma agregação ou somatório de um conjunto de Pagamentos Recebidos com classificação similar.;819;N;13;DAT_ARRECADACAO;DATE;7;Y;;8;1;0;NO;Data de pagamento dos documentos contidos no lançamento. Os pagamentos são agrupados pela coluna PAGAMENTO_RECEBIDO.DAT_PAGAMENTO.; (: )
exaprod;RECEITA2;LANCA_CONTABIL_ESTORNO_BB;Registros de lançamentos contábeis gerados a partir dos Pagamentos Recebidos que passaram pelo processo de Classificação dos Pagamentos Recebidos. Estes lançamentos são transmitidos para o SIAFE, que é o sistema de contabilidade do Estado. Cada lançamento é uma agregação ou somatório de um conjunto de Pagamentos Recebidos com classificação similar.;819;N;3;DAT_ENVIO;DATE;7;Y;;8;8;0;NO;Data em que o lançamento foi enviado para o SIAFE; (: )
exaprod;RECEITA2;LANCA_CONTABIL_ESTORNO_BB;Registros de lançamentos contábeis gerados a partir dos Pagamentos Recebidos que passaram pelo processo de Classificação dos Pagamentos Recebidos. Estes lançamentos são transmitidos para o SIAFE, que é o sistema de contabilidade do Estado. Cada lançamento é uma agregação ou somatório de um conjunto de Pagamentos Recebidos com classificação similar.;819;N;24;DAT_ENVIO_ESTORNO;DATE;7;Y;;8;1;0;NO;; (: )
exaprod;RECEITA2;LANCA_CONTABIL_ESTORNO_BB;Registros de lançamentos contábeis gerados a partir dos Pagamentos Recebidos que passaram pelo processo de Classificação dos Pagamentos Recebidos. Estes lançamentos são transmitidos para o SIAFE, que é o sistema de contabilidade do Estado. Cada lançamento é uma agregação ou somatório de um conjunto de Pagamentos Recebidos com classificação similar.;819;N;2;DAT_LANCAMENTO;DATE;7;Y;;8;4;0;NO;Data de criação do lançamento contábil; (: )
exaprod;RECEITA2;LANCA_CONTABIL_ESTORNO_BB;Registros de lançamentos contábeis gerados a partir dos Pagamentos Recebidos que passaram pelo processo de Classificação dos Pagamentos Recebidos. Estes lançamentos são transmitidos para o SIAFE, que é o sistema de contabilidade do Estado. Cada lançamento é uma agregação ou somatório de um conjunto de Pagamentos Recebidos com classificação similar.;819;N;23;DAT_LANCAMENTO_ESTORNO;DATE;7;Y;;8;1;0;NO;; (: )
exaprod;RECEITA2;LANCA_CONTABIL_ESTORNO_BB;Registros de lançamentos contábeis gerados a partir dos Pagamentos Recebidos que passaram pelo processo de Classificação dos Pagamentos Recebidos. Estes lançamentos são transmitidos para o SIAFE, que é o sistema de contabilidade do Estado. Cada lançamento é uma agregação ou somatório de um conjunto de Pagamentos Recebidos com classificação similar.;819;N;14;DAT_REPASSE;DATE;7;Y;;8;1;0;NO;Data de pagamento dos documentos contidos no lançamento. Os pagamentos são agrupados pela coluna PAGAMENTO_RECEBIDO.DAT_PAGAMENTO.; (: )
exaprod;RECEITA2;LANCA_CONTABIL_ESTORNO_BB;Registros de lançamentos contábeis gerados a partir dos Pagamentos Recebidos que passaram pelo processo de Classificação dos Pagamentos Recebidos. Estes lançamentos são transmitidos para o SIAFE, que é o sistema de contabilidade do Estado. Cada lançamento é uma agregação ou somatório de um conjunto de Pagamentos Recebidos com classificação similar.;819;N;22;SEQ_LANCA_CONTABIL_ESTORNO;NUMBER;22;Y;0;6;819;0;NO;Lote ou Número do Lançamento Contábil de Estorno; (: )
exaprod;RECEITA2;LANCA_CONTABIL_ESTORNO_BB;Registros de lançamentos contábeis gerados a partir dos Pagamentos Recebidos que passaram pelo processo de Classificação dos Pagamentos Recebidos. Estes lançamentos são transmitidos para o SIAFE, que é o sistema de contabilidade do Estado. Cada lançamento é uma agregação ou somatório de um conjunto de Pagamentos Recebidos com classificação similar.;819;N;1;SEQ_LANCA_CONTABIL_ORIGINAL;NUMBER;22;N;0;6;819;0;NO;"Sequencial do lançamento contábil gerado pelo Receita. Esse é o campo ""Número do Lote"" para o SIAFE.";PK_LANCA_CONTABIL_ESTORNO_BB (PRIMARY KEY: ENABLED)- SYS_C001568035 (C: ENABLED)
exaprod;RECEITA2;LANCA_CONTABIL_ESTORNO_BB;Registros de lançamentos contábeis gerados a partir dos Pagamentos Recebidos que passaram pelo processo de Classificação dos Pagamentos Recebidos. Estes lançamentos são transmitidos para o SIAFE, que é o sistema de contabilidade do Estado. Cada lançamento é uma agregação ou somatório de um conjunto de Pagamentos Recebidos com classificação similar.;819;N;5;STA_APOSTILAMENTO;CHAR;1;Y;;2;1;0;NO;Indica se está ocorrendo reclassificação da receita. Pode ser T - True ou F - False.; (: )
exaprod;RECEITA2;LANCA_CONTABIL_ESTORNO_BB;Registros de lançamentos contábeis gerados a partir dos Pagamentos Recebidos que passaram pelo processo de Classificação dos Pagamentos Recebidos. Estes lançamentos são transmitidos para o SIAFE, que é o sistema de contabilidade do Estado. Cada lançamento é uma agregação ou somatório de um conjunto de Pagamentos Recebidos com classificação similar.;819;N;20;STA_PAGTO_ORGAO_PUBLICO;NUMBER;22;Y;0;0;0;819;NO;"Indica se este evento representa pagamentos realizados por órgão público estadual (apenas Ceará):
0 - Não representa pagamentos por órgão público estadual
1 - Representa pagamentos por órgão público estadual"; (: )
exaprod;RECEITA2;LANCA_CONTABIL_ESTORNO_BB;Registros de lançamentos contábeis gerados a partir dos Pagamentos Recebidos que passaram pelo processo de Classificação dos Pagamentos Recebidos. Estes lançamentos são transmitidos para o SIAFE, que é o sistema de contabilidade do Estado. Cada lançamento é uma agregação ou somatório de um conjunto de Pagamentos Recebidos com classificação similar.;819;N;7;TIP_DOCUMENTO;NUMBER;22;Y;0;3;2;0;NO;Tipo do documento gerado. Pode ser 1 - DAE, 2 - GNRE ou 3 - DAS. O valor vem da coluna ARQUIVO_PAGAMENTO.TIP_ORIGEM.; (: )
exaprod;RECEITA2;LANCA_CONTABIL_ESTORNO_BB;Registros de lançamentos contábeis gerados a partir dos Pagamentos Recebidos que passaram pelo processo de Classificação dos Pagamentos Recebidos. Estes lançamentos são transmitidos para o SIAFE, que é o sistema de contabilidade do Estado. Cada lançamento é uma agregação ou somatório de um conjunto de Pagamentos Recebidos com classificação similar.;819;N;11;TIP_VALOR;NUMBER;22;Y;0;3;3;0;NO;"Tipo de valor associado ao código de arrecadação no qual o pagamento foi classificado. O valor vem da coluna CODIGO_ARRECADACAO.TIP_VALOR.
Pode ser 1 - Principal, 2 - Multa/Juros ou 3 - Penalidades.
Obs.: o tipo 4 é enviado para o SIAFE como tipo 1."; (: )
exaprod;RECEITA2;LANCA_CONTABIL_ESTORNO_BB;Registros de lançamentos contábeis gerados a partir dos Pagamentos Recebidos que passaram pelo processo de Classificação dos Pagamentos Recebidos. Estes lançamentos são transmitidos para o SIAFE, que é o sistema de contabilidade do Estado. Cada lançamento é uma agregação ou somatório de um conjunto de Pagamentos Recebidos com classificação similar.;819;N;21;VLR_DESTINACAO_LANC;NUMBER;22;Y;2;5;486;0;NO;Valor real estornado no lançamento; (: )
exaprod;RECEITA2;LANCA_CONTABIL_ESTORNO_BB;Registros de lançamentos contábeis gerados a partir dos Pagamentos Recebidos que passaram pelo processo de Classificação dos Pagamentos Recebidos. Estes lançamentos são transmitidos para o SIAFE, que é o sistema de contabilidade do Estado. Cada lançamento é uma agregação ou somatório de um conjunto de Pagamentos Recebidos com classificação similar.;819;N;15;VLR_PAGO;NUMBER;22;Y;2;5;527;0;NO;Valor do lançamento contábil. Somatório dos valores da coluna PAG_DOC_ARRECADACAO.VLR_ARRECADACAO dos pagamentos agrupados.; (: )
exaprod;RECEITA2;LANCAMENTO_CONTABIL;Registros de lançamentos contábeis gerados a partir dos Pagamentos Recebidos que passaram pelo processo de Classificaçao dos Pagamentos Recebidos. Estes lançamentos sao exportados para o sistema de contabilidade do Estado. Cada lançamento é uma agregaçao ou somatório de um conjunto de Pagamentos Recebidos com classificaçao similar.;0;N;8;COD_CNPJ;NUMBER;22;N;0;0;0;0;NO;CNPJ do órgao estadual vinculado ao lançamento contábil;SYS_C001528474 (C: ENABLED)
exaprod;RECEITA2;LANCAMENTO_CONTABIL;Registros de lançamentos contábeis gerados a partir dos Pagamentos Recebidos que passaram pelo processo de Classificaçao dos Pagamentos Recebidos. Estes lançamentos sao exportados para o sistema de contabilidade do Estado. Cada lançamento é uma agregaçao ou somatório de um conjunto de Pagamentos Recebidos com classificaçao similar.;0;N;10;DAT_ENVIO;DATE;7;Y;;0;0;0;NO;Data em que o Lançamento foi enviado para o sistema de contabilidade; (: )
exaprod;RECEITA2;LANCAMENTO_CONTABIL;Registros de lançamentos contábeis gerados a partir dos Pagamentos Recebidos que passaram pelo processo de Classificaçao dos Pagamentos Recebidos. Estes lançamentos sao exportados para o sistema de contabilidade do Estado. Cada lançamento é uma agregaçao ou somatório de um conjunto de Pagamentos Recebidos com classificaçao similar.;0;N;5;DAT_LANCAMENTO;DATE;7;N;;0;0;0;NO;Data de criaçao do lançamento contábil;SYS_C001528471 (C: ENABLED)
exaprod;RECEITA2;LANCAMENTO_CONTABIL;Registros de lançamentos contábeis gerados a partir dos Pagamentos Recebidos que passaram pelo processo de Classificaçao dos Pagamentos Recebidos. Estes lançamentos sao exportados para o sistema de contabilidade do Estado. Cada lançamento é uma agregaçao ou somatório de um conjunto de Pagamentos Recebidos com classificaçao similar.;0;N;6;DAT_PAGAMENTO;DATE;7;N;;0;0;0;NO;Data de pagamento dos documentos contidos no lançamento;SYS_C001528472 (C: ENABLED)
exaprod;RECEITA2;LANCAMENTO_CONTABIL;Registros de lançamentos contábeis gerados a partir dos Pagamentos Recebidos que passaram pelo processo de Classificaçao dos Pagamentos Recebidos. Estes lançamentos sao exportados para o sistema de contabilidade do Estado. Cada lançamento é uma agregaçao ou somatório de um conjunto de Pagamentos Recebidos com classificaçao similar.;0;N;3;NUM_EXERCICIO;NUMBER;22;N;0;0;0;0;NO;Ano de competência do lançamento;SYS_C001528469 (C: ENABLED)
exaprod;RECEITA2;LANCAMENTO_CONTABIL;Registros de lançamentos contábeis gerados a partir dos Pagamentos Recebidos que passaram pelo processo de Classificaçao dos Pagamentos Recebidos. Estes lançamentos sao exportados para o sistema de contabilidade do Estado. Cada lançamento é uma agregaçao ou somatório de um conjunto de Pagamentos Recebidos com classificaçao similar.;0;N;2;SEQ_CODIGO_ARRECADACAO;NUMBER;22;N;0;0;0;0;NO;Chave sequencial do Código de Arrecadaçao vinculado ao lançamento;FK_COD_ARREC_R_LANC_CONT (FOREIGN KEY: ENABLED)- SYS_C001528468 (C: ENABLED)
exaprod;RECEITA2;LANCAMENTO_CONTABIL;Registros de lançamentos contábeis gerados a partir dos Pagamentos Recebidos que passaram pelo processo de Classificaçao dos Pagamentos Recebidos. Estes lançamentos sao exportados para o sistema de contabilidade do Estado. Cada lançamento é uma agregaçao ou somatório de um conjunto de Pagamentos Recebidos com classificaçao similar.;0;N;1;SEQ_LANCAMENTO_CONTABIL;NUMBER;22;N;0;0;0;0;NO;Sequencial do lançamento contábil gerado pelo Receita;PK_LANCAMENTO_CONTABIL (PRIMARY KEY: ENABLED)- SYS_C001528467 (C: ENABLED)
exaprod;RECEITA2;LANCAMENTO_CONTABIL;Registros de lançamentos contábeis gerados a partir dos Pagamentos Recebidos que passaram pelo processo de Classificaçao dos Pagamentos Recebidos. Estes lançamentos sao exportados para o sistema de contabilidade do Estado. Cada lançamento é uma agregaçao ou somatório de um conjunto de Pagamentos Recebidos com classificaçao similar.;0;N;9;STA_PAGTO_ORGAO_PUBLICO;NUMBER;22;N;0;0;0;0;NO;"Indica se este evento representa pagamentos realizados por órgao público estadual (apenas Ceará):
0 - Nao representa pagamentos por órgao público estadual
1 - Representa pagamentos por órgao público estadual";CKC_STA_PAGT_ORG_PUB_LANC_CONT (C: ENABLED)- SYS_C001528475 (C: ENABLED)
exaprod;RECEITA2;LANCAMENTO_CONTABIL;Registros de lançamentos contábeis gerados a partir dos Pagamentos Recebidos que passaram pelo processo de Classificaçao dos Pagamentos Recebidos. Estes lançamentos sao exportados para o sistema de contabilidade do Estado. Cada lançamento é uma agregaçao ou somatório de um conjunto de Pagamentos Recebidos com classificaçao similar.;0;N;4;TIP_LANCAMENTO;CHAR;1;N;;0;0;0;NO;"Tipo do lançamento:
I - Inclusao de novo lançamento
E - Estorno de um lançamento anterior";CKC_TIP_LANC_LANC_CONT (C: ENABLED)- SYS_C001528470 (C: ENABLED)
exaprod;RECEITA2;LANCAMENTO_CONTABIL;Registros de lançamentos contábeis gerados a partir dos Pagamentos Recebidos que passaram pelo processo de Classificaçao dos Pagamentos Recebidos. Estes lançamentos sao exportados para o sistema de contabilidade do Estado. Cada lançamento é uma agregaçao ou somatório de um conjunto de Pagamentos Recebidos com classificaçao similar.;0;N;7;VLR_LANCAMENTO;NUMBER;22;N;2;0;0;0;NO;Valor do lançamento contábil;SYS_C001528473 (C: ENABLED)
exaprod;RECEITA2;LANCAMENTO_CONTABIL_SIAFE;Registros de lançamentos contábeis gerados a partir dos Pagamentos Recebidos que passaram pelo processo de Classificação dos Pagamentos Recebidos. Estes lançamentos são transmitidos para o SIAFE, que é o sistema de contabilidade do Estado. Cada lançamento é uma agregação ou somatório de um conjunto de Pagamentos Recebidos com classificação similar.;5126986;N;12;COD_BANCO;NUMBER;22;N;0;4;7;0;NO;Número do banco onde ocorreu o pagamento. Ex.: 1 - BB, 104 - CEF, 237 - Bradesco, etc. O valor vem da coluna SETA.BANCO.NUM_BANCO associado à coluna ARQUIVO_PAGAMENTO.SEQ_INSTITUICAO_ARRECADADORA.;SYS_C001544180 (C: ENABLED)
exaprod;RECEITA2;LANCAMENTO_CONTABIL_SIAFE;Registros de lançamentos contábeis gerados a partir dos Pagamentos Recebidos que passaram pelo processo de Classificação dos Pagamentos Recebidos. Estes lançamentos são transmitidos para o SIAFE, que é o sistema de contabilidade do Estado. Cada lançamento é uma agregação ou somatório de um conjunto de Pagamentos Recebidos com classificação similar.;5126986;N;4;COD_FATO;NUMBER;22;N;0;3;1;0;NO;Indica a operação. Pode ser 22 - ORDINÁRIO ou 23 - ESTORNO. O valor é gerado a partir da coluna EVENTO_CONTABILIZAR.COD_ACAO.;SYS_C001544175 (C: ENABLED)
exaprod;RECEITA2;LANCAMENTO_CONTABIL_SIAFE;Registros de lançamentos contábeis gerados a partir dos Pagamentos Recebidos que passaram pelo processo de Classificação dos Pagamentos Recebidos. Estes lançamentos são transmitidos para o SIAFE, que é o sistema de contabilidade do Estado. Cada lançamento é uma agregação ou somatório de um conjunto de Pagamentos Recebidos com classificação similar.;5126986;N;18;COD_MUNICIPIO;NUMBER;22;Y;0;4;184;1313993;NO;"Código do município vinculado ao pagamento. Tabela IBGE. Ex.: 4400 - Fortaleza.
Obs.: Preenchido somente nos casos de IPVA (receitas 3018, 3026, 3034 e 3042)"; (: )
exaprod;RECEITA2;LANCAMENTO_CONTABIL_SIAFE;Registros de lançamentos contábeis gerados a partir dos Pagamentos Recebidos que passaram pelo processo de Classificação dos Pagamentos Recebidos. Estes lançamentos são transmitidos para o SIAFE, que é o sistema de contabilidade do Estado. Cada lançamento é uma agregação ou somatório de um conjunto de Pagamentos Recebidos com classificação similar.;5126986;N;9;COD_PRODUTO_SERVICO;NUMBER;22;Y;0;2;386;4855257;NO;Código do produto ou serviço associado ao código de arrecadação no qual o pagamento foi classificado. O valor vem da coluna CODIGO_ARRECADACAO.COD_PRODUTO_SERVICO.; (: )
exaprod;RECEITA2;LANCAMENTO_CONTABIL_SIAFE;Registros de lançamentos contábeis gerados a partir dos Pagamentos Recebidos que passaram pelo processo de Classificação dos Pagamentos Recebidos. Estes lançamentos são transmitidos para o SIAFE, que é o sistema de contabilidade do Estado. Cada lançamento é uma agregação ou somatório de um conjunto de Pagamentos Recebidos com classificação similar.;5126986;N;8;COD_RECEITA;NUMBER;22;N;0;4;201;0;NO;Código de receita associado ao código de arrecadação no qual o pagamento foi classificado. O valor vem da coluna CODIGO_ARRECADACAO.COD_RECEITA.;SYS_C001544178 (C: ENABLED)
exaprod;RECEITA2;LANCAMENTO_CONTABIL_SIAFE;Registros de lançamentos contábeis gerados a partir dos Pagamentos Recebidos que passaram pelo processo de Classificação dos Pagamentos Recebidos. Estes lançamentos são transmitidos para o SIAFE, que é o sistema de contabilidade do Estado. Cada lançamento é uma agregação ou somatório de um conjunto de Pagamentos Recebidos com classificação similar.;5126986;N;10;COD_SEGMENTO_ECONOMICO;NUMBER;22;Y;0;2;13;4139050;NO;Código do segmento econômico associado ao código de arrecadação no qual o pagamento foi classificado. O valor vem da coluna CODIGO_ARRECADACAO.COD_SEGMENTO_ECONOMICO.; (: )
exaprod;RECEITA2;LANCAMENTO_CONTABIL_SIAFE;Registros de lançamentos contábeis gerados a partir dos Pagamentos Recebidos que passaram pelo processo de Classificação dos Pagamentos Recebidos. Estes lançamentos são transmitidos para o SIAFE, que é o sistema de contabilidade do Estado. Cada lançamento é uma agregação ou somatório de um conjunto de Pagamentos Recebidos com classificação similar.;5126986;N;17;COD_UF;NUMBER;22;Y;0;3;1;1313993;NO;UF do município. ; (: )
exaprod;RECEITA2;LANCAMENTO_CONTABIL_SIAFE;Registros de lançamentos contábeis gerados a partir dos Pagamentos Recebidos que passaram pelo processo de Classificação dos Pagamentos Recebidos. Estes lançamentos são transmitidos para o SIAFE, que é o sistema de contabilidade do Estado. Cada lançamento é uma agregação ou somatório de um conjunto de Pagamentos Recebidos com classificação similar.;5126986;N;16;COD_UNIDADE_GESTORA;NUMBER;22;N;0;5;70;0;NO;Código da Unidade Gestora. O valor vem da coluna ORGAO_EMISSOR_DAE.NUM_CODIGO_CONTABIL.;SYS_C001544184 (C: ENABLED)
exaprod;RECEITA2;LANCAMENTO_CONTABIL_SIAFE;Registros de lançamentos contábeis gerados a partir dos Pagamentos Recebidos que passaram pelo processo de Classificação dos Pagamentos Recebidos. Estes lançamentos são transmitidos para o SIAFE, que é o sistema de contabilidade do Estado. Cada lançamento é uma agregação ou somatório de um conjunto de Pagamentos Recebidos com classificação similar.;5126986;N;19;COD_UNIDADE_GESTORA_DEVOLUCAO;NUMBER;22;Y;0;0;0;5126986;NO;Código da Unidade Gestora para devolução de valores.; (: )
exaprod;RECEITA2;LANCAMENTO_CONTABIL_SIAFE;Registros de lançamentos contábeis gerados a partir dos Pagamentos Recebidos que passaram pelo processo de Classificação dos Pagamentos Recebidos. Estes lançamentos são transmitidos para o SIAFE, que é o sistema de contabilidade do Estado. Cada lançamento é uma agregação ou somatório de um conjunto de Pagamentos Recebidos com classificação similar.;5126986;N;6;DAT_APOSTILAMENTO;DATE;7;Y;;2;912;5058298;NO;Data de pagamento dos documentos contidos no lançamento. Os pagamentos são agrupados pela coluna PAGAMENTO_RECEBIDO.DAT_PAGAMENTO.; (: )
exaprod;RECEITA2;LANCAMENTO_CONTABIL_SIAFE;Registros de lançamentos contábeis gerados a partir dos Pagamentos Recebidos que passaram pelo processo de Classificação dos Pagamentos Recebidos. Estes lançamentos são transmitidos para o SIAFE, que é o sistema de contabilidade do Estado. Cada lançamento é uma agregação ou somatório de um conjunto de Pagamentos Recebidos com classificação similar.;5126986;N;13;DAT_ARRECADACAO;DATE;7;N;;8;915;0;NO;Data de pagamento dos documentos contidos no lançamento. Os pagamentos são agrupados pela coluna PAGAMENTO_RECEBIDO.DAT_PAGAMENTO.;SYS_C001544181 (C: ENABLED)
exaprod;RECEITA2;LANCAMENTO_CONTABIL_SIAFE;Registros de lançamentos contábeis gerados a partir dos Pagamentos Recebidos que passaram pelo processo de Classificação dos Pagamentos Recebidos. Estes lançamentos são transmitidos para o SIAFE, que é o sistema de contabilidade do Estado. Cada lançamento é uma agregação ou somatório de um conjunto de Pagamentos Recebidos com classificação similar.;5126986;N;3;DAT_ENVIO;DATE;7;Y;;8;8654;0;NO;Data em que o lançamento foi enviado para o SIAFE; (: )
exaprod;RECEITA2;LANCAMENTO_CONTABIL_SIAFE;Registros de lançamentos contábeis gerados a partir dos Pagamentos Recebidos que passaram pelo processo de Classificação dos Pagamentos Recebidos. Estes lançamentos são transmitidos para o SIAFE, que é o sistema de contabilidade do Estado. Cada lançamento é uma agregação ou somatório de um conjunto de Pagamentos Recebidos com classificação similar.;5126986;N;2;DAT_LANCAMENTO;DATE;7;N;;8;13730;0;NO;Data de criação do lançamento contábil;SYS_C001544174 (C: ENABLED)
exaprod;RECEITA2;LANCAMENTO_CONTABIL_SIAFE;Registros de lançamentos contábeis gerados a partir dos Pagamentos Recebidos que passaram pelo processo de Classificação dos Pagamentos Recebidos. Estes lançamentos são transmitidos para o SIAFE, que é o sistema de contabilidade do Estado. Cada lançamento é uma agregação ou somatório de um conjunto de Pagamentos Recebidos com classificação similar.;5126986;N;14;DAT_REPASSE;DATE;7;N;;8;915;0;NO;Data de pagamento dos documentos contidos no lançamento. Os pagamentos são agrupados pela coluna PAGAMENTO_RECEBIDO.DAT_PAGAMENTO.;SYS_C001544182 (C: ENABLED)
exaprod;RECEITA2;LANCAMENTO_CONTABIL_SIAFE;Registros de lançamentos contábeis gerados a partir dos Pagamentos Recebidos que passaram pelo processo de Classificação dos Pagamentos Recebidos. Estes lançamentos são transmitidos para o SIAFE, que é o sistema de contabilidade do Estado. Cada lançamento é uma agregação ou somatório de um conjunto de Pagamentos Recebidos com classificação similar.;5126986;N;1;SEQ_LANCAMENTO_CONTABIL_SIAFE;NUMBER;22;N;0;6;5126986;0;NO;"Sequencial do lançamento contábil gerado pelo Receita. Esse é o campo ""Número do Lote"" para o SIAFE.";PK_LANCAMENTO_CONTABIL_SIAFE (PRIMARY KEY: ENABLED)- SYS_C001544173 (C: ENABLED)
exaprod;RECEITA2;LANCAMENTO_CONTABIL_SIAFE;Registros de lançamentos contábeis gerados a partir dos Pagamentos Recebidos que passaram pelo processo de Classificação dos Pagamentos Recebidos. Estes lançamentos são transmitidos para o SIAFE, que é o sistema de contabilidade do Estado. Cada lançamento é uma agregação ou somatório de um conjunto de Pagamentos Recebidos com classificação similar.;5126986;N;5;STA_APOSTILAMENTO;CHAR;1;N;;2;2;0;NO;Indica se está ocorrendo reclassificação da receita. Pode ser T - True ou F - False.;SYS_C001544176 (C: ENABLED)
exaprod;RECEITA2;LANCAMENTO_CONTABIL_SIAFE;Registros de lançamentos contábeis gerados a partir dos Pagamentos Recebidos que passaram pelo processo de Classificação dos Pagamentos Recebidos. Estes lançamentos são transmitidos para o SIAFE, que é o sistema de contabilidade do Estado. Cada lançamento é uma agregação ou somatório de um conjunto de Pagamentos Recebidos com classificação similar.;5126986;N;20;STA_PAGTO_ORGAO_PUBLICO;NUMBER;22;Y;0;0;0;5126986;NO;"Indica se este evento representa pagamentos realizados por órgão público estadual (apenas Ceará):
0 - Não representa pagamentos por órgão público estadual
1 - Representa pagamentos por órgão público estadual"; (: )
exaprod;RECEITA2;LANCAMENTO_CONTABIL_SIAFE;Registros de lançamentos contábeis gerados a partir dos Pagamentos Recebidos que passaram pelo processo de Classificação dos Pagamentos Recebidos. Estes lançamentos são transmitidos para o SIAFE, que é o sistema de contabilidade do Estado. Cada lançamento é uma agregação ou somatório de um conjunto de Pagamentos Recebidos com classificação similar.;5126986;N;7;TIP_DOCUMENTO;NUMBER;22;N;0;3;3;0;NO;Tipo do documento gerado. Pode ser 1 - DAE, 2 - GNRE ou 3 - DAS. O valor vem da coluna ARQUIVO_PAGAMENTO.TIP_ORIGEM.;SYS_C001544177 (C: ENABLED)
exaprod;RECEITA2;LANCAMENTO_CONTABIL_SIAFE;Registros de lançamentos contábeis gerados a partir dos Pagamentos Recebidos que passaram pelo processo de Classificação dos Pagamentos Recebidos. Estes lançamentos são transmitidos para o SIAFE, que é o sistema de contabilidade do Estado. Cada lançamento é uma agregação ou somatório de um conjunto de Pagamentos Recebidos com classificação similar.;5126986;N;11;TIP_VALOR;NUMBER;22;N;0;3;3;0;NO;"Tipo de valor associado ao código de arrecadação no qual o pagamento foi classificado. O valor vem da coluna CODIGO_ARRECADACAO.TIP_VALOR.
Pode ser 1 - Principal, 2 - Multa/Juros ou 3 - Penalidades.
Obs.: o tipo 4 é enviado para o SIAFE como tipo 1.";SYS_C001544179 (C: ENABLED)
exaprod;RECEITA2;LANCAMENTO_CONTABIL_SIAFE;Registros de lançamentos contábeis gerados a partir dos Pagamentos Recebidos que passaram pelo processo de Classificação dos Pagamentos Recebidos. Estes lançamentos são transmitidos para o SIAFE, que é o sistema de contabilidade do Estado. Cada lançamento é uma agregação ou somatório de um conjunto de Pagamentos Recebidos com classificação similar.;5126986;N;15;VLR_PAGO;NUMBER;22;N;2;5;823552;0;NO;Valor do lançamento contábil. Somatório dos valores da coluna PAG_DOC_ARRECADACAO.VLR_ARRECADACAO dos pagamentos agrupados.;SYS_C001544183 (C: ENABLED)
exaprod;RECEITA2;LOG_PROCEDURE;Tabela para registrar os logs das Stored Procedures.;6535386;N;2;DAT_LOG;DATE;7;N;;8;2344192;0;NO;Data do LOG;SYS_C001528495 (C: ENABLED)
exaprod;RECEITA2;LOG_PROCEDURE;Tabela para registrar os logs das Stored Procedures.;6535386;N;3;DSC_LOG;VARCHAR2;4000;N;;106;3812352;0;NO;Descricao do LOG;SYS_C001528496 (C: ENABLED)
exaprod;RECEITA2;LOG_PROCEDURE;Tabela para registrar os logs das Stored Procedures.;6535386;N;4;DSC_ORIGEM;VARCHAR2;100;N;;21;8587;0;NO;Nome da Stored Procedure que gerou o LOG;SYS_C001528497 (C: ENABLED)
exaprod;RECEITA2;LOG_PROCEDURE;Tabela para registrar os logs das Stored Procedures.;6535386;N;1;SEQ_LOG_PROCEDURE;NUMBER;22;N;0;6;6535386;0;NO;Sequencial da tabela;PK_LOG_PROCEDURE (PRIMARY KEY: ENABLED)- SYS_C001528494 (C: ENABLED)
exaprod;RECEITA2;MULTA_PENALIDADE_COPAF;Tabela auxiliar para o processo de Classificação. Registra penalidades/multas dos Documentos Gerados vindas do COPAF. Substitui serviço que acessa o AIX.;342273;N;1;COD_IDENTIFICADOR_UNICO;NUMBER;22;N;0;10;342273;0;NO;Identificador Único do Documento Gerado;PK_MULTA_PENALIDADE_COPAF (PRIMARY KEY: ENABLED)- SYS_C001546608 (C: ENABLED)
exaprod;RECEITA2;MULTA_PENALIDADE_COPAF;Tabela auxiliar para o processo de Classificação. Registra penalidades/multas dos Documentos Gerados vindas do COPAF. Substitui serviço que acessa o AIX.;342273;N;5;DAT_INCORPORACAO;DATE;7;N;;8;2258;0;NO;Data/hora da incorporação do registro ao RECEITA2;SYS_C001546612 (C: ENABLED)
exaprod;RECEITA2;MULTA_PENALIDADE_COPAF;Tabela auxiliar para o processo de Classificação. Registra penalidades/multas dos Documentos Gerados vindas do COPAF. Substitui serviço que acessa o AIX.;342273;N;6;STA_ERRO_COPAF;NUMBER;22;N;0;3;3;0;NO;Código de erro informado pelo COPAF. 0 indica que não houve erro;SYS_C001546613 (C: ENABLED)
exaprod;RECEITA2;MULTA_PENALIDADE_COPAF;Tabela auxiliar para o processo de Classificação. Registra penalidades/multas dos Documentos Gerados vindas do COPAF. Substitui serviço que acessa o AIX.;342273;N;3;VLR_MULTA;NUMBER;22;N;2;4;89056;0;NO;Valor da multa;SYS_C001546610 (C: ENABLED)
exaprod;RECEITA2;MULTA_PENALIDADE_COPAF;Tabela auxiliar para o processo de Classificação. Registra penalidades/multas dos Documentos Gerados vindas do COPAF. Substitui serviço que acessa o AIX.;342273;N;4;VLR_MULTA_PENALIDADE;NUMBER;22;N;2;3;60012;0;NO;Valor da multa/penalidade;SYS_C001546611 (C: ENABLED)
exaprod;RECEITA2;MULTA_PENALIDADE_COPAF;Tabela auxiliar para o processo de Classificação. Registra penalidades/multas dos Documentos Gerados vindas do COPAF. Substitui serviço que acessa o AIX.;342273;N;2;VLR_PRINCIPAL;NUMBER;22;N;2;5;100400;0;NO;Valor principal do documento;SYS_C001546609 (C: ENABLED)
exaprod;RECEITA2;ORGAO_DESTINACAO_ESPECIAL;Relação de órgãos que podem ser Destinação Especial na classificação;21;N;2;COD_CNPJ_ORGAO;NUMBER;22;Y;0;9;21;0;NO;CNPJ do órgão que receberá, no plano de contas do Estado, o valor da Destinação Especial;ORGAO_DESTINACAO_ESPECIAL_UK1 (UNIQUE: ENABLED)
exaprod;RECEITA2;ORGAO_DESTINACAO_ESPECIAL;Relação de órgãos que podem ser Destinação Especial na classificação;21;N;5;COD_CNPJ_ORGAO_A;VARCHAR2;14;Y;;15;21;0;NO;CNPJ no formato alfanumerico conforme o novo padrao;ORGAO_DESTINACAO_ESPECIAL_A_UK1 (UNIQUE: ENABLED)
exaprod;RECEITA2;ORGAO_DESTINACAO_ESPECIAL;Relação de órgãos que podem ser Destinação Especial na classificação;21;N;4;DSC_ORGAO;VARCHAR2;60;N;;9;21;0;NO;Nome do órgão a ter receita destinada;SYS_C001546104 (C: ENABLED)
exaprod;RECEITA2;ORGAO_DESTINACAO_ESPECIAL;Relação de órgãos que podem ser Destinação Especial na classificação;21;N;3;NUM_CODIGO_CONTABIL;NUMBER;22;N;0;5;21;0;NO;Número contábil que representa o órgão no plano de contas do Estado;SYS_C001546103 (C: ENABLED)
exaprod;RECEITA2;ORGAO_DESTINACAO_ESPECIAL;Relação de órgãos que podem ser Destinação Especial na classificação;21;N;1;SEQ_ORGAO_DESTINACAO_ESPECIAL;NUMBER;22;N;0;3;21;0;NO;Chave sequencial do Órgão;PK_ORGAO_DESTINACAO_ESPECIAL (PRIMARY KEY: ENABLED)- SYS_C001546101 (C: ENABLED)
exaprod;RECEITA2;ORGAO_EMISSOR_DAE;Relaçao de órgaos (normalmente órgaos da administraçao direta ou indireta do Estado) autorizados a emitir DAEs;86;N;2;COD_ORGAO_LOCAL;NUMBER;22;N;0;6;86;0;NO;CÓDIGO DO ÓRGAO LOCAL;FK_ORG_LOC_R_ORG_EMI_DAE (FOREIGN KEY: ENABLED)- SYS_C001528161 (C: ENABLED)
exaprod;RECEITA2;ORGAO_EMISSOR_DAE;Relaçao de órgaos (normalmente órgaos da administraçao direta ou indireta do Estado) autorizados a emitir DAEs;86;N;7;DSC_LINK_SITE_EMISSAO;VARCHAR2;300;Y;;14;30;32;NO;Link específico para o site de emissao de DAEs no Órgao Emissor; (: )
exaprod;RECEITA2;ORGAO_EMISSOR_DAE;Relaçao de órgaos (normalmente órgaos da administraçao direta ou indireta do Estado) autorizados a emitir DAEs;86;N;8;DSC_LINK_WEBHOOK_PAGAMENTO;VARCHAR2;300;Y;;3;2;84;NO;Link para envio de notificações de pagamentos; (: )
exaprod;RECEITA2;ORGAO_EMISSOR_DAE;Relaçao de órgaos (normalmente órgaos da administraçao direta ou indireta do Estado) autorizados a emitir DAEs;86;N;3;NUM_CNPJ_CERTIFICADO;NUMBER;22;Y;0;9;86;0;NO;Número do CNPJ associado ao Certificado Digital usado para emissao do DAE;ORGAO_EMISSOR_DAE_UK1 (UNIQUE: ENABLED)
exaprod;RECEITA2;ORGAO_EMISSOR_DAE;Relaçao de órgaos (normalmente órgaos da administraçao direta ou indireta do Estado) autorizados a emitir DAEs;86;N;9;NUM_CNPJ_CERTIFICADO_A;VARCHAR2;14;Y;;15;86;0;NO;CNPJ no formato alfanumerico conforme o novo padrao;ORGAO_EMISSOR_DAE_A_UK1 (UNIQUE: ENABLED)
exaprod;RECEITA2;ORGAO_EMISSOR_DAE;Relaçao de órgaos (normalmente órgaos da administraçao direta ou indireta do Estado) autorizados a emitir DAEs;86;N;4;NUM_CODIGO_CONTABIL;NUMBER;22;N;0;5;52;0;NO;Número contábil que representa o órgao no plano de contas do Estado;SYS_C001528163 (C: ENABLED)
exaprod;RECEITA2;ORGAO_EMISSOR_DAE;Relaçao de órgaos (normalmente órgaos da administraçao direta ou indireta do Estado) autorizados a emitir DAEs;86;N;1;SEQ_ORGAO_EMISSOR_DAE;NUMBER;22;N;0;4;86;0;NO;Chave sequencial do Órgao Emissor;PK_ORGAO_EMISSOR_DAE (PRIMARY KEY: ENABLED)- SYS_C001528160 (C: ENABLED)
exaprod;RECEITA2;ORGAO_EMISSOR_DAE;Relaçao de órgaos (normalmente órgaos da administraçao direta ou indireta do Estado) autorizados a emitir DAEs;86;N;5;STA_ORGAO_EMISSOR_DAE;NUMBER;22;N;0;3;1;0;NO;"Indica se o Órgão Emissor está ativo:
0 - Inativo
1 - Ativo";CKC_STA_ORGAO_ORG_EMI_DAE (C: ENABLED)- SYS_C001528164 (C: ENABLED)
exaprod;RECEITA2;ORGAO_EMISSOR_DAE;Relaçao de órgaos (normalmente órgaos da administraçao direta ou indireta do Estado) autorizados a emitir DAEs;86;N;6;STA_USA_SITE_SEFAZ;NUMBER;22;N;0;3;2;0;NO;"Indicativo de que o Órgão Emissor possui site próprio para emissão dos DAEs. Quando não possui, usa o site da SEFAZ
0 - Órgão Emissor não possui site próprio
1 - Órgão Emissor possui site próprio para emissão de DAEs";CKC_STA_USA_SITE_ORG_EMI_DAE (C: ENABLED)- SYS_C001528165 (C: ENABLED)
exaprod;RECEITA2;ORGAO_EMISSOR_DAE_AUD;Tabela de Auditoria de Relaçao de Órgaos (normalmente Órgaos da administraçao direta ou indireta do Estado) autorizados a emitir DAEs.;141;N;2;COD_ORGAO_LOCAL;NUMBER;22;N;0;6;59;0;NO;Código do Órgao local;SYS_C001528231 (C: ENABLED)
exaprod;RECEITA2;ORGAO_EMISSOR_DAE_AUD;Tabela de Auditoria de Relaçao de Órgaos (normalmente Órgaos da administraçao direta ou indireta do Estado) autorizados a emitir DAEs.;141;N;7;DSC_LINK_SITE_EMISSAO;VARCHAR2;300;Y;;16;36;72;NO;Link específico para o site de emissao de DAEs no Órgao Emissor; (: )
exaprod;RECEITA2;ORGAO_EMISSOR_DAE_AUD;Tabela de Auditoria de Relaçao de Órgaos (normalmente Órgaos da administraçao direta ou indireta do Estado) autorizados a emitir DAEs.;141;N;10;DSC_LINK_WEBHOOK_PAGAMENTO;VARCHAR2;300;Y;;4;3;136;NO;Link para envio de notificações de pagamentos; (: )
exaprod;RECEITA2;ORGAO_EMISSOR_DAE_AUD;Tabela de Auditoria de Relaçao de Órgaos (normalmente Órgaos da administraçao direta ou indireta do Estado) autorizados a emitir DAEs.;141;N;3;NUM_CNPJ_CERTIFICADO;NUMBER;22;Y;0;9;59;0;NO;Número do CNPJ associado ao Certificado Digital usado para emissao do DAE; (: )
exaprod;RECEITA2;ORGAO_EMISSOR_DAE_AUD;Tabela de Auditoria de Relaçao de Órgaos (normalmente Órgaos da administraçao direta ou indireta do Estado) autorizados a emitir DAEs.;141;N;11;NUM_CNPJ_CERTIFICADO_A;VARCHAR2;14;Y;;15;59;0;NO;CNPJ no formato alfanumerico conforme o novo padrao; (: )
exaprod;RECEITA2;ORGAO_EMISSOR_DAE_AUD;Tabela de Auditoria de Relaçao de Órgaos (normalmente Órgaos da administraçao direta ou indireta do Estado) autorizados a emitir DAEs.;141;N;4;NUM_CODIGO_CONTABIL;NUMBER;22;N;0;5;37;0;NO;Número contábil que representa o Órgao no plano de contas do Estado;SYS_C001528233 (C: ENABLED)
exaprod;RECEITA2;ORGAO_EMISSOR_DAE_AUD;Tabela de Auditoria de Relaçao de Órgaos (normalmente Órgaos da administraçao direta ou indireta do Estado) autorizados a emitir DAEs.;141;N;8;NUM_REV;NUMBER;22;N;0;6;141;0;NO;Guarda a sequencia da auditoria;FK_AUDIT_ENTID_R_ORG_E_DAE_AUD (FOREIGN KEY: ENABLED)- PK_ORGAO_EMISSOR_DAE_AUD (PRIMARY KEY: ENABLED)- SYS_C001528236 (C: ENABLED)
exaprod;RECEITA2;ORGAO_EMISSOR_DAE_AUD;Tabela de Auditoria de Relaçao de Órgaos (normalmente Órgaos da administraçao direta ou indireta do Estado) autorizados a emitir DAEs.;141;N;1;SEQ_ORGAO_EMISSOR_DAE;NUMBER;22;N;0;4;59;0;NO;Chave sequencial do Órgao Emissor;PK_ORGAO_EMISSOR_DAE_AUD (PRIMARY KEY: ENABLED)- SYS_C001528230 (C: ENABLED)
exaprod;RECEITA2;ORGAO_EMISSOR_DAE_AUD;Tabela de Auditoria de Relaçao de Órgaos (normalmente Órgaos da administraçao direta ou indireta do Estado) autorizados a emitir DAEs.;141;N;5;STA_ORGAO_EMISSOR_DAE;NUMBER;22;N;0;3;1;0;NO;"Indica se o Órgão Emissor está ativo:
0 - Inativo
1 - Ativo";SYS_C001528234 (C: ENABLED)
exaprod;RECEITA2;ORGAO_EMISSOR_DAE_AUD;Tabela de Auditoria de Relaçao de Órgaos (normalmente Órgaos da administraçao direta ou indireta do Estado) autorizados a emitir DAEs.;141;N;6;STA_USA_SITE_SEFAZ;NUMBER;22;N;0;3;2;0;NO;"Indicativo de que o Órgão Emissor possui site próprio para emissão dos DAEs. Quando não possui, usa o site da SEFAZ
0 - Órgão Emissor não possui site próprio
1 - Órgão Emissor possui site próprio para emissão de DAEs";SYS_C001528235 (C: ENABLED)
exaprod;RECEITA2;ORGAO_EMISSOR_DAE_AUD;Tabela de Auditoria de Relaçao de Órgaos (normalmente Órgaos da administraçao direta ou indireta do Estado) autorizados a emitir DAEs.;141;N;9;TIP_REVTYPE;NUMBER;22;Y;0;3;2;0;NO;Guarda o tipo da modificaçao.; (: )
exaprod;RECEITA2;ORGAO_EMISSOR_PROD_SERVICO;Relaciona produtos ou serviços para os quais um emissor está habilitado a emitir um DAE;697;N;3;COD_PRODUTO_SERVICO;NUMBER;22;Y;0;5;696;1;NO;"Código de produto/serviço vinculado ao Órgao Emissor.

A relaçao comum entre ÓRGAO EMISSOR e suas receitas implica em um vínculo com um PRODUTO/SERVIÇO. Para atender a situaçao da emissao de DAEs do FDI pelo Bradesco, através do INFODAE, foi necessário retirar a constraint de NOT NULL em PRODUTO/SERVIÇO.";FK_PROD_SERV_R_ORG_EMI_PROD (FOREIGN KEY: ENABLED)- ORGAO_EMISSOR_PROD_SERVICO_UK1 (UNIQUE: ENABLED)
exaprod;RECEITA2;ORGAO_EMISSOR_PROD_SERVICO;Relaciona produtos ou serviços para os quais um emissor está habilitado a emitir um DAE;697;N;4;COD_RECEITA;NUMBER;22;N;0;4;153;0;NO;Código da receita vinculada ao produto/serviço;FK_COD_REC_R_ORG_EMI_PROD (FOREIGN KEY: ENABLED)- SYS_C001528179 (C: ENABLED)
exaprod;RECEITA2;ORGAO_EMISSOR_PROD_SERVICO;Relaciona produtos ou serviços para os quais um emissor está habilitado a emitir um DAE;697;N;7;DAT_FINAL_VIGENCIA;DATE;7;Y;;2;3;690;NO;Data do fim da vigência deste produto/serviço para o Órgao Emissor; (: )
exaprod;RECEITA2;ORGAO_EMISSOR_PROD_SERVICO;Relaciona produtos ou serviços para os quais um emissor está habilitado a emitir um DAE;697;N;6;DAT_INICIAL_VIGENCIA;DATE;7;N;;8;207;0;NO;Data do início da vigência deste produto/serviço para o Órgao Emissor;SYS_C001528180 (C: ENABLED)
exaprod;RECEITA2;ORGAO_EMISSOR_PROD_SERVICO;Relaciona produtos ou serviços para os quais um emissor está habilitado a emitir um DAE;697;N;5;QTD_UFIRCE;NUMBER;22;Y;2;2;29;170;NO;Valor do produto/serviço prestado, em UFIRCE; (: )
exaprod;RECEITA2;ORGAO_EMISSOR_PROD_SERVICO;Relaciona produtos ou serviços para os quais um emissor está habilitado a emitir um DAE;697;N;2;SEQ_ORGAO_EMISSOR_DAE;NUMBER;22;N;0;4;81;0;NO;Chave sequencial do Órgao Emissor;FK_ORG_EMI_DAE_R_ORG_EMI_PROD (FOREIGN KEY: ENABLED)- SYS_C001528177 (C: ENABLED)
exaprod;RECEITA2;ORGAO_EMISSOR_PROD_SERVICO;Relaciona produtos ou serviços para os quais um emissor está habilitado a emitir um DAE;697;N;1;SEQ_ORGAO_EMISSOR_PROD_SERVICO;NUMBER;22;N;0;4;697;0;NO;Chave sequencial da relaçao Órgao Emissor x Produto/Serviço;PK_ORGAO_EMISSOR_PROD_SERVICO (PRIMARY KEY: ENABLED)- SYS_C001528176 (C: ENABLED)
exaprod;RECEITA2;ORGAO_EMISSOR_PROD_SERVICO_AUD;Tabela de Auditoria de Relaciona produtos ou serviços para os quais um emissor está habilitado a emitir um DAE.;265;N;3;COD_PRODUTO_SERVICO;NUMBER;22;Y;0;5;231;1;NO;"Código de produto/serviço vinculado ao Órgão Emissor.

A relação comum entre ÓRGÃO EMISSOR e suas receitas implica em um vínculo com um PRODUTO/SERVIÇO. Para atender a situação da emissão de DAEs do FDI pelo Bradesco, através do INFODAE, foi necessário retirar a constraint de NOT NULL em PRODUTO/SERVIÇO."; (: )
exaprod;RECEITA2;ORGAO_EMISSOR_PROD_SERVICO_AUD;Tabela de Auditoria de Relaciona produtos ou serviços para os quais um emissor está habilitado a emitir um DAE.;265;N;4;COD_RECEITA;NUMBER;22;N;0;4;80;0;NO;Código da receita vinculada ao produto/serviço ;SYS_C001528241 (C: ENABLED)
exaprod;RECEITA2;ORGAO_EMISSOR_PROD_SERVICO_AUD;Tabela de Auditoria de Relaciona produtos ou serviços para os quais um emissor está habilitado a emitir um DAE.;265;N;7;DAT_FINAL_VIGENCIA;DATE;7;Y;;2;4;256;NO;Data do fim da vigência deste produto/serviço para o Órgao Emissor; (: )
exaprod;RECEITA2;ORGAO_EMISSOR_PROD_SERVICO_AUD;Tabela de Auditoria de Relaciona produtos ou serviços para os quais um emissor está habilitado a emitir um DAE.;265;N;6;DAT_INICIAL_VIGENCIA;DATE;7;N;;8;90;0;NO;Data do início da vigência deste produto/serviço para o Órgao Emissor;SYS_C001528242 (C: ENABLED)
exaprod;RECEITA2;ORGAO_EMISSOR_PROD_SERVICO_AUD;Tabela de Auditoria de Relaciona produtos ou serviços para os quais um emissor está habilitado a emitir um DAE.;265;N;8;NUM_REV;NUMBER;22;N;0;6;112;0;NO;Guarda a sequencia da auditoria;FK_AUDIT_ENTID_R_ORG_E_PRD_AUD (FOREIGN KEY: ENABLED)- PK_ORGAO_EMISSOR_PROD_SERV_AUD (PRIMARY KEY: ENABLED)- SYS_C001528243 (C: ENABLED)
exaprod;RECEITA2;ORGAO_EMISSOR_PROD_SERVICO_AUD;Tabela de Auditoria de Relaciona produtos ou serviços para os quais um emissor está habilitado a emitir um DAE.;265;N;5;QTD_UFIRCE;NUMBER;22;Y;2;2;4;260;NO;Valor do produto/serviço prestado, em UFIRCE; (: )
exaprod;RECEITA2;ORGAO_EMISSOR_PROD_SERVICO_AUD;Tabela de Auditoria de Relaciona produtos ou serviços para os quais um emissor está habilitado a emitir um DAE.;265;N;2;SEQ_ORGAO_EMISSOR_DAE;NUMBER;22;N;0;4;51;0;NO;Chave sequencial do Órgao Emissor;SYS_C001528239 (C: ENABLED)
exaprod;RECEITA2;ORGAO_EMISSOR_PROD_SERVICO_AUD;Tabela de Auditoria de Relaciona produtos ou serviços para os quais um emissor está habilitado a emitir um DAE.;265;N;1;SEQ_ORGAO_EMISSOR_PROD_SERVICO;NUMBER;22;N;0;4;235;0;NO;Chave sequencial da relaçao Órgao Emissor x produto/serviço ;PK_ORGAO_EMISSOR_PROD_SERV_AUD (PRIMARY KEY: ENABLED)- SYS_C001528238 (C: ENABLED)
exaprod;RECEITA2;ORGAO_EMISSOR_PROD_SERVICO_AUD;Tabela de Auditoria de Relaciona produtos ou serviços para os quais um emissor está habilitado a emitir um DAE.;265;N;9;TIP_REVTYPE;NUMBER;22;Y;0;3;3;0;NO;Guarda o tipo da modificaçao.; (: )
exaprod;RECEITA2;PAGAMENTO_DOCUMENTO;Tabela que relaciona os Pagamentos Recebidos dos títulos de Receita, de acordo com arquivos das Instituiçoes Arrecadadoras, aos Documentos Gerados pelos sistemas clientes do RECEITA. Através desta relaçao sao identificados os pagamentos dos documentos de receita gerados e as situaçoes de rejeiçao (ou nao) destes pagamentos;293962266;N;8;COD_IDENTIFICACAO_TRANS;NUMBER;22;Y;0;3;26358;218345854;NO;Código identificador do Arquivo no AIX, considerando Instituitaçao Arrecadadora e Sequencial do Arquivo (XX YYY SSSSSS). Incluído apenas para carga ETL do legado.; (: )
exaprod;RECEITA2;PAGAMENTO_DOCUMENTO;Tabela que relaciona os Pagamentos Recebidos dos títulos de Receita, de acordo com arquivos das Instituiçoes Arrecadadoras, aos Documentos Gerados pelos sistemas clientes do RECEITA. Através desta relaçao sao identificados os pagamentos dos documentos de receita gerados e as situaçoes de rejeiçao (ou nao) destes pagamentos;293962266;N;10;COD_IDENTIFICADOR_UNICO;NUMBER;22;Y;0;2;4004096;289945658;NO;Código Identificador Único do Documento Gerado associado ao Pagamento. Será usado apenas para carga de dados legados, quando não for possível encontrar o Documento Gerado correto.; (: )
exaprod;RECEITA2;PAGAMENTO_DOCUMENTO;Tabela que relaciona os Pagamentos Recebidos dos títulos de Receita, de acordo com arquivos das Instituiçoes Arrecadadoras, aos Documentos Gerados pelos sistemas clientes do RECEITA. Através desta relaçao sao identificados os pagamentos dos documentos de receita gerados e as situaçoes de rejeiçao (ou nao) destes pagamentos;293962266;N;12;DAT_ATUALIZACAO_REGISTRO;DATE;7;Y;;8;9528320;0;NO;Data de atualização do registro, via trigger, para uso de carga para a Nuvem; (: )
exaprod;RECEITA2;PAGAMENTO_DOCUMENTO;Tabela que relaciona os Pagamentos Recebidos dos títulos de Receita, de acordo com arquivos das Instituiçoes Arrecadadoras, aos Documentos Gerados pelos sistemas clientes do RECEITA. Através desta relaçao sao identificados os pagamentos dos documentos de receita gerados e as situaçoes de rejeiçao (ou nao) destes pagamentos;293962266;N;11;DAT_CARGA_ETL;DATE;7;Y;;8;9447424;0;NO;Data de criação do registro, para uso de carga para a Nuvem; (: )
exaprod;RECEITA2;PAGAMENTO_DOCUMENTO;Tabela que relaciona os Pagamentos Recebidos dos títulos de Receita, de acordo com arquivos das Instituiçoes Arrecadadoras, aos Documentos Gerados pelos sistemas clientes do RECEITA. Através desta relaçao sao identificados os pagamentos dos documentos de receita gerados e as situaçoes de rejeiçao (ou nao) destes pagamentos;293962266;N;4;DAT_PROCESSAMENTO;DATE;7;N;;8;13676544;0;NO;Data do processamento de pagamento do documento;SYS_C001554982 (C: ENABLED)
exaprod;RECEITA2;PAGAMENTO_DOCUMENTO;Tabela que relaciona os Pagamentos Recebidos dos títulos de Receita, de acordo com arquivos das Instituiçoes Arrecadadoras, aos Documentos Gerados pelos sistemas clientes do RECEITA. Através desta relaçao sao identificados os pagamentos dos documentos de receita gerados e as situaçoes de rejeiçao (ou nao) destes pagamentos;293962266;N;9;NUM_SEQUENCIAL_REGISTRO;NUMBER;22;Y;0;2;151104;218345854;NO;Número sequencial NSR. Incluído apenas para carga ETL do legado.; (: )
exaprod;RECEITA2;PAGAMENTO_DOCUMENTO;Tabela que relaciona os Pagamentos Recebidos dos títulos de Receita, de acordo com arquivos das Instituiçoes Arrecadadoras, aos Documentos Gerados pelos sistemas clientes do RECEITA. Através desta relaçao sao identificados os pagamentos dos documentos de receita gerados e as situaçoes de rejeiçao (ou nao) destes pagamentos;293962266;N;3;SEQ_DOCUMENTO_GERADO;NUMBER;22;Y;0;7;182861824;468048;NO;Chave sequencial da tabela de Documento Gerado associado ao pagamento recebido;FK_DOC_GERADO_R_PAG_DOC (FOREIGN KEY: ENABLED)
exaprod;RECEITA2;PAGAMENTO_DOCUMENTO;Tabela que relaciona os Pagamentos Recebidos dos títulos de Receita, de acordo com arquivos das Instituiçoes Arrecadadoras, aos Documentos Gerados pelos sistemas clientes do RECEITA. Através desta relaçao sao identificados os pagamentos dos documentos de receita gerados e as situaçoes de rejeiçao (ou nao) destes pagamentos;293962266;N;1;SEQ_PAGAMENTO_DOCUMENTO;NUMBER;22;N;0;7;293962266;0;NO;Campo sequecial da tabela;PK_PAGAMENTO_DOCUMENTO (PRIMARY KEY: ENABLED)- SYS_C001554981 (C: ENABLED)
exaprod;RECEITA2;PAGAMENTO_DOCUMENTO;Tabela que relaciona os Pagamentos Recebidos dos títulos de Receita, de acordo com arquivos das Instituiçoes Arrecadadoras, aos Documentos Gerados pelos sistemas clientes do RECEITA. Através desta relaçao sao identificados os pagamentos dos documentos de receita gerados e as situaçoes de rejeiçao (ou nao) destes pagamentos;293962266;N;2;SEQ_PAGAMENTO_RECEBIDO;NUMBER;22;Y;0;7;293962265;1;NO;Chave sequencial da tabela Pagamentos Recebidos (via arquivos);FK_PAG_RECEB_R_PAG_DOC (FOREIGN KEY: ENABLED)- PAGAMENTO_DOCUMENTO_UK1 (UNIQUE: ENABLED)
exaprod;RECEITA2;PAGAMENTO_DOCUMENTO;Tabela que relaciona os Pagamentos Recebidos dos títulos de Receita, de acordo com arquivos das Instituiçoes Arrecadadoras, aos Documentos Gerados pelos sistemas clientes do RECEITA. Através desta relaçao sao identificados os pagamentos dos documentos de receita gerados e as situaçoes de rejeiçao (ou nao) destes pagamentos;293962266;N;7;STA_CLASSIFICACAO;NUMBER;22;N;0;3;3;0;NO;"Identifica a situaçao da classificaçao.
0 - Nao classificado
1 - Classificado
2 - Classificado Temporariamente";CKC_STA_CLASSIFICACAO_PAGAMENT (C: ENABLED)- SYS_C001554985 (C: ENABLED)
exaprod;RECEITA2;PAGAMENTO_DOCUMENTO;Tabela que relaciona os Pagamentos Recebidos dos títulos de Receita, de acordo com arquivos das Instituiçoes Arrecadadoras, aos Documentos Gerados pelos sistemas clientes do RECEITA. Através desta relaçao sao identificados os pagamentos dos documentos de receita gerados e as situaçoes de rejeiçao (ou nao) destes pagamentos;293962266;N;5;STA_PAGAMENTO_DOCUMENTO;NUMBER;22;N;0;3;5;0;NO;"Identifica a situação do Pagamento Recebido relacionado a um Documento Gerado:
1 - Pago
2 - Pago aguardando confirmação (Rajada)
3 - Rejeitado por duplicação
4 - Rejeitado por documento não encontrado
5 - Pago instantâneo";CKC_STA_PAGTO_DOC_PAG_DOC (C: ENABLED)- SYS_C001554983 (C: ENABLED)
exaprod;RECEITA2;PAGAMENTO_DOCUMENTO;Tabela que relaciona os Pagamentos Recebidos dos títulos de Receita, de acordo com arquivos das Instituiçoes Arrecadadoras, aos Documentos Gerados pelos sistemas clientes do RECEITA. Através desta relaçao sao identificados os pagamentos dos documentos de receita gerados e as situaçoes de rejeiçao (ou nao) destes pagamentos;293962266;N;6;STA_REJEICAO;NUMBER;22;N;0;3;2;0;NO;"Identifica se o Pagamento recebido, de acordo com o arquivo da Instituiçao Arrecadadora, foi rejeitado no momento do processamento:
0 - Nao Rejeitado
1 - Rejeitado";CKC_STA_REJEICAO_PAG_DOC (C: ENABLED)- SYS_C001554984 (C: ENABLED)
exaprod;RECEITA2;PAGAMENTO_DOCUMENTO_AUD;Auditoria da tabela PAGAMENTO_DOCUMENTO.;23754071;N;4;DAT_PROCESSAMENTO;DATE;7;N;;8;11345920;0;NO;Data do processamento de pagamento do documento;SYS_C001528396 (C: ENABLED)
exaprod;RECEITA2;PAGAMENTO_DOCUMENTO_AUD;Auditoria da tabela PAGAMENTO_DOCUMENTO.;23754071;N;8;NUM_REV;NUMBER;22;N;0;6;12083200;0;NO;Guarda a sequencia da auditoria;FK_AUDIT_ENTID_R_PAG_DOC_AUD (FOREIGN KEY: ENABLED)- PK_PAGAMENTO_DOCUMENTO_AUD (PRIMARY KEY: ENABLED)- SYS_C001528400 (C: ENABLED)
exaprod;RECEITA2;PAGAMENTO_DOCUMENTO_AUD;Auditoria da tabela PAGAMENTO_DOCUMENTO.;23754071;N;3;SEQ_DOCUMENTO_GERADO;NUMBER;22;Y;0;4;11755520;11996378;NO;Chave sequencial da tabela de Documento Gerado associado ao pagamento recebido; (: )
exaprod;RECEITA2;PAGAMENTO_DOCUMENTO_AUD;Auditoria da tabela PAGAMENTO_DOCUMENTO.;23754071;N;1;SEQ_PAGAMENTO_DOCUMENTO;NUMBER;22;N;0;7;23644160;0;NO;Campo sequecial da tabela;PK_PAGAMENTO_DOCUMENTO_AUD (PRIMARY KEY: ENABLED)- SYS_C001528395 (C: ENABLED)
exaprod;RECEITA2;PAGAMENTO_DOCUMENTO_AUD;Auditoria da tabela PAGAMENTO_DOCUMENTO.;23754071;N;2;SEQ_PAGAMENTO_RECEBIDO;NUMBER;22;Y;0;7;23754071;0;NO;Chave sequencial da tabela Pagamentos Recebidos (via arquivos); (: )
exaprod;RECEITA2;PAGAMENTO_DOCUMENTO_AUD;Auditoria da tabela PAGAMENTO_DOCUMENTO.;23754071;N;7;STA_CLASSIFICACAO;NUMBER;22;N;0;2;1;0;NO;;SYS_C001528399 (C: ENABLED)
exaprod;RECEITA2;PAGAMENTO_DOCUMENTO_AUD;Auditoria da tabela PAGAMENTO_DOCUMENTO.;23754071;N;5;STA_PAGAMENTO_DOCUMENTO;NUMBER;22;N;0;3;5;0;NO;"Identifica a situaçao do Pagamento Recebido relacionado a um Documento Gerado:
1 - Pago
2 - Pago aguardando confirmaçao (Rajada)
3 - Rejeitado por duplicaçao
4 - Rejeitado por documento nao encontrado";SYS_C001528397 (C: ENABLED)
exaprod;RECEITA2;PAGAMENTO_DOCUMENTO_AUD;Auditoria da tabela PAGAMENTO_DOCUMENTO.;23754071;N;6;STA_REJEICAO;NUMBER;22;N;0;3;2;0;NO;"Identifica se foi rejeitado o Documento Recebido:
0 - Nao Rejeitado
1 - Rejeitado";CKC_STA_REJEICAO_PAGAMENT (C: ENABLED)- SYS_C001528398 (C: ENABLED)
exaprod;RECEITA2;PAGAMENTO_DOCUMENTO_AUD;Auditoria da tabela PAGAMENTO_DOCUMENTO.;23754071;N;9;TIP_REVTYPE;NUMBER;22;Y;0;3;2;0;NO;Guarda o tipo da modificaçao.; (: )
exaprod;RECEITA2;PAGAMENTO_DUPLICADO_BB;Tabela de pagamentos duplicados identificados no processamento de arquivos do Banco do Brasil (BB).;35649;N;14;COD_IDENTIFICADOR_CORRIGIDO;NUMBER;22;Y;0;2;736;34913;NO;Identificador do Documento Corrigido; (: )
exaprod;RECEITA2;PAGAMENTO_DUPLICADO_BB;Tabela de pagamentos duplicados identificados no processamento de arquivos do Banco do Brasil (BB).;35649;N;1;COD_IDENTIFICADOR_UNICO;NUMBER;22;Y;0;10;35376;0;NO;Código identificador único do pagamento.; (: )
exaprod;RECEITA2;PAGAMENTO_DUPLICADO_BB;Tabela de pagamentos duplicados identificados no processamento de arquivos do Banco do Brasil (BB).;35649;N;9;COD_RECEITA;NUMBER;22;Y;0;4;55;1;NO;Código da receita.; (: )
exaprod;RECEITA2;PAGAMENTO_DUPLICADO_BB;Tabela de pagamentos duplicados identificados no processamento de arquivos do Banco do Brasil (BB).;35649;N;3;COD_TRANSACAO;VARCHAR2;16;Y;;17;35468;0;NO;Código da transação associada ao pagamento.; (: )
exaprod;RECEITA2;PAGAMENTO_DUPLICADO_BB;Tabela de pagamentos duplicados identificados no processamento de arquivos do Banco do Brasil (BB).;35649;N;11;DSC_MOTIVO;VARCHAR2;50;Y;;10;2;736;NO;Descrição do motivo associado ao status.; (: )
exaprod;RECEITA2;PAGAMENTO_DUPLICADO_BB;Tabela de pagamentos duplicados identificados no processamento de arquivos do Banco do Brasil (BB).;35649;N;10;DSC_STATUS;VARCHAR2;50;Y;;10;2;0;NO;Descrição do status do pagamento.; (: )
exaprod;RECEITA2;PAGAMENTO_DUPLICADO_BB;Tabela de pagamentos duplicados identificados no processamento de arquivos do Banco do Brasil (BB).;35649;N;7;NUM_SEQUENCIAL_ARQ;NUMBER;22;Y;0;5;2;0;NO;Número sequencial do arquivo.; (: )
exaprod;RECEITA2;PAGAMENTO_DUPLICADO_BB;Tabela de pagamentos duplicados identificados no processamento de arquivos do Banco do Brasil (BB).;35649;N;8;NUM_SEQUENCIAL_REGISTRO;NUMBER;22;Y;0;5;35649;0;NO;Número sequencial do registro dentro do arquivo.; (: )
exaprod;RECEITA2;PAGAMENTO_DUPLICADO_BB;Tabela de pagamentos duplicados identificados no processamento de arquivos do Banco do Brasil (BB).;35649;N;6;SEQ_ARQUIVO_PAGAMENTO;NUMBER;22;Y;0;6;2;0;NO;Sequencial do arquivo de pagamento.; (: )
exaprod;RECEITA2;PAGAMENTO_DUPLICADO_BB;Tabela de pagamentos duplicados identificados no processamento de arquivos do Banco do Brasil (BB).;35649;N;13;SEQ_DAE_REJEITADO;NUMBER;22;Y;0;2;2959;32690;NO;Sequencial do DAE REJEITADO no RECEITA1; (: )
exaprod;RECEITA2;PAGAMENTO_DUPLICADO_BB;Tabela de pagamentos duplicados identificados no processamento de arquivos do Banco do Brasil (BB).;35649;N;5;SEQ_DOCUMENTO_GERADO;NUMBER;22;Y;0;7;35556;1;NO;Sequencial do documento gerado.; (: )
exaprod;RECEITA2;PAGAMENTO_DUPLICADO_BB;Tabela de pagamentos duplicados identificados no processamento de arquivos do Banco do Brasil (BB).;35649;N;15;SEQ_DOCUMENTO_GERADO_COR;NUMBER;22;Y;0;2;736;34913;NO;Sequencial do DOCUMENTO GERADO da Correção, no RECEITA2; (: )
exaprod;RECEITA2;PAGAMENTO_DUPLICADO_BB;Tabela de pagamentos duplicados identificados no processamento de arquivos do Banco do Brasil (BB).;35649;N;18;SEQ_DOCUMENTO_GERADO_ORIG;NUMBER;22;Y;0;2;736;34913;NO;Sequencial do DOCUMENTO GERADO original do Pagamento; (: )
exaprod;RECEITA2;PAGAMENTO_DUPLICADO_BB;Tabela de pagamentos duplicados identificados no processamento de arquivos do Banco do Brasil (BB).;35649;N;16;SEQ_HIST_PAG_DOC;NUMBER;22;Y;0;2;736;34913;NO;Sequencial do Histórico da Correção Original, caso precise ser desfeita, no RECEITA2; (: )
exaprod;RECEITA2;PAGAMENTO_DUPLICADO_BB;Tabela de pagamentos duplicados identificados no processamento de arquivos do Banco do Brasil (BB).;35649;N;17;SEQ_HIST_PAG_DOC_DESFAZ;NUMBER;22;Y;0;2;736;34913;NO;Sequencial do Histórico de Correção que desfaz a Correção Original, no RECEITA2; (: )
exaprod;RECEITA2;PAGAMENTO_DUPLICADO_BB;Tabela de pagamentos duplicados identificados no processamento de arquivos do Banco do Brasil (BB).;35649;N;12;SEQ_PAGAMENTO_DOCUMENTO;NUMBER;22;Y;0;7;35649;0;NO;Sequencial do pagamento do documento.; (: )
exaprod;RECEITA2;PAGAMENTO_DUPLICADO_BB;Tabela de pagamentos duplicados identificados no processamento de arquivos do Banco do Brasil (BB).;35649;N;4;TIP_DOCUMENTO;VARCHAR2;4;Y;;5;2;0;NO;Tipo do documento.; (: )
exaprod;RECEITA2;PAGAMENTO_DUPLICADO_BB;Tabela de pagamentos duplicados identificados no processamento de arquivos do Banco do Brasil (BB).;35649;N;2;VLR_RECEBIDO;NUMBER;22;Y;8;5;9246;0;NO;Valor recebido no pagamento.; (: )
exaprod;RECEITA2;PAGAMENTO_RECEBIDO;Mant¿¿m os detalhes dos pagamentos recebidos (enviados pelos bancos nos arquivos de pagamento). Mant¿¿m dados do ¿¿¿G¿¿¿- Detalhes;296710761;N;8;COD_AGENCIA_ARRECADADORA;VARCHAR2;8;N;;8;28608;0;NO;"Código da Agência arrecadadora indicado no arquivo ""G"" - Detalhes, na posiçao 109 a 116 do arquivo de DAE e GNRE.
Código da Agência arrecadadora indicado no arquivo ""3"" - Detalhes, na posiçao 248 a 251 do arquivo de DAS";SYS_C001554884 (C: ENABLED)
exaprod;RECEITA2;PAGAMENTO_RECEBIDO;Mant¿¿m os detalhes dos pagamentos recebidos (enviados pelos bancos nos arquivos de pagamento). Mant¿¿m dados do ¿¿¿G¿¿¿- Detalhes;296710761;N;16;COD_IDENTIFICACAO_TRANS;NUMBER;22;Y;0;3;25384;221140665;NO;C¿¿digo identificador do Arquivo no AIX, considerando Instituita¿¿ao Arrecadadora e Sequencial do Arquivo (XX YYY SSSSSS). Inclu¿¿do apenas para carga ETL do legado.; (: )
exaprod;RECEITA2;PAGAMENTO_RECEBIDO;Mant¿¿m os detalhes dos pagamentos recebidos (enviados pelos bancos nos arquivos de pagamento). Mant¿¿m dados do ¿¿¿G¿¿¿- Detalhes;296710761;N;9;COD_TRANSACAO;VARCHAR2;50;Y;;14;107356160;4371761;NO;"Número da autenticaçao caixa ou código de transaçao indicado no arquivo ""G"" - Detalhes, na posiçao 118 a 140 do arquivo de DAE e GNRE.
Número da autenticaçao caixa ou código de transaçao indicado no arquivo ""3"" - Detalhes, na posiçao 222 a 244 do arquivo de DAS"; (: )
exaprod;RECEITA2;PAGAMENTO_RECEBIDO;Mant¿¿m os detalhes dos pagamentos recebidos (enviados pelos bancos nos arquivos de pagamento). Mant¿¿m dados do ¿¿¿G¿¿¿- Detalhes;296710761;N;17;DAT_CARGA_ETL;DATE;7;Y;;8;10022912;0;NO;Data de criação do registro, para uso de carga para a Nuvem; (: )
exaprod;RECEITA2;PAGAMENTO_RECEBIDO;Mant¿¿m os detalhes dos pagamentos recebidos (enviados pelos bancos nos arquivos de pagamento). Mant¿¿m dados do ¿¿¿G¿¿¿- Detalhes;296710761;N;5;DAT_CREDITO;DATE;7;Y;;6;2806;87248212;NO;"Data do crédito indicado no arquivo ""G"" - Detalhes, na posiçao 30 a 37 do arquivo de DAE e GNRE.
Data do crédito indicado no arquivo ""1"" - Detalhes, na posiçao 79 a 86 do arquivo de DAS"; (: )
exaprod;RECEITA2;PAGAMENTO_RECEBIDO;Mant¿¿m os detalhes dos pagamentos recebidos (enviados pelos bancos nos arquivos de pagamento). Mant¿¿m dados do ¿¿¿G¿¿¿- Detalhes;296710761;N;4;DAT_PAGAMENTO;DATE;7;N;;8;9079808;0;NO;"Data do pagamento indicado no arquivo ""G"" - Detalhes, na posiçao 22 a 29 do arquivo de DAE e GNRE.
Data do pagamento indicado no arquivo ""3"" - Detalhes, na posiçao 10 a 17 do arquivo de DAS";SYS_C001554881 (C: ENABLED)
exaprod;RECEITA2;PAGAMENTO_RECEBIDO;Mant¿¿m os detalhes dos pagamentos recebidos (enviados pelos bancos nos arquivos de pagamento). Mant¿¿m dados do ¿¿¿G¿¿¿- Detalhes;296710761;N;12;NUM_CODIGO_BARRA;VARCHAR2;44;Y;;43;164724736;17756532;NO;"Número do código de barras indicado no arquivo ""G"" - Detalhes, na posiçao 38 a 81. Armazena o código de barras de acordo com o enviado pela Instituiçao Arrecadadora, mas sem os dígitos verificadores"; (: )
exaprod;RECEITA2;PAGAMENTO_RECEBIDO;Mant¿¿m os detalhes dos pagamentos recebidos (enviados pelos bancos nos arquivos de pagamento). Mant¿¿m dados do ¿¿¿G¿¿¿- Detalhes;296710761;N;11;NUM_CONTA_CREDITADA;VARCHAR2;20;Y;;8;26193920;49206531;NO;"Identificaçao da Agência/conta/digito creditada indicado no arquivo ""G"" - Detalhes, na posiçao 2 a 21"; (: )
exaprod;RECEITA2;PAGAMENTO_RECEBIDO;Mant¿¿m os detalhes dos pagamentos recebidos (enviados pelos bancos nos arquivos de pagamento). Mant¿¿m dados do ¿¿¿G¿¿¿- Detalhes;296710761;N;10;NUM_LINHA_ARQUIVO;NUMBER;22;N;0;5;206080;0;NO;Número da linha do arquivo;SYS_C001554885 (C: ENABLED)
exaprod;RECEITA2;PAGAMENTO_RECEBIDO;Mant¿¿m os detalhes dos pagamentos recebidos (enviados pelos bancos nos arquivos de pagamento). Mant¿¿m dados do ¿¿¿G¿¿¿- Detalhes;296710761;N;7;NUM_SEQUENCIAL_REGISTRO;NUMBER;22;N;0;5;206080;0;NO;"Número sequencial NSR indicado no arquivo ""G"" - Detalhes, na posiçao 101 a 108 do arquivo de DAE e GNRE.
Número sequencial NSR indicado no arquivo ""3"" - Detalhes, na posiçao 2 a 9 do arquivo de DAS";SYS_C001554883 (C: ENABLED)
exaprod;RECEITA2;PAGAMENTO_RECEBIDO;Mant¿¿m os detalhes dos pagamentos recebidos (enviados pelos bancos nos arquivos de pagamento). Mant¿¿m dados do ¿¿¿G¿¿¿- Detalhes;296710761;N;2;SEQ_ARQUIVO_PAGAMENTO;NUMBER;22;N;0;6;1237632;0;NO;Chave sequencial da tabela Arquivos de Pagamento;FK_ARQUIVO_PAG_R_PAG_DETAL (FOREIGN KEY: ENABLED)- SYS_C001554880 (C: ENABLED)
exaprod;RECEITA2;PAGAMENTO_RECEBIDO;Mant¿¿m os detalhes dos pagamentos recebidos (enviados pelos bancos nos arquivos de pagamento). Mant¿¿m dados do ¿¿¿G¿¿¿- Detalhes;296710761;N;3;SEQ_PAGAMENTO_CONFIRMADO;NUMBER;22;Y;0;4;96722944;197255507;NO;Para um pagamento do tipo Rajada, este campo recebe a chave do registro correspondente que confirma este pagamento (pagamento do tipo Consolidado);FK_PAG_RECEB_R_PAG_RECEB (FOREIGN KEY: ENABLED)
exaprod;RECEITA2;PAGAMENTO_RECEBIDO;Mant¿¿m os detalhes dos pagamentos recebidos (enviados pelos bancos nos arquivos de pagamento). Mant¿¿m dados do ¿¿¿G¿¿¿- Detalhes;296710761;N;1;SEQ_PAGAMENTO_RECEBIDO;NUMBER;22;N;0;7;296710761;0;NO;Chave sequencial da tabela Pagamentos Recebidos (via arquivos);PK_PAGAMENTO_RECEBIDO (PRIMARY KEY: ENABLED)- SYS_C001554879 (C: ENABLED)
exaprod;RECEITA2;PAGAMENTO_RECEBIDO;Mant¿¿m os detalhes dos pagamentos recebidos (enviados pelos bancos nos arquivos de pagamento). Mant¿¿m dados do ¿¿¿G¿¿¿- Detalhes;296710761;N;14;TIP_ARRECADACAO;CHAR;1;N;;2;10;0;NO;"Forma de arrecadação/captura indicado no arquivo ""G"" - Detalhes, na posição 117 a 117  do arquivo de DAE e GNRE.
Com os possíveis valores
1-Guichê de Caixa com fatura/guia de arrecadação
2-Arrecadação Eletrônica com fatura/guia de arrecadação (terminais de auto - atendi-mento, ATM, home/office banking)
3-Internet com fatura/guia de arrecadação “Um sistema financeiro saudável, ético e efi-ciente é condição essencial para o desenvolvimento econômico e social do País” 12
4-Outros meios com fatura/guia de arrecadação
5-Correspondentes bancários com fatura/guia de arrecadação
6-Telefone com fatura/guia de arrecadação
a-Guichê de Caixa sem fatura/guia de arrecadação
b-Arrecadação Eletrônica sem fatura/guia de arrecadação (terminais de auto – atendimento, ATM, home/office banking)
c-Internet sem fatura/guia de arrecadação
d-Correspondentes bancários sem fatura/guia de arrecadação
e-Telefone sem fatura/guia de arrecadação
f-Outros meios sem fatura/guia de arrecadação
g-Casas lotéricas sem fatura/guia de arrecadação
7-Casas lotéricas com fatura/guia de arrecadação
8-Cartão/Multibanco com fatura/guia de arrecadação
9-PIX com fatura/guia de arrecadação
h-Cartão/Multibanco sem fatura/guia de arrecadação
i-PIX sem fatura/guia de arrecadação
0-Não Identificado/Outras formas
Para o arquivo DAS o valor sempre será 0 - Não Identificado/Outras formas";CKC_TIP_ARRECADACAO_PAGTO (C: ENABLED)- SYS_C001554886 (C: ENABLED)
exaprod;RECEITA2;PAGAMENTO_RECEBIDO;Mant¿¿m os detalhes dos pagamentos recebidos (enviados pelos bancos nos arquivos de pagamento). Mant¿¿m dados do ¿¿¿G¿¿¿- Detalhes;296710761;N;15;TIP_FORMA_PAGAMENTO;NUMBER;22;N;0;3;3;0;NO;"Forma de pagamento indicado no arquivo ""G"" - Detalhes, na posi¿¿¿¿o 141 a 141  do arquivo de DAE e GNRE.Com os poss¿¿veis valores 1 - Dinheiro, 2 - Cheque, 3 - N¿¿o Identificado/Outras formas.Para o arquivo DAS o valor sempre ser¿¿ 3 - N¿¿o Identificado/Outras formas.";CKC_TIP_FORMA_PAGAMENTO (C: ENABLED)- SYS_C001554887 (C: ENABLED)
exaprod;RECEITA2;PAGAMENTO_RECEBIDO;Mant¿¿m os detalhes dos pagamentos recebidos (enviados pelos bancos nos arquivos de pagamento). Mant¿¿m dados do ¿¿¿G¿¿¿- Detalhes;296710761;N;6;VLR_RECEBIDO;NUMBER;22;N;2;5;1752064;0;NO;"Valores recebido indicado no arquivo ""G"" - Detalhes, na posiçao 82 a 93 do arquivo de DAE e GNRE.
Valores recebido indicado no arquivo ""3"" - Detalhes, na posiçao 205 a 221 do arquivo de DAS";SYS_C001554882 (C: ENABLED)
exaprod;RECEITA2;PAGAMENTO_RECEBIDO;Mant¿¿m os detalhes dos pagamentos recebidos (enviados pelos bancos nos arquivos de pagamento). Mant¿¿m dados do ¿¿¿G¿¿¿- Detalhes;296710761;N;13;VLR_TARIFA;NUMBER;22;Y;2;3;30;22192998;NO;"Valor da tarifa indicado no arquivo ""G"" - Detalhes, na posiçao 94 a 100"; (: )
exaprod;RECEITA2;PAG_DOC_ARRECADACAO;Classificaçao dos Pagamentos Recebidos em relaçao aos Códigos de Arrecadaçao. O valor arrecadado de um Pagamento Recebido pode ser rateado para um ou mais Códigos de Arrecadaçao dependendo de diversos parâmetros verificados na classificaçao destes pagamentos, como Receita, Regime de recolhimento e Segmento.;175350229;N;5;COD_CNPJ;NUMBER;22;Y;0;9;76;0;NO;CNPJ do órgao que receberá, no plano de contas do Estado, o valor arrecadado; (: )
exaprod;RECEITA2;PAG_DOC_ARRECADACAO;Classificaçao dos Pagamentos Recebidos em relaçao aos Códigos de Arrecadaçao. O valor arrecadado de um Pagamento Recebido pode ser rateado para um ou mais Códigos de Arrecadaçao dependendo de diversos parâmetros verificados na classificaçao destes pagamentos, como Receita, Regime de recolhimento e Segmento.;175350229;N;6;COD_CNPJ_A;VARCHAR2;14;Y;;15;76;1451;NO;CNPJ no formato alfanumerico conforme o novo padrao; (: )
exaprod;RECEITA2;PAG_DOC_ARRECADACAO;Classificaçao dos Pagamentos Recebidos em relaçao aos Códigos de Arrecadaçao. O valor arrecadado de um Pagamento Recebido pode ser rateado para um ou mais Códigos de Arrecadaçao dependendo de diversos parâmetros verificados na classificaçao destes pagamentos, como Receita, Regime de recolhimento e Segmento.;175350229;N;3;SEQ_CODIGO_ARRECADACAO;NUMBER;22;N;0;4;1845;0;NO;Chave sequencial do Código de Arrecadaçao que classifica o Pagamento Recebido;FK_COD_ARREC_R_PAG_DOC_ARR (FOREIGN KEY: ENABLED)- SYS_C001528447 (C: ENABLED)
exaprod;RECEITA2;PAG_DOC_ARRECADACAO;Classificaçao dos Pagamentos Recebidos em relaçao aos Códigos de Arrecadaçao. O valor arrecadado de um Pagamento Recebido pode ser rateado para um ou mais Códigos de Arrecadaçao dependendo de diversos parâmetros verificados na classificaçao destes pagamentos, como Receita, Regime de recolhimento e Segmento.;175350229;N;1;SEQ_PAG_DOC_ARRECADACAO;NUMBER;22;N;0;7;175350229;0;NO;Sequencial da classificaçao de arrecadaçao do pagamento recebido;PK_PAG_DOC_ARRECADACAO (PRIMARY KEY: ENABLED)- SYS_C001528445 (C: ENABLED)
exaprod;RECEITA2;PAG_DOC_ARRECADACAO;Classificaçao dos Pagamentos Recebidos em relaçao aos Códigos de Arrecadaçao. O valor arrecadado de um Pagamento Recebido pode ser rateado para um ou mais Códigos de Arrecadaçao dependendo de diversos parâmetros verificados na classificaçao destes pagamentos, como Receita, Regime de recolhimento e Segmento.;175350229;N;2;SEQ_PAG_DOC_CLASSIFICACAO;NUMBER;22;N;0;7;141606912;0;NO;Sequencial da classificaçao do pagamento recebido;FK_PAG_DOC_CLASS_R_PAG_DOC_ARR (FOREIGN KEY: ENABLED)- SYS_C001528446 (C: ENABLED)
exaprod;RECEITA2;PAG_DOC_ARRECADACAO;Classificaçao dos Pagamentos Recebidos em relaçao aos Códigos de Arrecadaçao. O valor arrecadado de um Pagamento Recebido pode ser rateado para um ou mais Códigos de Arrecadaçao dependendo de diversos parâmetros verificados na classificaçao destes pagamentos, como Receita, Regime de recolhimento e Segmento.;175350229;N;4;VLR_ARRECADACAO;NUMBER;22;N;2;5;1234688;0;NO;Valor classificado para este código de arrecadaçao;SYS_C001528448 (C: ENABLED)
exaprod;RECEITA2;PAG_DOC_CLASSIFICACAO;Classificaçao dos Pagamentos Recebidos, realizada por período de arrecadaçao, de acordo com o Documento Gerado associado ao pagamento. A classificaçao de um pagamento recebido pode ser alterada enquanto o período de arrecadaçao estiver aberto e classificaçoes anteriores também sao persistidas nesta tabela.;142054085;N;3;COD_CNAE;NUMBER;22;N;0;6;1100;0;NO;Código do CNAE associado ao pagamento recebido, de acordo com a classificaçao realizada;FK_CAE_R_PAG_DOC_CLASS (FOREIGN KEY: ENABLED)- SYS_C001528437 (C: ENABLED)
exaprod;RECEITA2;PAG_DOC_CLASSIFICACAO;Classificaçao dos Pagamentos Recebidos, realizada por período de arrecadaçao, de acordo com o Documento Gerado associado ao pagamento. A classificaçao de um pagamento recebido pode ser alterada enquanto o período de arrecadaçao estiver aberto e classificaçoes anteriores também sao persistidas nesta tabela.;142054085;N;7;DAT_CLASSIFICACAO;DATE;7;N;;8;2061824;0;NO;Data em que a classificaçao foi realizada.;SYS_C001528441 (C: ENABLED)
exaprod;RECEITA2;PAG_DOC_CLASSIFICACAO;Classificaçao dos Pagamentos Recebidos, realizada por período de arrecadaçao, de acordo com o Documento Gerado associado ao pagamento. A classificaçao de um pagamento recebido pode ser alterada enquanto o período de arrecadaçao estiver aberto e classificaçoes anteriores também sao persistidas nesta tabela.;142054085;N;6;DAT_PAGAMENTO;DATE;7;N;;8;1146;0;NO;Data do pagamento indicado no arquivo. Replicado do Pagamento Recebido;SYS_C001528440 (C: ENABLED)
exaprod;RECEITA2;PAG_DOC_CLASSIFICACAO;Classificaçao dos Pagamentos Recebidos, realizada por período de arrecadaçao, de acordo com o Documento Gerado associado ao pagamento. A classificaçao de um pagamento recebido pode ser alterada enquanto o período de arrecadaçao estiver aberto e classificaçoes anteriores também sao persistidas nesta tabela.;142054085;N;2;SEQ_PAGAMENTO_DOCUMENTO;NUMBER;22;N;0;7;142054085;0;NO;Campo sequencial do pagamento recebido ;FK_PAG_DOC_R_PAG_DOC_CLASS (FOREIGN KEY: ENABLED)- SYS_C001528436 (C: ENABLED)
exaprod;RECEITA2;PAG_DOC_CLASSIFICACAO;Classificaçao dos Pagamentos Recebidos, realizada por período de arrecadaçao, de acordo com o Documento Gerado associado ao pagamento. A classificaçao de um pagamento recebido pode ser alterada enquanto o período de arrecadaçao estiver aberto e classificaçoes anteriores também sao persistidas nesta tabela.;142054085;N;1;SEQ_PAG_DOC_CLASSIFICACAO;NUMBER;22;N;0;7;142054085;0;NO;Sequencial da classificaçao do pagamento recebido;PK_PAG_DOC_CLASSIFICACAO (PRIMARY KEY: ENABLED)- SYS_C001528435 (C: ENABLED)
exaprod;RECEITA2;PAG_DOC_CLASSIFICACAO;Classificaçao dos Pagamentos Recebidos, realizada por período de arrecadaçao, de acordo com o Documento Gerado associado ao pagamento. A classificaçao de um pagamento recebido pode ser alterada enquanto o período de arrecadaçao estiver aberto e classificaçoes anteriores também sao persistidas nesta tabela.;142054085;N;4;STA_ATIVO;NUMBER;22;N;0;3;2;0;NO;"Indica se o registro representa a classificaçao atual do pagamento recebido:
0 - Classificaçao Inativa (Histórico)
1 - Classificaçao Ativa";CKC_STA_ATIVO_PAG_DOC_CLASS (C: ENABLED)- SYS_C001528438 (C: ENABLED)
exaprod;RECEITA2;PAG_DOC_CLASSIFICACAO;Classificaçao dos Pagamentos Recebidos, realizada por período de arrecadaçao, de acordo com o Documento Gerado associado ao pagamento. A classificaçao de um pagamento recebido pode ser alterada enquanto o período de arrecadaçao estiver aberto e classificaçoes anteriores também sao persistidas nesta tabela.;142054085;N;5;STA_FECHADO;NUMBER;22;N;0;3;2;0;NO;"Indica que o registro representa a classificaçao final do pagamento recebido para o período de arrecadaçao:
0 - Classificaçao Desconsiderada para o período de arrecadaçao
1 - Classificaçao Fechada para o período de arrecadaçao";CKC_STA_FECHADO_PAG_DOC_CLASS (C: ENABLED)- SYS_C001528439 (C: ENABLED)
exaprod;RECEITA2;PAG_DOC_DESTINACAO;Classificaçao dos Pagamentos Recebidos em relaçao a destinaçao da receita. Cada valor associado a um Código de Arrecadaçao pode, por sua vez, ser rateado entre 1 ou mais destinaçoes de acordo com parâmetros como Receita, Município, ser Contribuinte ou nao, Órgao Local.;6732669218;N;5;COD_MUNICIPIO;NUMBER;22;Y;0;5;184;0;NO;Código do Município da destinaçao;FK_MUN_R_PAG_DOC_DES (FOREIGN KEY: ENABLED)
exaprod;RECEITA2;PAG_DOC_DESTINACAO;Classificaçao dos Pagamentos Recebidos em relaçao a destinaçao da receita. Cada valor associado a um Código de Arrecadaçao pode, por sua vez, ser rateado entre 1 ou mais destinaçoes de acordo com parâmetros como Receita, Município, ser Contribuinte ou nao, Órgao Local.;6732669218;N;3;COD_ORGAO_LOCAL;NUMBER;22;N;0;6;20;0;NO;Código do Órgao Local da destinaçao;FK_ORG_LOC_R_PAG_DOC_DES (FOREIGN KEY: ENABLED)- SYS_C001528453 (C: ENABLED)
exaprod;RECEITA2;PAG_DOC_DESTINACAO;Classificaçao dos Pagamentos Recebidos em relaçao a destinaçao da receita. Cada valor associado a um Código de Arrecadaçao pode, por sua vez, ser rateado entre 1 ou mais destinaçoes de acordo com parâmetros como Receita, Município, ser Contribuinte ou nao, Órgao Local.;6732669218;N;7;COD_ORGAO_MONITORAMENTO;NUMBER;22;Y;0;2;31;6681446572;NO;Código do Órgao Local de monitoramento da destinaçao;FK_ORG_LOC_R_PAG_DOC_DES_MONIT (FOREIGN KEY: ENABLED)
exaprod;RECEITA2;PAG_DOC_DESTINACAO;Classificaçao dos Pagamentos Recebidos em relaçao a destinaçao da receita. Cada valor associado a um Código de Arrecadaçao pode, por sua vez, ser rateado entre 1 ou mais destinaçoes de acordo com parâmetros como Receita, Município, ser Contribuinte ou nao, Órgao Local.;6732669218;N;4;COD_UF;NUMBER;22;Y;0;3;1;0;NO;Código da UF da destinaçao;FK_MUN_R_PAG_DOC_DES (FOREIGN KEY: ENABLED)
exaprod;RECEITA2;PAG_DOC_DESTINACAO;Classificaçao dos Pagamentos Recebidos em relaçao a destinaçao da receita. Cada valor associado a um Código de Arrecadaçao pode, por sua vez, ser rateado entre 1 ou mais destinaçoes de acordo com parâmetros como Receita, Município, ser Contribuinte ou nao, Órgao Local.;6732669218;N;2;SEQ_PAG_DOC_ARRECADACAO;NUMBER;22;N;0;7;141312000;0;NO;Sequencial da classificaçao de arrecadaçao do pagamento recebido;FK_PAG_DOC_ARR_R_PAG_DOC_DES (FOREIGN KEY: ENABLED)- SYS_C001528452 (C: ENABLED)
exaprod;RECEITA2;PAG_DOC_DESTINACAO;Classificaçao dos Pagamentos Recebidos em relaçao a destinaçao da receita. Cada valor associado a um Código de Arrecadaçao pode, por sua vez, ser rateado entre 1 ou mais destinaçoes de acordo com parâmetros como Receita, Município, ser Contribuinte ou nao, Órgao Local.;6732669218;N;1;SEQ_PAG_DOC_DESTINACAO;NUMBER;22;N;0;7;6732669218;0;NO;Sequencial do rateio de destinaçao do pagamento recebido;PK_PAG_DOC_DESTINACAO (PRIMARY KEY: ENABLED)- SYS_C001528451 (C: ENABLED)
exaprod;RECEITA2;PAG_DOC_DESTINACAO;Classificaçao dos Pagamentos Recebidos em relaçao a destinaçao da receita. Cada valor associado a um Código de Arrecadaçao pode, por sua vez, ser rateado entre 1 ou mais destinaçoes de acordo com parâmetros como Receita, Município, ser Contribuinte ou nao, Órgao Local.;6732669218;N;6;VLR_DESTINACAO;NUMBER;22;N;2;3;1189888;0;NO;Valor classificado destinado para o Órgao e Município;SYS_C001528454 (C: ENABLED)
exaprod;RECEITA2;PARAMETRO;Tabela de parâmetros do sistema;34;N;1;COD_PARAMETRO;VARCHAR2;100;N;;40;34;0;NO;Código do parâmetro;PK_PARAMETRO (PRIMARY KEY: ENABLED)- SYS_C001528431 (C: ENABLED)
exaprod;RECEITA2;PARAMETRO;Tabela de parâmetros do sistema;34;N;2;DSC_PARAMETRO;VARCHAR2;300;N;;107;34;0;NO;Comentário descritivo sobre o parâmetro;SYS_C001528432 (C: ENABLED)
exaprod;RECEITA2;PARAMETRO;Tabela de parâmetros do sistema;34;N;3;VLR_PARAMETRO;VARCHAR2;300;N;;42;34;0;NO;Valor do parâmetro;SYS_C001528433 (C: ENABLED)
exaprod;RECEITA2;PRODUTO_GNRE;Produto associado a Receita GNRE, como definido no Portal GNRE;89;N;1;COD_PRODUTO_GNRE;NUMBER;22;N;0;3;89;0;NO;Código do produto na GNRE;PK_PRODUTO_GNRE (PRIMARY KEY: ENABLED)- SYS_C001528425 (C: ENABLED)
exaprod;RECEITA2;PRODUTO_GNRE;Produto associado a Receita GNRE, como definido no Portal GNRE;89;N;2;DSC_PRODUTO_GNRE;VARCHAR2;300;N;;43;89;0;NO;Descriçao do produto na GNRE;SYS_C001528426 (C: ENABLED)
exaprod;RECEITA2;RECEITA_GNRE_SEFAZ;Relaçao entre as Receitas GNRE e os códigos de receita da SEFAZ (Relaçao N x N);11;N;3;COD_RECEITA;NUMBER;22;N;0;4;7;0;NO;Código da receita SEFAZ;FK_COD_REC_R_REC_GNRE_SFZ (FOREIGN KEY: ENABLED)- RECEITA_GNRE_SEFAZ_UK1 (UNIQUE: ENABLED)- SYS_C001528151 (C: ENABLED)
exaprod;RECEITA2;RECEITA_GNRE_SEFAZ;Relaçao entre as Receitas GNRE e os códigos de receita da SEFAZ (Relaçao N x N);11;N;2;SEQ_CODIGO_RECEITA_GNRE;NUMBER;22;N;0;3;11;0;NO;Chave sequencial da Receita GNRE;FK_COD_REC_GNRE_R_REC_GNRE_SFZ (FOREIGN KEY: ENABLED)- RECEITA_GNRE_SEFAZ_UK1 (UNIQUE: ENABLED)- RECEITA_GNRE_SEFAZ_UK2 (UNIQUE: ENABLED)- SYS_C001528150 (C: ENABLED)
exaprod;RECEITA2;RECEITA_GNRE_SEFAZ;Relaçao entre as Receitas GNRE e os códigos de receita da SEFAZ (Relaçao N x N);11;N;1;SEQ_RECEITA_GNRE_SEFAZ;NUMBER;22;N;0;3;11;0;NO;Chave sequencial da relaçao entre Receita GNRE e código de receita da SEFAZ;PK_RECEITA_GNRE_SEFAZ (PRIMARY KEY: ENABLED)- SYS_C001528149 (C: ENABLED)
exaprod;RECEITA2;RECEITA_GNRE_SEFAZ_AUD;Tabela de Auditoria de Relaçao entre as Receitas GNRE e os códigos de receita da SEFAZ (Relaçao N x N).;14;N;3;COD_RECEITA;NUMBER;22;N;0;4;6;0;NO;Código da receita SEFAZ;SYS_C001528247 (C: ENABLED)
exaprod;RECEITA2;RECEITA_GNRE_SEFAZ_AUD;Tabela de Auditoria de Relaçao entre as Receitas GNRE e os códigos de receita da SEFAZ (Relaçao N x N).;14;N;4;NUM_REV;NUMBER;22;N;0;5;8;0;NO;Guarda a sequencia da auditoria;FK_AUDIT_ENTID_R_R_GNRE_SF_AUD (FOREIGN KEY: ENABLED)- PK_RECEITA_GNRE_SEFAZ_AUD (PRIMARY KEY: ENABLED)- SYS_C001528248 (C: ENABLED)
exaprod;RECEITA2;RECEITA_GNRE_SEFAZ_AUD;Tabela de Auditoria de Relaçao entre as Receitas GNRE e os códigos de receita da SEFAZ (Relaçao N x N).;14;N;2;SEQ_CODIGO_RECEITA_GNRE;NUMBER;22;N;0;3;5;0;NO;Chave sequencial da Receita GNRE;SYS_C001528246 (C: ENABLED)
exaprod;RECEITA2;RECEITA_GNRE_SEFAZ_AUD;Tabela de Auditoria de Relaçao entre as Receitas GNRE e os códigos de receita da SEFAZ (Relaçao N x N).;14;N;1;SEQ_RECEITA_GNRE_SEFAZ;NUMBER;22;N;0;3;11;0;NO;Chave sequencial da relaçao entre Receita GNRE e Código de receita da SEFAZ;PK_RECEITA_GNRE_SEFAZ_AUD (PRIMARY KEY: ENABLED)- SYS_C001528245 (C: ENABLED)
exaprod;RECEITA2;RECEITA_GNRE_SEFAZ_AUD;Tabela de Auditoria de Relaçao entre as Receitas GNRE e os códigos de receita da SEFAZ (Relaçao N x N).;14;N;5;TIP_REVTYPE;NUMBER;22;Y;0;3;2;0;NO;Guarda o tipo da modificaçao.; (: )
exaprod;RECEITA2;RECEITA_REPARTIDA_COPAF;Tabela auxiliar para o processo de Classificação. Registra valores recolhidos dos Documentos Gerados vindos do COPAF. Substitui serviço que acessa o AIX.;137742;N;1;COD_IDENTIFICADOR_UNICO;NUMBER;22;N;0;10;137742;0;NO;Identificador Único do Documento Gerado;PK_RECEITA_REPARTIDA_COPAF (PRIMARY KEY: ENABLED)- SYS_C001546615 (C: ENABLED)
exaprod;RECEITA2;RECEITA_REPARTIDA_COPAF;Tabela auxiliar para o processo de Classificação. Registra valores recolhidos dos Documentos Gerados vindos do COPAF. Substitui serviço que acessa o AIX.;137742;N;4;DAT_INCORPORACAO;DATE;7;N;;8;1676;0;NO;Data/hora da incorporação do registro ao RECEITA2;SYS_C001546617 (C: ENABLED)
exaprod;RECEITA2;RECEITA_REPARTIDA_COPAF;Tabela auxiliar para o processo de Classificação. Registra valores recolhidos dos Documentos Gerados vindos do COPAF. Substitui serviço que acessa o AIX.;137742;N;3;DSC_MSG_ERRO;VARCHAR2;60;Y;;2;7;136501;NO;Mensagem de erro do COPAF; (: )
exaprod;RECEITA2;RECEITA_REPARTIDA_COPAF;Tabela auxiliar para o processo de Classificação. Registra valores recolhidos dos Documentos Gerados vindos do COPAF. Substitui serviço que acessa o AIX.;137742;N;2;STA_ERRO_COPAF;NUMBER;22;N;0;3;7;0;NO;Código de erro informado pelo COPAF. 0 indica que não houve erro;SYS_C001546616 (C: ENABLED)
exaprod;RECEITA2;RECEITA_REPARTIDA_COPAF_DET;Tabela auxiliar para o processo de Classificação. Registra o detalhamento dos valores recolhidos dos Documentos Gerados vindos do COPAF. Substitui serviço que acessa o AIX.;164500;N;1;COD_IDENTIFICADOR_UNICO;NUMBER;22;N;0;10;135584;0;NO;Identificador Único do Documento Gerado;SYS_C001546619 (C: ENABLED)
exaprod;RECEITA2;RECEITA_REPARTIDA_COPAF_DET;Tabela auxiliar para o processo de Classificação. Registra o detalhamento dos valores recolhidos dos Documentos Gerados vindos do COPAF. Substitui serviço que acessa o AIX.;164500;N;4;COD_ORGAO_LOCAL;NUMBER;22;Y;0;6;71;2007;NO;Código do Órgão Local para destinar o valor recolhido; (: )
exaprod;RECEITA2;RECEITA_REPARTIDA_COPAF_DET;Tabela auxiliar para o processo de Classificação. Registra o detalhamento dos valores recolhidos dos Documentos Gerados vindos do COPAF. Substitui serviço que acessa o AIX.;164500;N;3;NUM_CODIGO_DEVEDOR;NUMBER;22;Y;0;7;21520;0;NO;Número do documento do devedor, de acordo com TIP_DEVEDOR; (: )
exaprod;RECEITA2;RECEITA_REPARTIDA_COPAF_DET;Tabela auxiliar para o processo de Classificação. Registra o detalhamento dos valores recolhidos dos Documentos Gerados vindos do COPAF. Substitui serviço que acessa o AIX.;164500;N;6;NUM_CODIGO_DEVEDOR_A;VARCHAR2;14;Y;;11;21690;133;NO;CNPJ no formato alfanumerico conforme o novo padrao; (: )
exaprod;RECEITA2;RECEITA_REPARTIDA_COPAF_DET;Tabela auxiliar para o processo de Classificação. Registra o detalhamento dos valores recolhidos dos Documentos Gerados vindos do COPAF. Substitui serviço que acessa o AIX.;164500;N;2;TIP_DEVEDOR;NUMBER;22;N;0;3;3;0;NO;"Tipo do devedor que será creditado com o valor recolhido:
1 - Contribuinte cadastrado (CGF)
2 - CNPJ
3 - CPF
4 - Outros";SYS_C001546620 (C: ENABLED)
exaprod;RECEITA2;RECEITA_REPARTIDA_COPAF_DET;Tabela auxiliar para o processo de Classificação. Registra o detalhamento dos valores recolhidos dos Documentos Gerados vindos do COPAF. Substitui serviço que acessa o AIX.;164500;N;5;VLR_RECOLHIDO;NUMBER;22;N;2;5;111856;0;NO;Valor recolhido;SYS_C001546622 (C: ENABLED)
exaprod;RECEITA2;RECEITA1_ARQUIVO;Arquivos de Pagamentos para o RECEITA1;617870;N;4;DAT_INCLUSAO;DATE;7;N;;8;281888;0;NO;Data/hora de início de processamento do arquivo;SYS_C001551556 (C: ENABLED)
exaprod;RECEITA2;RECEITA1_ARQUIVO;Arquivos de Pagamentos para o RECEITA1;617870;N;5;NUM_BANCO;NUMBER;22;N;0;4;7;0;NO;Número do banco (Código utilizado para a compensação de valores pelos bancos);SYS_C001551557 (C: ENABLED)
exaprod;RECEITA2;RECEITA1_ARQUIVO;Arquivos de Pagamentos para o RECEITA1;617870;N;7;NUM_SEQUENCIAL_ARQUIVO;NUMBER;22;N;0;5;441024;0;NO;Número sequencial do arquivo (NSA);SYS_C001551559 (C: ENABLED)
exaprod;RECEITA2;RECEITA1_ARQUIVO;Arquivos de Pagamentos para o RECEITA1;617870;N;1;SEQ_ARQUIVO_PAGAMENTO;NUMBER;22;N;0;6;617870;0;NO;Campo sequecial da tabela;PK_RECEITA1_ARQUIVO (PRIMARY KEY: ENABLED)- SYS_C001551553 (C: ENABLED)
exaprod;RECEITA2;RECEITA1_ARQUIVO;Arquivos de Pagamentos para o RECEITA1;617870;N;6;TIP_INSTITUICAO;NUMBER;22;N;0;3;1;0;NO;Tipo de Instituiçao Arrecadadora. 1 - Banco, 2 - Farmácia, 3 - Outros;SYS_C001551558 (C: ENABLED)
exaprod;RECEITA2;RECEITA1_ARQUIVO;Arquivos de Pagamentos para o RECEITA1;617870;N;2;TIP_ORIGEM;NUMBER;22;N;0;3;2;0;NO;Tipos de origem e transmissão. 1 - DAE, 2 - GNRE, 3 - DAS.;SYS_C001551554 (C: ENABLED)
exaprod;RECEITA2;RECEITA1_ARQUIVO;Arquivos de Pagamentos para o RECEITA1;617870;N;3;TIP_PAGAMENTO_RECEBIDO;NUMBER;22;N;0;3;3;0;NO;Indica se o arquivo de pagamento é do tipo: 1 - Rajada ou 2 - Consolidado;SYS_C001551555 (C: ENABLED)
exaprod;RECEITA2;RECEITA1_PAGAMENTO;Pagamentos para o RECEITA1;130101553;N;11;COD_AGENCIA_ARRECADADORA;VARCHAR2;8;N;;7;12224;0;NO;Código da agência arrecadadora. Vem da tabela PAGAMENTO_RECEBIDO.;SYS_C001551571 (C: ENABLED)
exaprod;RECEITA2;RECEITA1_PAGAMENTO;Pagamentos para o RECEITA1;130101553;N;16;COD_IDENTIFICADOR_CORRECAO;NUMBER;22;Y;0;2;58;130101494;NO;Identificador Único atribuído ao Pagamento corrigido.; (: )
exaprod;RECEITA2;RECEITA1_PAGAMENTO;Pagamentos para o RECEITA1;130101553;N;4;COD_IDENTIFICADOR_UNICO;NUMBER;22;N;0;10;64249856;0;NO;Identificador único extraído do código de barras do pagamento recebido.;SYS_C001551564 (C: ENABLED)
exaprod;RECEITA2;RECEITA1_PAGAMENTO;Pagamentos para o RECEITA1;130101553;N;17;COD_USUARIO_CORRECAO;VARCHAR2;15;Y;;2;4;130101494;NO;Usuário responsável pela correção do Pagamento.; (: )
exaprod;RECEITA2;RECEITA1_PAGAMENTO;Pagamentos para o RECEITA1;130101553;N;14;DAT_ATUALIZACAO_RECEITA1;DATE;7;Y;;8;599680;77911;NO;Data e hora de atualização do registro no Receita 1 (SYSDATE); (: )
exaprod;RECEITA2;RECEITA1_PAGAMENTO;Pagamentos para o RECEITA1;130101553;N;10;DAT_CREDITO;DATE;7;Y;;6;621;44099100;NO;Data de crédito. Vem da tabela PAGAMENTO_RECEBIDO.; (: )
exaprod;RECEITA2;RECEITA1_PAGAMENTO;Pagamentos para o RECEITA1;130101553;N;15;DAT_EVENTO;DATE;7;Y;;2;59;130101494;NO;Data do evento de Correção do Pagamento.; (: )
exaprod;RECEITA2;RECEITA1_PAGAMENTO;Pagamentos para o RECEITA1;130101553;N;13;DAT_INCLUSAO;DATE;7;N;;8;310144;0;NO;Data e hora de inclusão do registro (SYSDATE).;SYS_C001551573 (C: ENABLED)
exaprod;RECEITA2;RECEITA1_PAGAMENTO;Pagamentos para o RECEITA1;130101553;N;8;DAT_PAGAMENTO;DATE;7;N;;8;624;0;NO;Data de pagamento. Vem da tabela PAGAMENTO_RECEBIDO.;SYS_C001551568 (C: ENABLED)
exaprod;RECEITA2;RECEITA1_PAGAMENTO;Pagamentos para o RECEITA1;130101553;N;18;DAT_PROCESSAMENTO;DATE;7;Y;;8;283808;7876879;NO;Data/hora do processamento do registro de pagamento (replicado de PAGAMENTO_DOCUMENTO.DAT_PROCESSAMENTO); (: )
exaprod;RECEITA2;RECEITA1_PAGAMENTO;Pagamentos para o RECEITA1;130101553;N;5;NUM_CODIGO_BARRA;VARCHAR2;44;N;;45;64991232;0;NO;Código de barras. Vem da tabela PAGAMENTO_RECEBIDO;SYS_C001551565 (C: ENABLED)
exaprod;RECEITA2;RECEITA1_PAGAMENTO;Pagamentos para o RECEITA1;130101553;N;6;NUM_SEQUENCIAL_REGISTRO;NUMBER;22;N;0;5;206080;0;NO;Número sequencial (NSR). Vem da tabela PAGAMENTO_RECEBIDO.;SYS_C001551566 (C: ENABLED)
exaprod;RECEITA2;RECEITA1_PAGAMENTO;Pagamentos para o RECEITA1;130101553;N;2;SEQ_ARQUIVO_PAGAMENTO;NUMBER;22;N;0;6;679488;0;NO;Chave primária da tabela ARQUIVO_PAGAMENTO.;SYS_C001551562 (C: ENABLED)
exaprod;RECEITA2;RECEITA1_PAGAMENTO;Pagamentos para o RECEITA1;130101553;N;3;SEQ_PAGAMENTO_DOCUMENTO;NUMBER;22;N;0;7;128573440;0;NO;Chave primária da tabela PAGAMENTO_DOCUMENTO.;SYS_C001551563 (C: ENABLED)
exaprod;RECEITA2;RECEITA1_PAGAMENTO;Pagamentos para o RECEITA1;130101553;N;1;SEQ_RECEITA1_PAGAMENTO;NUMBER;22;N;0;7;130101553;0;NO;Sequencial da tabela. Usa a sequence SQ_RECEITA1_PAGAMENTO.;PK_RECEITA1_PAGAMENTO (PRIMARY KEY: ENABLED)- SYS_C001551561 (C: ENABLED)
exaprod;RECEITA2;RECEITA1_PAGAMENTO;Pagamentos para o RECEITA1;130101553;N;7;STA_PAGAMENTO;NUMBER;22;N;0;3;6;0;NO;"Status de pagamento. 1 - Pagamento rajada; 2 - Pagamento consolidado; 3 - Pagamento duplicado; 4 - Pagamento não encontrado; 5 - Pagamento duplicado corrigido; 6 - Pagamento não encontrado corrigido; 7 - Pagamento corrigido desfeito.";SYS_C001551567 (C: ENABLED)
exaprod;RECEITA2;RECEITA1_PAGAMENTO;Pagamentos para o RECEITA1;130101553;N;12;TIP_ARRECADACAO;CHAR;1;N;;2;9;0;NO;Forma de arrecadação. Vem da tabela PAGAMENTO_RECEBIDO.;SYS_C001551572 (C: ENABLED)
exaprod;RECEITA2;RECEITA1_PAGAMENTO;Pagamentos para o RECEITA1;130101553;N;9;VLR_PAGAMENTO;NUMBER;22;N;2;5;890368;0;NO;Valor pago. Vem da tabela PAGAMENTO_RECEBIDO.;SYS_C001551569 (C: ENABLED)
exaprod;RECEITA2;REPASSE_ARRECADACAO;Mantém os valores repassados pelas instituiçoes arrecadadoras, via depósito bancário, na conta da SEFAZ;0;N;3;DAT_CREDITO;DATE;7;N;;0;0;0;NO;Data de referência do crédito;SYS_C001528351 (C: ENABLED)
exaprod;RECEITA2;REPASSE_ARRECADACAO;Mantém os valores repassados pelas instituiçoes arrecadadoras, via depósito bancário, na conta da SEFAZ;0;N;4;DSC_OBSERVACAO;VARCHAR2;500;Y;;0;0;0;NO;Descriçao de observaçao referente ao repasse; (: )
exaprod;RECEITA2;REPASSE_ARRECADACAO;Mantém os valores repassados pelas instituiçoes arrecadadoras, via depósito bancário, na conta da SEFAZ;0;N;2;SEQ_INSTITUICAO_ARRECADADORA;NUMBER;22;N;0;0;0;0;NO;Chave sequencial da Instituiçao Arrecadadora responsável pelo valor repassado;FK_INST_ARREC_R_REP_ARREC (FOREIGN KEY: ENABLED)- SYS_C001528350 (C: ENABLED)
exaprod;RECEITA2;REPASSE_ARRECADACAO;Mantém os valores repassados pelas instituiçoes arrecadadoras, via depósito bancário, na conta da SEFAZ;0;N;1;SEQ_REPASSE_ARRECADACAO;NUMBER;22;N;0;0;0;0;NO;Sequencial do registro;PK_REPASSE_ARRECADACAO (PRIMARY KEY: ENABLED)- SYS_C001528349 (C: ENABLED)
exaprod;RECEITA2;REPASSE_ARRECADACAO_AUD;Mantém os valores repassados pelas instituiçoes arrecadadoras, via depósito bancário, na conta da SEFAZ;0;N;3;DAT_CREDITO;DATE;7;N;;0;0;0;NO;Data de referência do crédito;SYS_C001528372 (C: ENABLED)
exaprod;RECEITA2;REPASSE_ARRECADACAO_AUD;Mantém os valores repassados pelas instituiçoes arrecadadoras, via depósito bancário, na conta da SEFAZ;0;N;4;DSC_OBSERVACAO;VARCHAR2;500;Y;;0;0;0;NO;Descriçao de observaçao referente ao repasse; (: )
exaprod;RECEITA2;REPASSE_ARRECADACAO_AUD;Mantém os valores repassados pelas instituiçoes arrecadadoras, via depósito bancário, na conta da SEFAZ;0;N;5;NUM_REV;NUMBER;22;N;0;0;0;0;NO;Guarda a sequencia da auditoria;FK_AUDIT_ENTID_R_REP_ARREC_AUD (FOREIGN KEY: ENABLED)- PK_REPASSE_ARRECADACAO_AUD (PRIMARY KEY: ENABLED)- SYS_C001528373 (C: ENABLED)
exaprod;RECEITA2;REPASSE_ARRECADACAO_AUD;Mantém os valores repassados pelas instituiçoes arrecadadoras, via depósito bancário, na conta da SEFAZ;0;N;2;SEQ_INSTITUICAO_ARRECADADORA;NUMBER;22;N;0;0;0;0;NO;Chave sequencial da Instituiçao Arrecadadora responsável pelo valor repassado;SYS_C001528371 (C: ENABLED)
exaprod;RECEITA2;REPASSE_ARRECADACAO_AUD;Mantém os valores repassados pelas instituiçoes arrecadadoras, via depósito bancário, na conta da SEFAZ;0;N;1;SEQ_REPASSE_ARRECADACAO;NUMBER;22;N;0;0;0;0;NO;Sequencial do registro;PK_REPASSE_ARRECADACAO_AUD (PRIMARY KEY: ENABLED)- SYS_C001528370 (C: ENABLED)
exaprod;RECEITA2;REPASSE_ARRECADACAO_AUD;Mantém os valores repassados pelas instituiçoes arrecadadoras, via depósito bancário, na conta da SEFAZ;0;N;6;TIP_REVTYPE;NUMBER;22;Y;0;0;0;0;NO;Guarda o tipo da modificaçao.; (: )
exaprod;RECEITA2;RESOLUCAO_PENDENCIA_PAGTO;Registra uma ocorrência de um registro de PAGAMENTO_RECEBIDO do tipo RAJADA (Pago On-Line) que não foi confirmado em um arquivo CONSOLIDADO. Essa pendência é registrada manualmente e o pagamento RAJADA original é associado a outro pagamento CONSOLIDADO (com outro Identificador).;0;N;2;COD_MATRICULA_USUARIO;VARCHAR2;8;N;;0;0;0;NO;Matrícula do usuário que registrou a alteração;SYS_C001544603 (C: ENABLED)
exaprod;RECEITA2;RESOLUCAO_PENDENCIA_PAGTO;Registra uma ocorrência de um registro de PAGAMENTO_RECEBIDO do tipo RAJADA (Pago On-Line) que não foi confirmado em um arquivo CONSOLIDADO. Essa pendência é registrada manualmente e o pagamento RAJADA original é associado a outro pagamento CONSOLIDADO (com outro Identificador).;0;N;3;DAT_RESOLUCAO;DATE;7;N;;0;0;0;NO;Data da alteração do Documento Gerado;SYS_C001544604 (C: ENABLED)
exaprod;RECEITA2;RESOLUCAO_PENDENCIA_PAGTO;Registra uma ocorrência de um registro de PAGAMENTO_RECEBIDO do tipo RAJADA (Pago On-Line) que não foi confirmado em um arquivo CONSOLIDADO. Essa pendência é registrada manualmente e o pagamento RAJADA original é associado a outro pagamento CONSOLIDADO (com outro Identificador).;0;N;5;DSC_JUSTIFICATIVA;VARCHAR2;500;Y;;0;0;0;NO;Justificativa da resolução do pagamento pendente; (: )
exaprod;RECEITA2;RESOLUCAO_PENDENCIA_PAGTO;Registra uma ocorrência de um registro de PAGAMENTO_RECEBIDO do tipo RAJADA (Pago On-Line) que não foi confirmado em um arquivo CONSOLIDADO. Essa pendência é registrada manualmente e o pagamento RAJADA original é associado a outro pagamento CONSOLIDADO (com outro Identificador).;0;N;4;NUM_PROCESSO;VARCHAR2;30;N;;0;0;0;NO;Número do processo vinculado a resolução do pagamento pendente. Exemplo: Changepoint, Assyst, etc.;SYS_C001544605 (C: ENABLED)
exaprod;RECEITA2;RESOLUCAO_PENDENCIA_PAGTO;Registra uma ocorrência de um registro de PAGAMENTO_RECEBIDO do tipo RAJADA (Pago On-Line) que não foi confirmado em um arquivo CONSOLIDADO. Essa pendência é registrada manualmente e o pagamento RAJADA original é associado a outro pagamento CONSOLIDADO (com outro Identificador).;0;N;1;SEQ_PAGAMENTO_RECEBIDO;NUMBER;22;N;0;0;0;0;NO;Chave sequencial da tabela Pagamento Recebido. Neste caso é o Pagamento Rajada pendente, que será confirmado por um pagamento de Identificação diferente (registrado em PAGAMENTO_RECEBIDO);FK_PAG_RECEB_R_RES_PEND_PAGT (FOREIGN KEY: ENABLED)- PK_RESOLUCAO_PENDENCIA_PAGTO (PRIMARY KEY: ENABLED)- SYS_C001544602 (C: ENABLED)
exaprod;RECEITA2;RESTITUICAO;Mantém os processos de Restituição de valores recebidos, que por qualquer razão precisem ser restituidos (total ou parcialmente) ao pagador;13086;N;12;COD_MATRICULA_USUARIO;VARCHAR2;8;N;;9;23;0;NO;Matrícula do usuário que registrou a Restituição;SYS_C001528723 (C: ENABLED)
exaprod;RECEITA2;RESTITUICAO;Mantém os processos de Restituição de valores recebidos, que por qualquer razão precisem ser restituidos (total ou parcialmente) ao pagador;13086;N;4;COD_REQUERENTE;NUMBER;22;Y;0;7;9745;179;NO;Número do documento do Requerente, preenchido quando TIP_COD_REQUERENTE = 2, 3 ou 4; (: )
exaprod;RECEITA2;RESTITUICAO;Mantém os processos de Restituição de valores recebidos, que por qualquer razão precisem ser restituidos (total ou parcialmente) ao pagador;13086;N;17;COD_REQUERENTE_A;VARCHAR2;14;Y;;12;9745;179;NO;CNPJ no formato alfanumerico conforme o novo padrao; (: )
exaprod;RECEITA2;RESTITUICAO;Mantém os processos de Restituição de valores recebidos, que por qualquer razão precisem ser restituidos (total ou parcialmente) ao pagador;13086;N;11;DAT_INCLUSAO;DATE;7;N;;8;13082;0;NO;Data\hora da inclusão do processo de Restituição;SYS_C001528607 (C: ENABLED)
exaprod;RECEITA2;RESTITUICAO;Mantém os processos de Restituição de valores recebidos, que por qualquer razão precisem ser restituidos (total ou parcialmente) ao pagador;13086;N;16;DAT_PAGAMENTO;DATE;7;Y;;2;127;12341;NO;Data em que o valor foi restituído ao requerente pelo sistema contábil.; (: )
exaprod;RECEITA2;RESTITUICAO;Mantém os processos de Restituição de valores recebidos, que por qualquer razão precisem ser restituidos (total ou parcialmente) ao pagador;13086;N;5;DSC_NOME_REQUERENTE;VARCHAR2;150;Y;;33;9638;179;NO;Nome do Requerente, preenchido quando TIP_COD_REQUERENTE = 2, 3 ou 4; (: )
exaprod;RECEITA2;RESTITUICAO;Mantém os processos de Restituição de valores recebidos, que por qualquer razão precisem ser restituidos (total ou parcialmente) ao pagador;13086;N;10;DSC_OBSERVACAO;VARCHAR2;500;Y;;55;8522;1491;NO;Observação sobre a Restituição; (: )
exaprod;RECEITA2;RESTITUICAO;Mantém os processos de Restituição de valores recebidos, que por qualquer razão precisem ser restituidos (total ou parcialmente) ao pagador;13086;N;9;NUM_PARECER;VARCHAR2;30;Y;;3;1923;11091;NO;Número de um parecer jurídico sobre a Restituição, caso seja necessária uma apreciação dada por outra área de negócio; (: )
exaprod;RECEITA2;RESTITUICAO;Mantém os processos de Restituição de valores recebidos, que por qualquer razão precisem ser restituidos (total ou parcialmente) ao pagador;13086;N;8;NUM_PROCESSO;VARCHAR2;30;Y;;15;12995;0;NO;Número do Processo que gerou a Restituição; (: )
exaprod;RECEITA2;RESTITUICAO;Mantém os processos de Restituição de valores recebidos, que por qualquer razão precisem ser restituidos (total ou parcialmente) ao pagador;13086;N;13;NUM_PROCESSO_AIX;NUMBER;22;Y;0;4;4441;8645;NO;Número do Processo de Restituição no AIX, apenas para os processos migrados via ETL; (: )
exaprod;RECEITA2;RESTITUICAO;Mantém os processos de Restituição de valores recebidos, que por qualquer razão precisem ser restituidos (total ou parcialmente) ao pagador;13086;N;6;SEQ_CONTRIBUINTE_REQUERENTE;NUMBER;22;Y;0;4;5449;5153;NO;Sequencial identificador do Contribuinte Requerente da Restituição, preenchido quando TIP_COD_REQUERENTE = 1;FK_CONTRIBUINTE_R_REST (FOREIGN KEY: ENABLED)
exaprod;RECEITA2;RESTITUICAO;Mantém os processos de Restituição de valores recebidos, que por qualquer razão precisem ser restituidos (total ou parcialmente) ao pagador;13086;N;7;SEQ_INSTITUICAO_ARRECADADORA;NUMBER;22;Y;0;2;6;12909;NO;Chave sequencial da Instituição Arrecadadora, caso TIP_RESTITUICAO indique restituição a Instituição Arrecadadora;FK_INST_ARREC_R_REST (FOREIGN KEY: ENABLED)
exaprod;RECEITA2;RESTITUICAO;Mantém os processos de Restituição de valores recebidos, que por qualquer razão precisem ser restituidos (total ou parcialmente) ao pagador;13086;N;1;SEQ_RESTITUICAO;NUMBER;22;N;0;5;13086;0;NO;Chave sequencial da Restituição;PK_RESTITUICAO (PRIMARY KEY: ENABLED)- SYS_C001528604 (C: ENABLED)
exaprod;RECEITA2;RESTITUICAO;Mantém os processos de Restituição de valores recebidos, que por qualquer razão precisem ser restituidos (total ou parcialmente) ao pagador;13086;N;15;STA_CONFIRMACAO_PAGAMENTO;NUMBER;22;Y;0;2;3;11676;NO;"Identifica se houve a confirmação do pagamento do valor restituído pelo SIAFE:
0 - Pendente
1 - Confirmado
2 - Rejeitado"; (: )
exaprod;RECEITA2;RESTITUICAO;Mantém os processos de Restituição de valores recebidos, que por qualquer razão precisem ser restituidos (total ou parcialmente) ao pagador;13086;N;3;TIP_COD_REQUERENTE;NUMBER;22;Y;0;3;3;179;NO;"Indica o tipo do documento do Requerente da Restituição, caso TIP_RESTITUICAO indique restituição a Pagador do documento (Contribuinte, etc):
1 - CGF (Contribuinte de ICMS)
2 - CNPJ
3 - CPF
4 - Outros";CKC_TIP_COD_REQUER_REST (C: ENABLED)
exaprod;RECEITA2;RESTITUICAO;Mantém os processos de Restituição de valores recebidos, que por qualquer razão precisem ser restituidos (total ou parcialmente) ao pagador;13086;N;2;TIP_RESTITUICAO;NUMBER;22;N;0;3;2;0;NO;"Indica se a Restituição será feita para uma Instituição Arrecadadora ou para o Pagador do documento (Contribuinte, etc):
1 - Pagador do documento (Contribuinte, etc)
2 - Instituição Arrecadadora";CKC_TIP_RESTITUICAO_REST (C: ENABLED)- SYS_C001528606 (C: ENABLED)
exaprod;RECEITA2;RESTITUICAO;Mantém os processos de Restituição de valores recebidos, que por qualquer razão precisem ser restituidos (total ou parcialmente) ao pagador;13086;N;14;VLR_RESTITUIDO_ORIGINAL;NUMBER;22;Y;2;3;4304;8645;NO;Valor total original restituído no processo do AIX, apenas para os processos migrados via ETL; (: )
exaprod;RECEITA2;RESTITUICAO_AUD;Tabela de auditoria de RESTITUICAO;8899;N;14;COD_MATRICULA_USUARIO;VARCHAR2;8;N;;9;21;0;NO;Matrícula do usuário que registrou a Restituição;SYS_C001529017 (C: ENABLED)
exaprod;RECEITA2;RESTITUICAO_AUD;Tabela de auditoria de RESTITUICAO;8899;N;4;COD_REQUERENTE;NUMBER;22;Y;0;8;6528;43;NO;Número do documento do Requerente, preenchido quando TIP_COD_REQUERENTE = 2, 3 ou 4; (: )
exaprod;RECEITA2;RESTITUICAO_AUD;Tabela de auditoria de RESTITUICAO;8899;N;17;COD_REQUERENTE_A;VARCHAR2;14;Y;;12;6519;55;NO;CNPJ no formato alfanumerico conforme o novo padrao; (: )
exaprod;RECEITA2;RESTITUICAO_AUD;Tabela de auditoria de RESTITUICAO;8899;N;11;DAT_INCLUSAO;DATE;7;N;;8;8546;0;NO;Data\hora da inclusão do processo de Restituição;SYS_C001529015 (C: ENABLED)
exaprod;RECEITA2;RESTITUICAO_AUD;Tabela de auditoria de RESTITUICAO;8899;N;16;DAT_PAGAMENTO;DATE;7;Y;;2;3;8894;NO;Data em que o valor foi restituído ao requerente pelo sistema contábil.; (: )
exaprod;RECEITA2;RESTITUICAO_AUD;Tabela de auditoria de RESTITUICAO;8899;N;5;DSC_NOME_REQUERENTE;VARCHAR2;150;Y;;33;6334;45;NO;Nome do Requerente, preenchido quando TIP_COD_REQUERENTE = 2, 3 ou 4; (: )
exaprod;RECEITA2;RESTITUICAO_AUD;Tabela de auditoria de RESTITUICAO;8899;N;10;DSC_OBSERVACAO;VARCHAR2;500;Y;;55;5610;1365;NO;Observação sobre a Restituição; (: )
exaprod;RECEITA2;RESTITUICAO_AUD;Tabela de auditoria de RESTITUICAO;8899;N;9;NUM_PARECER;VARCHAR2;30;Y;;2;595;8235;NO;Número de um parecer jurídico sobre a Restituição, caso seja necessária uma apreciação dada por outra área de negócio; (: )
exaprod;RECEITA2;RESTITUICAO_AUD;Tabela de auditoria de RESTITUICAO;8899;N;8;NUM_PROCESSO;VARCHAR2;30;Y;;16;8336;0;NO;Número do Processo que gerou a Restituição; (: )
exaprod;RECEITA2;RESTITUICAO_AUD;Tabela de auditoria de RESTITUICAO;8899;N;12;NUM_REV;NUMBER;22;N;0;6;8823;0;NO;guarda a sequencia da auditoria;FK_AUDIT_ENTID_R_REST_AUD (FOREIGN KEY: ENABLED)- PK_RESTITUICAO_AUD (PRIMARY KEY: ENABLED)- SYS_C001529016 (C: ENABLED)
exaprod;RECEITA2;RESTITUICAO_AUD;Tabela de auditoria de RESTITUICAO;8899;N;6;SEQ_CONTRIBUINTE_REQUERENTE;NUMBER;22;Y;0;4;3434;4027;NO;Sequencial identificador do Contribuinte Requerente da Restituição, preenchido quando TIP_COD_REQUERENTE = 1; (: )
exaprod;RECEITA2;RESTITUICAO_AUD;Tabela de auditoria de RESTITUICAO;8899;N;7;SEQ_INSTITUICAO_ARRECADADORA;NUMBER;22;Y;0;2;4;8856;NO;Chave sequencial da Instituição Arrecadadora, caso TIP_RESTITUICAO indique restituição a Instituição Arrecadadora; (: )
exaprod;RECEITA2;RESTITUICAO_AUD;Tabela de auditoria de RESTITUICAO;8899;N;1;SEQ_RESTITUICAO;NUMBER;22;N;0;5;8609;0;NO;Chave sequencial da Restituição;PK_RESTITUICAO_AUD (PRIMARY KEY: ENABLED)- SYS_C001529013 (C: ENABLED)
exaprod;RECEITA2;RESTITUICAO_AUD;Tabela de auditoria de RESTITUICAO;8899;N;15;STA_CONFIRMACAO_PAGAMENTO;NUMBER;22;Y;0;2;3;7550;NO;"Identifica se houve a confirmação do pagamento do valor restituído pelo SIAFE:
0 - Pendente
1 - Confirmado
2 - Rejeitado"; (: )
exaprod;RECEITA2;RESTITUICAO_AUD;Tabela de auditoria de RESTITUICAO;8899;N;3;TIP_COD_REQUERENTE;NUMBER;22;Y;0;3;3;43;NO;"Indica o tipo do documento do Requerente da Restituição, caso TIP_RESTITUICAO indique restituição a Pagador do documento (Contribuinte, etc):
1 - CGF (Contribuinte de ICMS)
2 - CNPJ
3 - CPF
4 - Outros"; (: )
exaprod;RECEITA2;RESTITUICAO_AUD;Tabela de auditoria de RESTITUICAO;8899;N;2;TIP_RESTITUICAO;NUMBER;22;N;0;3;2;0;NO;"Indica se a Restituição será feita para uma Instituição Arrecadadora ou para o Pagador do documento (Contribuinte, etc):
1 - Instituição Arrecadadora
2 - Pagador do documento (Contribuinte, etc)";SYS_C001529014 (C: ENABLED)
exaprod;RECEITA2;RESTITUICAO_AUD;Tabela de auditoria de RESTITUICAO;8899;N;13;TIP_REVTYPE;NUMBER;22;Y;0;3;2;0;NO;Guarda o tipo da modificação.; (: )
exaprod;RECEITA2;RESTITUICAO_PAGTO_DOC_AUD;Tabela de auditoria de RESTITUICAO_PAGTO_DOCUMENTO;13634;N;5;NUM_REV;NUMBER;22;N;0;6;8736;0;NO;guarda a sequencia da auditoria;FK_AUDIT_ENTID_R_REST_PG_D_AUD (FOREIGN KEY: ENABLED)- PK_RESTITUICAO_PAGTO_DOC_AUD (PRIMARY KEY: ENABLED)- SYS_C001529024 (C: ENABLED)
exaprod;RECEITA2;RESTITUICAO_PAGTO_DOC_AUD;Tabela de auditoria de RESTITUICAO_PAGTO_DOCUMENTO;13634;N;2;SEQ_PAGAMENTO_DOCUMENTO;NUMBER;22;N;0;7;12277;0;NO;Chave do Pagamento que faz parte da Restituição;PK_RESTITUICAO_PAGTO_DOC_AUD (PRIMARY KEY: ENABLED)- SYS_C001529021 (C: ENABLED)
exaprod;RECEITA2;RESTITUICAO_PAGTO_DOC_AUD;Tabela de auditoria de RESTITUICAO_PAGTO_DOCUMENTO;13634;N;1;SEQ_RESTITUICAO;NUMBER;22;N;0;5;8522;0;NO;Chave sequencial da Restituição;PK_RESTITUICAO_PAGTO_DOC_AUD (PRIMARY KEY: ENABLED)- SYS_C001529020 (C: ENABLED)
exaprod;RECEITA2;RESTITUICAO_PAGTO_DOC_AUD;Tabela de auditoria de RESTITUICAO_PAGTO_DOCUMENTO;13634;N;6;TIP_REVTYPE;NUMBER;22;Y;0;3;2;0;NO;Guarda o tipo da modificação.; (: )
exaprod;RECEITA2;RESTITUICAO_PAGTO_DOC_AUD;Tabela de auditoria de RESTITUICAO_PAGTO_DOCUMENTO;13634;N;3;VLR_RESTITUICAO;NUMBER;22;N;2;5;10769;0;NO;Valor restituido do respectivo Pagamento;SYS_C001529022 (C: ENABLED)
exaprod;RECEITA2;RESTITUICAO_PAGTO_DOC_AUD;Tabela de auditoria de RESTITUICAO_PAGTO_DOCUMENTO;13634;N;4;VLR_RESTITUICAO_ATUALIZADO;NUMBER;22;N;2;5;11795;0;NO;Valor restituido (atualizado pela UFIRCE) do respectivo Pagamento;SYS_C001529023 (C: ENABLED)
exaprod;RECEITA2;RESTITUICAO_PAGTO_DOCUMENTO;Relação dos pagamentos a serem restituídos (total ou parcialmente), em um processo de Restituição;54673;N;7;COD_IDENTIFICADOR_UNICO;NUMBER;22;Y;0;3;6168;48475;NO;Identificador Único do documento restituído, apenas para os processos migrados via ETL; (: )
exaprod;RECEITA2;RESTITUICAO_PAGTO_DOCUMENTO;Relação dos pagamentos a serem restituídos (total ou parcialmente), em um processo de Restituição;54673;N;9;NUM_BANCO;NUMBER;22;Y;0;2;6;48475;NO;CNPJ do Banco onde foi pago o documento restituído, apenas para os processos migrados via ETL; (: )
exaprod;RECEITA2;RESTITUICAO_PAGTO_DOCUMENTO;Relação dos pagamentos a serem restituídos (total ou parcialmente), em um processo de Restituição;54673;N;6;NUM_ITEM;NUMBER;22;Y;0;2;49;48475;NO;Número do item do Processo de Restituição no AIX, apenas para os processos migrados via ETL; (: )
exaprod;RECEITA2;RESTITUICAO_PAGTO_DOCUMENTO;Relação dos pagamentos a serem restituídos (total ou parcialmente), em um processo de Restituição;54673;N;10;NUM_NSA;NUMBER;22;Y;0;2;2984;48475;NO;Número Sequencial do Arquivo que informou o pagamento do documento restituído, apenas para os processos migrados via ETL; (: )
exaprod;RECEITA2;RESTITUICAO_PAGTO_DOCUMENTO;Relação dos pagamentos a serem restituídos (total ou parcialmente), em um processo de Restituição;54673;N;11;NUM_NSR;NUMBER;22;Y;0;2;4431;48475;NO;Número Sequencial do Registro, localizado no arquivo que informou o pagamento do documento restituído, apenas para os processos migrados via ETL; (: )
exaprod;RECEITA2;RESTITUICAO_PAGTO_DOCUMENTO;Relação dos pagamentos a serem restituídos (total ou parcialmente), em um processo de Restituição;54673;N;5;NUM_PROCESSO_AIX;NUMBER;22;Y;0;2;4434;48475;NO;Número do Processo de Restituição no AIX, apenas para os processos migrados via ETL; (: )
exaprod;RECEITA2;RESTITUICAO_PAGTO_DOCUMENTO;Relação dos pagamentos a serem restituídos (total ou parcialmente), em um processo de Restituição;54673;N;2;SEQ_PAGAMENTO_DOCUMENTO;NUMBER;22;N;0;7;54673;0;NO;Chave do Pagamento que faz parte da Restituição;FK_PAG_DOC_R_REST_PAG_DOC (FOREIGN KEY: ENABLED)- PK_RESTITUICAO_PAGTO_DOCUMENTO (PRIMARY KEY: ENABLED)- SYS_C001528615 (C: ENABLED)
exaprod;RECEITA2;RESTITUICAO_PAGTO_DOCUMENTO;Relação dos pagamentos a serem restituídos (total ou parcialmente), em um processo de Restituição;54673;N;1;SEQ_RESTITUICAO;NUMBER;22;N;0;5;12952;0;NO;Chave sequencial da Restituição;FK_REST_R_REST_PAG_DOC (FOREIGN KEY: ENABLED)- PK_RESTITUICAO_PAGTO_DOCUMENTO (PRIMARY KEY: ENABLED)- SYS_C001528614 (C: ENABLED)
exaprod;RECEITA2;RESTITUICAO_PAGTO_DOCUMENTO;Relação dos pagamentos a serem restituídos (total ou parcialmente), em um processo de Restituição;54673;N;8;TIP_DOCUMENTO;NUMBER;22;Y;0;2;3;48475;NO;Tipo do documento restituído, apenas para os processos migrados via ETL; (: )
exaprod;RECEITA2;RESTITUICAO_PAGTO_DOCUMENTO;Relação dos pagamentos a serem restituídos (total ou parcialmente), em um processo de Restituição;54673;N;3;VLR_RESTITUICAO;NUMBER;22;N;2;5;24074;0;NO;Valor restituido do respectivo Pagamento;SYS_C001528616 (C: ENABLED)
exaprod;RECEITA2;RESTITUICAO_PAGTO_DOCUMENTO;Relação dos pagamentos a serem restituídos (total ou parcialmente), em um processo de Restituição;54673;N;4;VLR_RESTITUICAO_ATUALIZADO;NUMBER;22;N;2;5;24946;0;NO;Valor restituido (atualizado pela UFIRCE) do respectivo Pagamento;SYS_C001528617 (C: ENABLED)
exaprod;RECEITA2;STG_ATUALIZACAO_EMISSOR;;367871;N;11;COD_CNPJ_CPF_EMISSOR_A_OLD;VARCHAR2;14;Y;;15;70;1864;NO;; (: )
exaprod;RECEITA2;STG_ATUALIZACAO_EMISSOR;;367871;N;14;COD_CNPJ_CPF_EMISSOR_A_OLDR1;VARCHAR2;14;Y;;15;70;1864;NO;; (: )
exaprod;RECEITA2;STG_ATUALIZACAO_EMISSOR;;367871;N;10;COD_CNPJ_CPF_EMISSOR_OLD;NUMBER;22;Y;0;9;70;1864;NO;; (: )
exaprod;RECEITA2;STG_ATUALIZACAO_EMISSOR;;367871;N;13;COD_CNPJ_CPF_EMISSOR_OLDR1;NUMBER;22;Y;0;9;70;1864;NO;; (: )
exaprod;RECEITA2;STG_ATUALIZACAO_EMISSOR;;367871;N;2;COD_CNPJ_EMISSOR_NOVO_A;VARCHAR2;14;N;;15;7174;0;NO;;SYS_C001565895 (C: ENABLED)
exaprod;RECEITA2;STG_ATUALIZACAO_EMISSOR;;367871;N;1;COD_IDENTIFICADOR_UNICO;NUMBER;22;N;0;10;367871;0;NO;;PK_STG_ATUALIZACAO_EMISSOR (PRIMARY KEY: ENABLED)- SYS_C001565894 (C: ENABLED)
exaprod;RECEITA2;STG_ATUALIZACAO_EMISSOR;;367871;N;5;DAT_EMISSAO_GNRE;DATE;7;Y;;8;174496;0;NO;; (: )
exaprod;RECEITA2;STG_ATUALIZACAO_EMISSOR;;367871;N;7;DAT_PROCESSAMENTO;DATE;7;Y;;8;1970;1864;NO;; (: )
exaprod;RECEITA2;STG_ATUALIZACAO_EMISSOR;;367871;N;3;NOM_RAZAO_SOCIAL_EMISSOR_NOVA;VARCHAR2;100;N;;33;11628;0;NO;;SYS_C001565896 (C: ENABLED)
exaprod;RECEITA2;STG_ATUALIZACAO_EMISSOR;;367871;N;12;NOM_RAZAO_SOCIAL_EMISSOR_OLD;VARCHAR2;100;Y;;21;2;1864;NO;; (: )
exaprod;RECEITA2;STG_ATUALIZACAO_EMISSOR;;367871;N;15;NOM_RAZAO_SOCIAL_EMISSOR_OLDR1;VARCHAR2;30;Y;;21;2;1864;NO;; (: )
exaprod;RECEITA2;STG_ATUALIZACAO_EMISSOR;;367871;N;4;SEQ_DOCUMENTO_GERADO;NUMBER;22;Y;0;7;363104;0;NO;; (: )
exaprod;RECEITA2;STG_ATUALIZACAO_EMISSOR;;367871;N;9;SEQ_HISTORICO_DOCUMENTO_GERADO;NUMBER;22;Y;0;5;366007;1864;NO;; (: )
exaprod;RECEITA2;STG_ATUALIZACAO_EMISSOR;;367871;N;6;STA_PROCESSADO;CHAR;1;N;;2;2;0;NO;;SYS_C001565952 (C: ENABLED)
exaprod;RECEITA2;STG_ATUALIZACAO_EMISSOR;;367871;N;8;TXT_LOG_ERRO;VARCHAR2;4000;Y;;0;0;367871;NO;; (: )
exaprod;RECEITA2;STG_ATUALIZACAO_EMISSOR_COMP;;98822;N;11;COD_CNPJ_CPF_EMISSOR_A_OLD;VARCHAR2;14;Y;;0;0;98822;NO;; (: )
exaprod;RECEITA2;STG_ATUALIZACAO_EMISSOR_COMP;;98822;N;14;COD_CNPJ_CPF_EMISSOR_A_OLDR1;VARCHAR2;14;Y;;0;0;98822;NO;; (: )
exaprod;RECEITA2;STG_ATUALIZACAO_EMISSOR_COMP;;98822;N;10;COD_CNPJ_CPF_EMISSOR_OLD;NUMBER;22;Y;0;0;0;98822;NO;; (: )
exaprod;RECEITA2;STG_ATUALIZACAO_EMISSOR_COMP;;98822;N;13;COD_CNPJ_CPF_EMISSOR_OLDR1;NUMBER;22;Y;0;0;0;98822;NO;; (: )
exaprod;RECEITA2;STG_ATUALIZACAO_EMISSOR_COMP;;98822;N;2;COD_CNPJ_EMISSOR_NOVO_A;VARCHAR2;14;N;;15;5669;0;NO;;SYS_C001567874 (C: ENABLED)
exaprod;RECEITA2;STG_ATUALIZACAO_EMISSOR_COMP;;98822;N;1;COD_IDENTIFICADOR_UNICO;NUMBER;22;N;0;10;98822;0;NO;;PK_STG_ATUALIZACAO_EMISSOR_COMP (PRIMARY KEY: ENABLED)- SYS_C001567873 (C: ENABLED)
exaprod;RECEITA2;STG_ATUALIZACAO_EMISSOR_COMP;;98822;N;5;DAT_EMISSAO_GNRE;DATE;7;Y;;8;51528;0;NO;; (: )
exaprod;RECEITA2;STG_ATUALIZACAO_EMISSOR_COMP;;98822;N;7;DAT_PROCESSAMENTO;DATE;7;Y;;1;0;98822;NO;; (: )
exaprod;RECEITA2;STG_ATUALIZACAO_EMISSOR_COMP;;98822;N;3;NOM_RAZAO_SOCIAL_EMISSOR_NOVA;VARCHAR2;100;N;;32;5596;0;NO;;SYS_C001567875 (C: ENABLED)
exaprod;RECEITA2;STG_ATUALIZACAO_EMISSOR_COMP;;98822;N;12;NOM_RAZAO_SOCIAL_EMISSOR_OLD;VARCHAR2;100;Y;;0;0;98822;NO;; (: )
exaprod;RECEITA2;STG_ATUALIZACAO_EMISSOR_COMP;;98822;N;15;NOM_RAZAO_SOCIAL_EMISSOR_OLDR1;VARCHAR2;30;Y;;0;0;98822;NO;; (: )
exaprod;RECEITA2;STG_ATUALIZACAO_EMISSOR_COMP;;98822;N;4;SEQ_DOCUMENTO_GERADO;NUMBER;22;Y;0;7;97360;0;NO;; (: )
exaprod;RECEITA2;STG_ATUALIZACAO_EMISSOR_COMP;;98822;N;9;SEQ_HISTORICO_DOCUMENTO_GERADO;NUMBER;22;Y;0;0;0;98822;NO;; (: )
exaprod;RECEITA2;STG_ATUALIZACAO_EMISSOR_COMP;;98822;N;6;STA_PROCESSADO;CHAR;1;N;;2;1;0;NO;;SYS_C001567876 (C: ENABLED)
exaprod;RECEITA2;STG_ATUALIZACAO_EMISSOR_COMP;;98822;N;8;TXT_LOG_ERRO;VARCHAR2;4000;Y;;0;0;98822;NO;; (: )
exaprod;RECEITA2;STG_ATUALIZACAO_EMISSOR_COMP_SEM_PK;;116606;N;11;COD_CNPJ_CPF_EMISSOR_A_OLD;VARCHAR2;14;Y;;0;0;116606;NO;; (: )
exaprod;RECEITA2;STG_ATUALIZACAO_EMISSOR_COMP_SEM_PK;;116606;N;14;COD_CNPJ_CPF_EMISSOR_A_OLDR1;VARCHAR2;14;Y;;0;0;116606;NO;; (: )
exaprod;RECEITA2;STG_ATUALIZACAO_EMISSOR_COMP_SEM_PK;;116606;N;10;COD_CNPJ_CPF_EMISSOR_OLD;NUMBER;22;Y;0;0;0;116606;NO;; (: )
exaprod;RECEITA2;STG_ATUALIZACAO_EMISSOR_COMP_SEM_PK;;116606;N;13;COD_CNPJ_CPF_EMISSOR_OLDR1;NUMBER;22;Y;0;0;0;116606;NO;; (: )
exaprod;RECEITA2;STG_ATUALIZACAO_EMISSOR_COMP_SEM_PK;;116606;N;2;COD_CNPJ_EMISSOR_NOVO_A;VARCHAR2;14;N;;15;5887;0;NO;;SYS_C001567914 (C: ENABLED)
exaprod;RECEITA2;STG_ATUALIZACAO_EMISSOR_COMP_SEM_PK;;116606;N;1;COD_IDENTIFICADOR_UNICO;NUMBER;22;N;0;10;114856;0;NO;;SYS_C001567913 (C: ENABLED)
exaprod;RECEITA2;STG_ATUALIZACAO_EMISSOR_COMP_SEM_PK;;116606;N;5;DAT_EMISSAO_GNRE;DATE;7;Y;;1;0;116606;NO;; (: )
exaprod;RECEITA2;STG_ATUALIZACAO_EMISSOR_COMP_SEM_PK;;116606;N;7;DAT_PROCESSAMENTO;DATE;7;Y;;1;0;116606;NO;; (: )
exaprod;RECEITA2;STG_ATUALIZACAO_EMISSOR_COMP_SEM_PK;;116606;N;3;NOM_RAZAO_SOCIAL_EMISSOR_NOVA;VARCHAR2;100;N;;32;5815;0;NO;;SYS_C001567915 (C: ENABLED)
exaprod;RECEITA2;STG_ATUALIZACAO_EMISSOR_COMP_SEM_PK;;116606;N;12;NOM_RAZAO_SOCIAL_EMISSOR_OLD;VARCHAR2;100;Y;;0;0;116606;NO;; (: )
exaprod;RECEITA2;STG_ATUALIZACAO_EMISSOR_COMP_SEM_PK;;116606;N;15;NOM_RAZAO_SOCIAL_EMISSOR_OLDR1;VARCHAR2;30;Y;;0;0;116606;NO;; (: )
exaprod;RECEITA2;STG_ATUALIZACAO_EMISSOR_COMP_SEM_PK;;116606;N;4;SEQ_DOCUMENTO_GERADO;NUMBER;22;Y;0;0;0;116606;NO;; (: )
exaprod;RECEITA2;STG_ATUALIZACAO_EMISSOR_COMP_SEM_PK;;116606;N;9;SEQ_HISTORICO_DOCUMENTO_GERADO;NUMBER;22;Y;0;0;0;116606;NO;; (: )
exaprod;RECEITA2;STG_ATUALIZACAO_EMISSOR_COMP_SEM_PK;;116606;N;6;STA_PROCESSADO;CHAR;1;N;;2;1;0;NO;;SYS_C001567916 (C: ENABLED)
exaprod;RECEITA2;STG_ATUALIZACAO_EMISSOR_COMP_SEM_PK;;116606;N;8;TXT_LOG_ERRO;VARCHAR2;4000;Y;;0;0;116606;NO;; (: )
exaprod;RECEITA2;TIPO_DOCUMENTO_GNRE;Tipo de documento GNRE, definido no Portal GNRE;25;N;1;COD_TIPO_DOCUMENTO_GNRE;NUMBER;22;N;0;3;25;0;NO;Código do tipo do documento da GNRE;PK_TIPO_DOCUMENTO_GNRE (PRIMARY KEY: ENABLED)- SYS_C001528428 (C: ENABLED)
exaprod;RECEITA2;TIPO_DOCUMENTO_GNRE;Tipo de documento GNRE, definido no Portal GNRE;25;N;2;DSC_TIPO_DOCUMENTO_GNRE;VARCHAR2;300;N;;27;25;0;NO;Descriçao do tipo do documento da GNRE;SYS_C001528429 (C: ENABLED)
exaprod;RECEITA2;UNIDADE_GESTORA_SIAFE;Relação de órgãos da Administração Pública estadual, de acordo com o SIAFE;1019;N;1;COD_CNPJ;VARCHAR2;14;N;;15;1019;0;NO;CNPJ do órgão estadual;PK_UNIDADE_GESTORA_SIAFE (PRIMARY KEY: ENABLED)- SYS_C001560453 (C: ENABLED)
exaprod;RECEITA2;USUARIO_ACESSO_INTERNET;Relaçao de usuários da Instituiçao Arrecadadora habilitados na camada de segurança da SEFAZ;43;N;3;NOM_USUARIO_ACESSO;VARCHAR2;50;N;;27;43;0;NO;Nome do usuário com acesso concedido;SYS_C001528135 (C: ENABLED)
exaprod;RECEITA2;USUARIO_ACESSO_INTERNET;Relaçao de usuários da Instituiçao Arrecadadora habilitados na camada de segurança da SEFAZ;43;N;4;NUM_CPF_USUARIO;NUMBER;22;N;0;8;43;0;NO;CPF do usuário externo;SYS_C001528136 (C: ENABLED)
exaprod;RECEITA2;USUARIO_ACESSO_INTERNET;Relaçao de usuários da Instituiçao Arrecadadora habilitados na camada de segurança da SEFAZ;43;N;2;SEQ_INSTITUICAO_ARRECADADORA;NUMBER;22;N;0;3;5;0;NO;Chave sequencial da Instituiçao Arrecadadora;FK_INST_ARREC_R_USU_ACES_INTER (FOREIGN KEY: ENABLED)- SYS_C001528134 (C: ENABLED)
exaprod;RECEITA2;USUARIO_ACESSO_INTERNET;Relaçao de usuários da Instituiçao Arrecadadora habilitados na camada de segurança da SEFAZ;43;N;1;SEQ_USUARIO_ACESSO_INTERNET;NUMBER;22;N;0;3;43;0;NO;Chave sequencial de usuário da Instituiçao Arrecadadora;PK_USUARIO_ACESSO_INTERNET (PRIMARY KEY: ENABLED)- SYS_C001528133 (C: ENABLED)
exaprod;RECEITA2;USUARIO_ACESSO_INTERNET_AUD;Tabela de Auditoria de Relaçao de usuários da Instituiçao Arrecadadora habilitados na camada de segurança da SEFAZ.;98;N;3;NOM_USUARIO_ACESSO;VARCHAR2;50;N;;27;76;0;NO;Nome do usuário com acesso concedido;SYS_C001528255 (C: ENABLED)
exaprod;RECEITA2;USUARIO_ACESSO_INTERNET_AUD;Tabela de Auditoria de Relaçao de usuários da Instituiçao Arrecadadora habilitados na camada de segurança da SEFAZ.;98;N;4;NUM_CPF_USUARIO;NUMBER;22;N;0;8;74;0;NO;CPF do usuário externo;SYS_C001528256 (C: ENABLED)
exaprod;RECEITA2;USUARIO_ACESSO_INTERNET_AUD;Tabela de Auditoria de Relaçao de usuários da Instituiçao Arrecadadora habilitados na camada de segurança da SEFAZ.;98;N;5;NUM_REV;NUMBER;22;N;0;5;34;0;NO;Guarda a sequencia da auditoria;FK_AUDIT_ENTID_R_USU_ACE_AUD (FOREIGN KEY: ENABLED)- PK_USUARIO_ACESSO_INTERNET_AUD (PRIMARY KEY: ENABLED)- SYS_C001528257 (C: ENABLED)
exaprod;RECEITA2;USUARIO_ACESSO_INTERNET_AUD;Tabela de Auditoria de Relaçao de usuários da Instituiçao Arrecadadora habilitados na camada de segurança da SEFAZ.;98;N;2;SEQ_INSTITUICAO_ARRECADADORA;NUMBER;22;N;0;3;5;0;NO;Chave sequencial da Instituiçao Arrecadadora;SYS_C001528254 (C: ENABLED)
exaprod;RECEITA2;USUARIO_ACESSO_INTERNET_AUD;Tabela de Auditoria de Relaçao de usuários da Instituiçao Arrecadadora habilitados na camada de segurança da SEFAZ.;98;N;1;SEQ_USUARIO_ACESSO_INTERNET;NUMBER;22;N;0;3;76;0;NO;Chave sequencial de usuário da Instituiçao Arrecadadora;PK_USUARIO_ACESSO_INTERNET_AUD (PRIMARY KEY: ENABLED)- SYS_C001528253 (C: ENABLED)
exaprod;RECEITA2;USUARIO_ACESSO_INTERNET_AUD;Tabela de Auditoria de Relaçao de usuários da Instituiçao Arrecadadora habilitados na camada de segurança da SEFAZ.;98;N;6;TIP_REVTYPE;NUMBER;22;Y;0;3;3;0;NO;Guarda o tipo da modificaçao.; (: )
