DB_INSTANCE_NAME;OWNER;TABLE_NAME;TAB_COMMENTS;NUM_ROWS;DUPLICATED;COLUMN_ID;COLUMN_NAME;DATA_TYPE;DATA_LENGTH;NULLABLE;DATA_SCALE;AVG_COL_LEN;NUM_DISTINCT;NUM_NULLS;DEFAULT_ON_NULL;COL_COMMENTS;CONSTRAINTS
exaprod;SITRAM2;ACAO_FISCAL;Ac?o Fiscal que se inicia coma apresentac?o de uma determinada carga.;40249392;N;31;COD_CNPJ_DUTOVIARIO;NUMBER;22;Y;0;2;28;40249226;NO;CNPJ da empresa do duto por onde passou a carga.; (: )
exaprod;SITRAM2;ACAO_FISCAL;Ac?o Fiscal que se inicia coma apresentac?o de uma determinada carga.;40249392;N;65;COD_CNPJ_DUTOVIARIO_A;VARCHAR2;14;Y;;2;28;40249226;NO;CNPJ no formato alfanumerico conforme o novo padrao; (: )
exaprod;SITRAM2;ACAO_FISCAL;Ac?o Fiscal que se inicia coma apresentac?o de uma determinada carga.;40249392;N;24;COD_CNPJ_TRANSPORTADORA;NUMBER;22;Y;0;4;97280;27699307;NO;CNPJ da transportadora ou empresa condutora que trouxe a carga.; (: )
exaprod;SITRAM2;ACAO_FISCAL;Ac?o Fiscal que se inicia coma apresentac?o de uma determinada carga.;40249392;N;66;COD_CNPJ_TRANSPORTADORA_A;VARCHAR2;14;Y;;6;96856;27698712;NO;CNPJ no formato alfanumerico conforme o novo padrao; (: )
exaprod;SITRAM2;ACAO_FISCAL;Ac?o Fiscal que se inicia coma apresentac?o de uma determinada carga.;40249392;N;3;COD_CONFIG_ORGAO;NUMBER;22;Y;0;3;1;4178;NO;Codigo do Posto ou outro Org?o Local que tenha base de dados local.;FK_ACE_R_ACA_FIS (FOREIGN KEY: ENABLED)
exaprod;SITRAM2;ACAO_FISCAL;Ac?o Fiscal que se inicia coma apresentac?o de uma determinada carga.;40249392;N;27;COD_CPF_MOTORISTA;NUMBER;22;Y;0;4;560384;25343908;NO;CPF do motorista que trouxe a carga.; (: )
exaprod;SITRAM2;ACAO_FISCAL;Ac?o Fiscal que se inicia coma apresentac?o de uma determinada carga.;40249392;N;56;COD_CPF_RESP_DEVOL;NUMBER;22;Y;0;2;528;40226984;NO;; (: )
exaprod;SITRAM2;ACAO_FISCAL;Ac?o Fiscal que se inicia coma apresentac?o de uma determinada carga.;40249392;N;54;COD_CPF_RESP_ENTREGA;NUMBER;22;Y;0;2;1140;40225507;NO;; (: )
exaprod;SITRAM2;ACAO_FISCAL;Ac?o Fiscal que se inicia coma apresentac?o de uma determinada carga.;40249392;N;30;COD_IDENTIDADE_MOTORISTA;VARCHAR2;35;Y;;3;449664;33833007;NO;RG do motorista que trouxe a carga.; (: )
exaprod;SITRAM2;ACAO_FISCAL;Ac?o Fiscal que se inicia coma apresentac?o de uma determinada carga.;40249392;N;37;COD_ORGAO_LOCAL;NUMBER;22;N;0;5;69;0;NO;Codigo do org?o local onde a ac?o fiscal de transito foi aberta.;FK_ORG_LOC_R_ACA_FIS (FOREIGN KEY: ENABLED)- SYS_C00190173 (C: ENABLED)
exaprod;SITRAM2;ACAO_FISCAL;Ac?o Fiscal que se inicia coma apresentac?o de uma determinada carga.;40249392;N;51;COD_RESPONSAVEL;NUMBER;22;Y;0;5;3161088;15542944;NO;CPF, CNPJ ou IE do responsavel.; (: )
exaprod;SITRAM2;ACAO_FISCAL;Ac?o Fiscal que se inicia coma apresentac?o de uma determinada carga.;40249392;N;67;COD_RESPONSAVEL_A;VARCHAR2;14;Y;;8;3506944;15195073;NO;CNPJ no formato alfanumerico conforme o novo padrao; (: )
exaprod;SITRAM2;ACAO_FISCAL;Ac?o Fiscal que se inicia coma apresentac?o de uma determinada carga.;40249392;N;13;COD_UF_PLACA_PRINCIPAL;NUMBER;22;Y;0;2;27;38177131;NO;UF da placa primaria.;FK_UNI_FED_R_ACA_FIS_PRI (FOREIGN KEY: ENABLED)
exaprod;SITRAM2;ACAO_FISCAL;Ac?o Fiscal que se inicia coma apresentac?o de uma determinada carga.;40249392;N;15;COD_UF_PLACA_SECUNDARIA1;NUMBER;22;Y;0;2;27;39714620;NO;UF da primeira placa secundaria.;FK_UNI_FED_R_ACA_FIS_PS1 (FOREIGN KEY: ENABLED)
exaprod;SITRAM2;ACAO_FISCAL;Ac?o Fiscal que se inicia coma apresentac?o de uma determinada carga.;40249392;N;17;COD_UF_PLACA_SECUNDARIA2;NUMBER;22;Y;0;2;26;40230562;NO;UF da segunda placa secundaria.;FK_UNI_FED_R_ACA_FIS_PS2 (FOREIGN KEY: ENABLED)
exaprod;SITRAM2;ACAO_FISCAL;Ac?o Fiscal que se inicia coma apresentac?o de uma determinada carga.;40249392;N;19;COD_UF_PLACA_SECUNDARIA3;NUMBER;22;Y;0;2;22;40248170;NO;UF da terceira placa secundaria.;FK_UNI_FED_R_ACA_FIS_PS3 (FOREIGN KEY: ENABLED)
exaprod;SITRAM2;ACAO_FISCAL;Ac?o Fiscal que se inicia coma apresentac?o de uma determinada carga.;40249392;N;58;COD_VEICULO;NUMBER;22;Y;0;2;53116;40170763;NO;; (: )
exaprod;SITRAM2;ACAO_FISCAL;Ac?o Fiscal que se inicia coma apresentac?o de uma determinada carga.;40249392;N;8;DAT_ACAO_FISCAL;DATE;7;N;;8;24793088;0;NO;Data de Solicitac?o da Ac?o Fiscal.;SYS_C00190170 (C: ENABLED)
exaprod;SITRAM2;ACAO_FISCAL;Ac?o Fiscal que se inicia coma apresentac?o de uma determinada carga.;40249392;N;42;DAT_ENTRADA_PROCESSO;DATE;7;Y;;2;3383;40033304;NO;Data de entrada do processo no CEFIT.; (: )
exaprod;SITRAM2;ACAO_FISCAL;Ac?o Fiscal que se inicia coma apresentac?o de uma determinada carga.;40249392;N;9;DSC_CHAVE;VARCHAR2;50;Y;;0;0;40249392;NO;Chave de acesso a origem das notas fiscais que compor?o a ac?o fiscal.; (: )
exaprod;SITRAM2;ACAO_FISCAL;Ac?o Fiscal que se inicia coma apresentac?o de uma determinada carga.;40249392;N;10;DSC_JUSTIFICATIVA_CANCEL;VARCHAR2;255;Y;;2;365088;39708915;NO;Justificativa do cancelamento da ac?o fiscal, que so pode ser cancelada se ainda n?o foi homologada ou se n?o estiver em transito.; (: )
exaprod;SITRAM2;ACAO_FISCAL;Ac?o Fiscal que se inicia coma apresentac?o de uma determinada carga.;40249392;N;33;DSC_LACRES_ROMPIDOS;VARCHAR2;255;Y;;2;381;40248994;NO;Lista de lacres da empresa que foram rompidos pelo fiscal da SEFAZ.; (: )
exaprod;SITRAM2;ACAO_FISCAL;Ac?o Fiscal que se inicia coma apresentac?o de uma determinada carga.;40249392;N;34;DSC_LACRES_SEFAZ;VARCHAR2;255;Y;;2;6368;40242977;NO;Lista de lacres colocados pelo fiscal da SEFAZ de volta na carga.; (: )
exaprod;SITRAM2;ACAO_FISCAL;Ac?o Fiscal que se inicia coma apresentac?o de uma determinada carga.;40249392;N;11;DSC_OBSERVACAO;VARCHAR2;1024;Y;;2;380832;39552210;NO;Comentarios sobre a ac?o fiscal.; (: )
exaprod;SITRAM2;ACAO_FISCAL;Ac?o Fiscal que se inicia coma apresentac?o de uma determinada carga.;40249392;N;32;NOM_DUTOVIARIO;VARCHAR2;60;Y;;2;30;40249220;NO;Nome da empresa do duto por onde passou a carga.; (: )
exaprod;SITRAM2;ACAO_FISCAL;Ac?o Fiscal que se inicia coma apresentac?o de uma determinada carga.;40249392;N;28;NOM_MOTORISTA;VARCHAR2;60;Y;;11;870080;25343908;NO;Nome do motorista que trouxe a carga.; (: )
exaprod;SITRAM2;ACAO_FISCAL;Ac?o Fiscal que se inicia coma apresentac?o de uma determinada carga.;40249392;N;57;NOM_RESP_DEVOL;VARCHAR2;60;Y;;2;539;40227039;NO;; (: )
exaprod;SITRAM2;ACAO_FISCAL;Ac?o Fiscal que se inicia coma apresentac?o de uma determinada carga.;40249392;N;55;NOM_RESP_ENTREGA;VARCHAR2;60;Y;;2;1151;40225507;NO;; (: )
exaprod;SITRAM2;ACAO_FISCAL;Ac?o Fiscal que se inicia coma apresentac?o de uma determinada carga.;40249392;N;52;NOM_RESPONSAVEL;VARCHAR2;60;Y;;17;4748288;15195043;NO;Nome do responsavel.; (: )
exaprod;SITRAM2;ACAO_FISCAL;Ac?o Fiscal que se inicia coma apresentac?o de uma determinada carga.;40249392;N;25;NOM_TRANSPORTADORA;VARCHAR2;60;Y;;11;160752;27697778;NO;Nome da transportadora ou empresa condutora que trouxe a carga.; (: )
exaprod;SITRAM2;ACAO_FISCAL;Ac?o Fiscal que se inicia coma apresentac?o de uma determinada carga.;40249392;N;62;NUM_CE_MERCANTE;VARCHAR2;60;Y;;2;139616;40091162;NO;Número do CE Mercante; (: )
exaprod;SITRAM2;ACAO_FISCAL;Ac?o Fiscal que se inicia coma apresentac?o de uma determinada carga.;40249392;N;29;NUM_CNH_MOTORISTA;NUMBER;22;Y;0;2;473344;33807091;NO;CNH (carteira de motorista) do motorista que trouxe a carga.; (: )
exaprod;SITRAM2;ACAO_FISCAL;Ac?o Fiscal que se inicia coma apresentac?o de uma determinada carga.;40249392;N;44;NUM_CONTAINER_PRINCIPAL;VARCHAR2;11;Y;;2;70200;40161506;NO;Numero do container primario.; (: )
exaprod;SITRAM2;ACAO_FISCAL;Ac?o Fiscal que se inicia coma apresentac?o de uma determinada carga.;40249392;N;45;NUM_CONTAINER_SECUNDARIO1;VARCHAR2;11;Y;;2;176;40249081;NO;Numero do primeiro container secundario.; (: )
exaprod;SITRAM2;ACAO_FISCAL;Ac?o Fiscal que se inicia coma apresentac?o de uma determinada carga.;40249392;N;46;NUM_CONTAINER_SECUNDARIO2;VARCHAR2;11;Y;;2;32;40249359;NO;Numero do segundo container secundario.; (: )
exaprod;SITRAM2;ACAO_FISCAL;Ac?o Fiscal que se inicia coma apresentac?o de uma determinada carga.;40249392;N;63;NUM_DEC_IMPORTACAO;VARCHAR2;15;Y;;2;181296;40062869;NO;Número da declaração de importação; (: )
exaprod;SITRAM2;ACAO_FISCAL;Ac?o Fiscal que se inicia coma apresentac?o de uma determinada carga.;40249392;N;43;NUM_ENCOMENDA;VARCHAR2;512;Y;;2;65848;40167378;NO;Utilizado para os correios.; (: )
exaprod;SITRAM2;ACAO_FISCAL;Ac?o Fiscal que se inicia coma apresentac?o de uma determinada carga.;40249392;N;47;NUM_LACRE_CTN_PRINCIPAL;VARCHAR2;15;Y;;2;503;40248824;NO;Numero do lacre do container primario.; (: )
exaprod;SITRAM2;ACAO_FISCAL;Ac?o Fiscal que se inicia coma apresentac?o de uma determinada carga.;40249392;N;48;NUM_LACRE_CTN_SECUNDARIO1;VARCHAR2;15;Y;;2;210;40249156;NO;Numero do lacre do primeiro container secundario.; (: )
exaprod;SITRAM2;ACAO_FISCAL;Ac?o Fiscal que se inicia coma apresentac?o de uma determinada carga.;40249392;N;49;NUM_LACRE_CTN_SECUNDARIO2;VARCHAR2;15;Y;;2;40;40249342;NO;Numero do lacre do segundo container secundario.; (: )
exaprod;SITRAM2;ACAO_FISCAL;Ac?o Fiscal que se inicia coma apresentac?o de uma determinada carga.;40249392;N;59;NUM_LACRE_MALOTE;VARCHAR2;255;Y;;2;23758;40224876;NO;; (: )
exaprod;SITRAM2;ACAO_FISCAL;Ac?o Fiscal que se inicia coma apresentac?o de uma determinada carga.;40249392;N;38;NUM_LOCOMOTIVA;VARCHAR2;15;Y;;2;292;40248876;NO;Numero da Locomotiva, no caso de transporte Ferroviario.; (: )
exaprod;SITRAM2;ACAO_FISCAL;Ac?o Fiscal que se inicia coma apresentac?o de uma determinada carga.;40249392;N;12;NUM_PLACA_PRINCIPAL;VARCHAR2;7;Y;;4;862208;25343164;NO;Numero da placa primaria.; (: )
exaprod;SITRAM2;ACAO_FISCAL;Ac?o Fiscal que se inicia coma apresentac?o de uma determinada carga.;40249392;N;14;NUM_PLACA_SECUNDARIA1;VARCHAR2;7;Y;;3;503520;33932368;NO;Numero da primeira placa secundaria.; (: )
exaprod;SITRAM2;ACAO_FISCAL;Ac?o Fiscal que se inicia coma apresentac?o de uma determinada carga.;40249392;N;16;NUM_PLACA_SECUNDARIA2;VARCHAR2;7;Y;;2;128664;39058798;NO;Numero da segunda placa secundaria.; (: )
exaprod;SITRAM2;ACAO_FISCAL;Ac?o Fiscal que se inicia coma apresentac?o de uma determinada carga.;40249392;N;18;NUM_PLACA_SECUNDARIA3;VARCHAR2;7;Y;;2;15338;40177952;NO;Numero da terceira placa secundaria.; (: )
exaprod;SITRAM2;ACAO_FISCAL;Ac?o Fiscal que se inicia coma apresentac?o de uma determinada carga.;40249392;N;60;NUM_SENHA_MOTORISTA;VARCHAR2;10;Y;;2;9712;32973371;NO;Número da senha entregue ao motorista pelo recepcionista.; (: )
exaprod;SITRAM2;ACAO_FISCAL;Ac?o Fiscal que se inicia coma apresentac?o de uma determinada carga.;40249392;N;41;NUM_SPU;VARCHAR2;20;Y;;2;1990912;38237213;NO;Numero do Sistema de Protocolo Unico do Estado. Utilizado para CEFIT.; (: )
exaprod;SITRAM2;ACAO_FISCAL;Ac?o Fiscal que se inicia coma apresentac?o de uma determinada carga.;40249392;N;39;NUM_VOOS;VARCHAR2;255;Y;;2;590400;39470759;NO;Lista dos numeros de voos envolvidos no transporte.; (: )
exaprod;SITRAM2;ACAO_FISCAL;Ac?o Fiscal que se inicia coma apresentac?o de uma determinada carga.;40249392;N;20;QTD_NOTAS_FISCAIS;NUMBER;22;Y;0;3;9896;8686160;NO;Quantidade de Notas Fiscais da carga.; (: )
exaprod;SITRAM2;ACAO_FISCAL;Ac?o Fiscal que se inicia coma apresentac?o de uma determinada carga.;40249392;N;1;SEQ_ACAO_FISCAL;NUMBER;22;N;0;9;40249392;0;NO;Identificador unico de instancia de Ac?o Fiscal.;PK_ACAO_FISCAL (PRIMARY KEY: ENABLED)- SYS_C00190168 (C: ENABLED)
exaprod;SITRAM2;ACAO_FISCAL;Ac?o Fiscal que se inicia coma apresentac?o de uma determinada carga.;40249392;N;2;SEQ_ACESSO;NUMBER;22;Y;0;7;27766784;4178;NO;Identificador da ultima alterac?o na tabela de acesso do SISSEG.;FK_ACE_R_ACA_FIS (FOREIGN KEY: ENABLED)
exaprod;SITRAM2;ACAO_FISCAL;Ac?o Fiscal que se inicia coma apresentac?o de uma determinada carga.;40249392;N;35;SEQ_CONTR_DUTOVIARIO;NUMBER;22;Y;0;2;20;40249236;NO;Identificador de contribuinte, no caso de empresa transportadora de duto.;FK_CON_R_ACA_FIS_DUT (FOREIGN KEY: ENABLED)
exaprod;SITRAM2;ACAO_FISCAL;Ac?o Fiscal que se inicia coma apresentac?o de uma determinada carga.;40249392;N;50;SEQ_CONTR_RESPONSAVEL;NUMBER;22;Y;0;2;36224;38777742;NO;Identificador do responsavel, no caso de ferroviario, aereo, correios e cefit.;FK_CON_R_ACA_FIS_RES (FOREIGN KEY: ENABLED)
exaprod;SITRAM2;ACAO_FISCAL;Ac?o Fiscal que se inicia coma apresentac?o de uma determinada carga.;40249392;N;36;SEQ_CONTR_TRANSPORTADORA;NUMBER;22;Y;0;2;16938;35237042;NO;Identificador de contribuinte, no caso de empresa transportadora.;FK_CON_R_ACA_FIS_TRA (FOREIGN KEY: ENABLED)
exaprod;SITRAM2;ACAO_FISCAL;Ac?o Fiscal que se inicia coma apresentac?o de uma determinada carga.;40249392;N;4;SEQ_CREDENCIAM;NUMBER;22;Y;0;2;4558;38975754;NO;Credenciamento da Transportadora que respondera pelo pagamento de ICMS dos destinatarios que n?o tem credenciamento.;FK_CRE_R_ACA_FIS_TRA_CRE (FOREIGN KEY: ENABLED)
exaprod;SITRAM2;ACAO_FISCAL;Ac?o Fiscal que se inicia coma apresentac?o de uma determinada carga.;40249392;N;5;SEQ_USUARIO_AUTOR;NUMBER;22;N;0;6;1353;0;NO;Usuario autor da ac?o fiscal.;FK_USU_R_ACA_FIS_AUT (FOREIGN KEY: ENABLED)- SYS_C00190845 (C: ENABLED)
exaprod;SITRAM2;ACAO_FISCAL;Ac?o Fiscal que se inicia coma apresentac?o de uma determinada carga.;40249392;N;6;SEQ_USUARIO_HOMOL;NUMBER;22;Y;0;6;802;1875522;NO;Usuario que homologou a ac?o fiscal.;FK_USU_R_ACA_FIS_HOM (FOREIGN KEY: ENABLED)
exaprod;SITRAM2;ACAO_FISCAL;Ac?o Fiscal que se inicia coma apresentac?o de uma determinada carga.;40249392;N;7;STA_ACAO_FISCAL;NUMBER;22;N;0;4;12;0;NO;Situac?o da Ac?o Fiscal.;CKC_STA_ACA_FIS_ACA_FIS (C: ENABLED)- SYS_C00190169 (C: ENABLED)
exaprod;SITRAM2;ACAO_FISCAL;Ac?o Fiscal que se inicia coma apresentac?o de uma determinada carga.;40249392;N;64;STA_CONTRIBUINTE;NUMBER;22;Y;0;3;2;0;NO;Indica se a ação fiscal foi aberta pelo contribuinte; (: )
exaprod;SITRAM2;ACAO_FISCAL;Ac?o Fiscal que se inicia coma apresentac?o de uma determinada carga.;40249392;N;61;STA_LIBERADA_PARA_PAGTO;NUMBER;22;Y;0;3;2;3737149;NO;Indica que os pagamentos estão liberados para serem pagos.;CKC_STA_LIB_PGTO_ACA_FIS (C: ENABLED)
exaprod;SITRAM2;ACAO_FISCAL;Ac?o Fiscal que se inicia coma apresentac?o de uma determinada carga.;40249392;N;26;STA_TRANSPORTE_PROPRIO;NUMBER;22;Y;0;2;1;0;NO;Indica se motorista esta dirigindo transporte proprio. Default e N?o.;CKC_STA_TRA_PRO_ACA_FIS (C: ENABLED)
exaprod;SITRAM2;ACAO_FISCAL;Ac?o Fiscal que se inicia coma apresentac?o de uma determinada carga.;40249392;N;23;TIP_ORIGEM;NUMBER;22;Y;0;3;6;0;NO;Origem das informac?es da Ac?o Fiscal.;CKC_TIP_ORI_ACA_FIS (C: ENABLED)
exaprod;SITRAM2;ACAO_FISCAL;Ac?o Fiscal que se inicia coma apresentac?o de uma determinada carga.;40249392;N;53;TIP_RESPONSAVEL;NUMBER;22;Y;0;2;3;27201784;NO;Tipo do responsavel.o: CGF, PJ sem CGF ou  PF;CKC_TIP_RES_ACA_FIS (C: ENABLED)
exaprod;SITRAM2;ACAO_FISCAL;Ac?o Fiscal que se inicia coma apresentac?o de uma determinada carga.;40249392;N;40;TIP_SERVICO_FRETE;NUMBER;22;Y;0;3;4;2393;NO;Tipo de frete: conhecimento, proprio e autonomo.;CKC_TIP_SER_FRE_ACA_FIS (C: ENABLED)
exaprod;SITRAM2;ACAO_FISCAL;Ac?o Fiscal que se inicia coma apresentac?o de uma determinada carga.;40249392;N;21;TIP_TRANSPORTE;NUMBER;22;N;0;3;10;0;NO;Indica o tipo de transporte em que veio a carga, se e aereo, terrestre etc.;CKC_TIP_TRA_ACA_FIS (C: ENABLED)- SYS_C00190172 (C: ENABLED)
exaprod;SITRAM2;ACAO_FISCAL;Ac?o Fiscal que se inicia coma apresentac?o de uma determinada carga.;40249392;N;22;VLR_PESAGEM;NUMBER;22;Y;2;2;64996;31967171;NO;Peso do caminh?o constatado na pesagem (em Kg).; (: )
exaprod;SITRAM2;ACAO_FISCAL_EVENTO;Registro de mudanca de status da Ac?o Fiscal.;298266877;N;4;COD_ORGAO_LOCAL;NUMBER;22;Y;0;5;76;22000945;NO;Org?o Local onde o evento ocorreu.;FK_ORG_LOC_R_ACA_FIS_EVE (FOREIGN KEY: ENABLED)
exaprod;SITRAM2;ACAO_FISCAL_EVENTO;Registro de mudanca de status da Ac?o Fiscal.;298266877;N;5;DAT_EVENTO;DATE;7;N;;8;97984512;0;NO;Data/Hora da ocorrencia do evento.;SYS_C00190178 (C: ENABLED)
exaprod;SITRAM2;ACAO_FISCAL_EVENTO;Registro de mudanca de status da Ac?o Fiscal.;298266877;N;2;SEQ_ACAO_FISCAL;NUMBER;22;N;0;9;38809600;0;NO;Identificador da Ac?o Fiscal do evento.;FK_ACA_FIS_R_ACA_FIS_EVE (FOREIGN KEY: ENABLED)- SYS_C00190176 (C: ENABLED)
exaprod;SITRAM2;ACAO_FISCAL_EVENTO;Registro de mudanca de status da Ac?o Fiscal.;298266877;N;1;SEQ_ACAO_FISCAL_EVENTO;NUMBER;22;N;0;10;298266877;0;NO;Identificador unico de evento da ac?o fiscal.;PK_ACAO_FISCAL_EVENTO (PRIMARY KEY: ENABLED)- SYS_C00190175 (C: ENABLED)
exaprod;SITRAM2;ACAO_FISCAL_EVENTO;Registro de mudanca de status da Ac?o Fiscal.;298266877;N;3;SEQ_USUARIO;NUMBER;22;Y;0;6;1608;22058857;NO;Usuario autor do evento. Quando NULL significa que foi uma ac?o disparada pelo proprio sistema.;FK_USU_R_ACA_FIS_EVE (FOREIGN KEY: ENABLED)
exaprod;SITRAM2;ACAO_FISCAL_EVENTO;Registro de mudanca de status da Ac?o Fiscal.;298266877;N;7;STA_ACAO_FISCAL;NUMBER;22;N;0;4;14;0;NO;Situac?o em que ficou a ac?o fiscal, apos a ac?o do usuario.;CKC_STA_ACA_FIS_ACA_FIS_EVE (C: ENABLED)- SYS_C00190180 (C: ENABLED)
exaprod;SITRAM2;ACAO_FISCAL_EVENTO;Registro de mudanca de status da Ac?o Fiscal.;298266877;N;8;TIP_EVENTO;NUMBER;22;Y;0;2;5;296873338;NO;Indica o tipo de evento; (: )
exaprod;SITRAM2;ACAO_FISCAL_EVENTO;Registro de mudanca de status da Ac?o Fiscal.;298266877;N;6;TXT_EVENTO;VARCHAR2;512;N;;33;970048;0;NO;Texto explicativo do evento.;SYS_C00190179 (C: ENABLED)
exaprod;SITRAM2;ACAO_FISCAL_HIST;Histórico da tabela de ação Fiscal;226126168;N;28;COD_CNPJ_DUTOVIARIO;NUMBER;22;Y;0;2;20;226125854;NO;CNPJ da empresa do duto por onde passou a carga.; (: )
exaprod;SITRAM2;ACAO_FISCAL_HIST;Histórico da tabela de ação Fiscal;226126168;N;68;COD_CNPJ_DUTOVIARIO_A;VARCHAR2;14;Y;;2;20;226125854;NO;CNPJ no formato alfanumerico conforme o novo padrao; (: )
exaprod;SITRAM2;ACAO_FISCAL_HIST;Histórico da tabela de ação Fiscal;226126168;N;21;COD_CNPJ_TRANSPORTADORA;NUMBER;22;Y;0;4;88584;145238047;NO;CNPJ da transportadora ou empresa condutora que trouxe a carga.; (: )
exaprod;SITRAM2;ACAO_FISCAL_HIST;Histórico da tabela de ação Fiscal;226126168;N;69;COD_CNPJ_TRANSPORTADORA_A;VARCHAR2;14;Y;;6;87496;146087115;NO;CNPJ no formato alfanumerico conforme o novo padrao; (: )
exaprod;SITRAM2;ACAO_FISCAL_HIST;Histórico da tabela de ação Fiscal;226126168;N;4;COD_CONFIG_ORGAO;NUMBER;22;Y;0;3;1;46117;NO;Código do Posto ou outro Órgão Local que tenha base de dados local.; (: )
exaprod;SITRAM2;ACAO_FISCAL_HIST;Histórico da tabela de ação Fiscal;226126168;N;24;COD_CPF_MOTORISTA;NUMBER;22;Y;0;4;485312;139602921;NO;CPF do motorista que trouxe a carga.; (: )
exaprod;SITRAM2;ACAO_FISCAL_HIST;Histórico da tabela de ação Fiscal;226126168;N;55;COD_CPF_RESP_DEVOL;NUMBER;22;Y;0;2;43;226126045;NO;Código do Responsável pela devolução das Notas Fiscais.; (: )
exaprod;SITRAM2;ACAO_FISCAL_HIST;Histórico da tabela de ação Fiscal;226126168;N;53;COD_CPF_RESP_ENTREGA;NUMBER;22;Y;0;2;53;226126016;NO;"Código do Responsável pela entrega das Notas Fiscais no encaminhamento de ""em trânsito"" para ""aguardando digitação"" "; (: )
exaprod;SITRAM2;ACAO_FISCAL_HIST;Histórico da tabela de ação Fiscal;226126168;N;27;COD_IDENTIDADE_MOTORISTA;VARCHAR2;35;Y;;2;304608;204338108;NO;RG do motorista que trouxe a carga.; (: )
exaprod;SITRAM2;ACAO_FISCAL_HIST;Histórico da tabela de ação Fiscal;226126168;N;34;COD_ORGAO_LOCAL;NUMBER;22;Y;0;5;65;0;NO;Código do órgão local onde a ação fiscal de trânsito foi aberta.; (: )
exaprod;SITRAM2;ACAO_FISCAL_HIST;Histórico da tabela de ação Fiscal;226126168;N;52;COD_RESPONSAVEL;NUMBER;22;Y;0;5;3115008;88135712;NO;CPF, CNPJ ou IE do responsável.; (: )
exaprod;SITRAM2;ACAO_FISCAL_HIST;Histórico da tabela de ação Fiscal;226126168;N;70;COD_RESPONSAVEL_A;VARCHAR2;14;Y;;5;1515008;160173314;NO;CNPJ no formato alfanumerico conforme o novo padrao; (: )
exaprod;SITRAM2;ACAO_FISCAL_HIST;Histórico da tabela de ação Fiscal;226126168;N;48;COD_UF_PLACA_PRINCIPAL;NUMBER;22;Y;0;2;27;226102518;NO;UF da Placa Principal.; (: )
exaprod;SITRAM2;ACAO_FISCAL_HIST;Histórico da tabela de ação Fiscal;226126168;N;50;COD_UF_PLACA_SECUNDARIA1;NUMBER;22;Y;0;2;26;226120806;NO;UF da Primeira Placa Secundária.; (: )
exaprod;SITRAM2;ACAO_FISCAL_HIST;Histórico da tabela de ação Fiscal;226126168;N;49;COD_UF_PLACA_SECUNDARIA2;NUMBER;22;Y;0;2;19;226126082;NO;UF da Segunda Placa Secundária.; (: )
exaprod;SITRAM2;ACAO_FISCAL_HIST;Histórico da tabela de ação Fiscal;226126168;N;51;COD_UF_PLACA_SECUNDARIA3;NUMBER;22;Y;0;2;4;226126162;NO;UF da Terceira Placa Secundária.; (: )
exaprod;SITRAM2;ACAO_FISCAL_HIST;Histórico da tabela de ação Fiscal;226126168;N;59;COD_VEICULO;NUMBER;22;Y;0;2;5249;226089475;NO;Atributo vehicleId utilizado pela aplicação que controla a balança para identificar a passagem de um veículo em um determinado posto fiscal. ; (: )
exaprod;SITRAM2;ACAO_FISCAL_HIST;Histórico da tabela de ação Fiscal;226126168;N;9;DAT_ACAO_FISCAL;DATE;7;Y;;8;20885504;0;NO;Data de Solicitação da Ação Fiscal.; (: )
exaprod;SITRAM2;ACAO_FISCAL_HIST;Histórico da tabela de ação Fiscal;226126168;N;39;DAT_ENTRADA_PROCESSO;DATE;7;Y;;2;2380;225451910;NO;Data de entrada do processo no CEFIT.; (: )
exaprod;SITRAM2;ACAO_FISCAL_HIST;Histórico da tabela de ação Fiscal;226126168;N;65;DAT_MOVIMENTO;DATE;7;N;;8;74096640;0;NO;Data de realização da operação.;SYS_C001187512 (C: ENABLED)
exaprod;SITRAM2;ACAO_FISCAL_HIST;Histórico da tabela de ação Fiscal;226126168;N;10;DSC_CHAVE;VARCHAR2;50;Y;;0;0;226126168;NO;Chave de acesso à origem das notas fiscais que comporão a ação fiscal.; (: )
exaprod;SITRAM2;ACAO_FISCAL_HIST;Histórico da tabela de ação Fiscal;226126168;N;11;DSC_JUSTIFICATIVA_CANCEL;VARCHAR2;255;Y;;2;320192;225623186;NO;Justificativa do cancelamento da ação fiscal, que só pode ser cancelada se ainda não foi homologada ou se não estiver em trânsito.; (: )
exaprod;SITRAM2;ACAO_FISCAL_HIST;Histórico da tabela de ação Fiscal;226126168;N;30;DSC_LACRES_ROMPIDOS;VARCHAR2;255;Y;;2;241;226125733;NO;Lista de lacres da empresa que foram rompidos pelo fiscal da SEFAZ.; (: )
exaprod;SITRAM2;ACAO_FISCAL_HIST;Histórico da tabela de ação Fiscal;226126168;N;31;DSC_LACRES_SEFAZ;VARCHAR2;255;Y;;2;330;226125638;NO;Lista de lacres colocados pelo fiscal da SEFAZ de volta na carga.; (: )
exaprod;SITRAM2;ACAO_FISCAL_HIST;Histórico da tabela de ação Fiscal;226126168;N;12;DSC_OBSERVACAO;VARCHAR2;1024;Y;;2;293536;223661882;NO;Comentários sobre a ação fiscal.; (: )
exaprod;SITRAM2;ACAO_FISCAL_HIST;Histórico da tabela de ação Fiscal;226126168;N;29;NOM_DUTOVIARIO;VARCHAR2;60;Y;;2;21;226125829;NO;Nome da empresa do duto por onde passou a carga.; (: )
exaprod;SITRAM2;ACAO_FISCAL_HIST;Histórico da tabela de ação Fiscal;226126168;N;25;NOM_MOTORISTA;VARCHAR2;60;Y;;11;686592;139602921;NO;Nome do motorista que trouxe a carga.; (: )
exaprod;SITRAM2;ACAO_FISCAL_HIST;Histórico da tabela de ação Fiscal;226126168;N;56;NOM_RESP_DEVOL;VARCHAR2;60;Y;;2;43;226126045;NO;Nome do Responsável pela devolução das Notas Fiscais.; (: )
exaprod;SITRAM2;ACAO_FISCAL_HIST;Histórico da tabela de ação Fiscal;226126168;N;54;NOM_RESP_ENTREGA;VARCHAR2;60;Y;;2;53;226126016;NO;"Nome do Responsável pela entrega das Notas Fiscais no encaminhamento de ""em trânsito"" para ""aguardando digitação"" "; (: )
exaprod;SITRAM2;ACAO_FISCAL_HIST;Histórico da tabela de ação Fiscal;226126168;N;57;NOM_RESPONSAVEL;VARCHAR2;60;Y;;17;4623360;88135794;NO;Nome do responsável.; (: )
exaprod;SITRAM2;ACAO_FISCAL_HIST;Histórico da tabela de ação Fiscal;226126168;N;22;NOM_TRANSPORTADORA;VARCHAR2;60;Y;;13;134320;145222538;NO;Nome da transportadora ou empresa condutora que trouxe a carga.; (: )
exaprod;SITRAM2;ACAO_FISCAL_HIST;Histórico da tabela de ação Fiscal;226126168;N;67;NUM_CE_MERCANTE;VARCHAR2;60;Y;;2;138128;224929722;NO;Número do CE Mercante; (: )
exaprod;SITRAM2;ACAO_FISCAL_HIST;Histórico da tabela de ação Fiscal;226126168;N;26;NUM_CNH_MOTORISTA;NUMBER;22;Y;0;2;332608;204156246;NO;CNH (carteira de motorista) do motorista que trouxe a carga.; (: )
exaprod;SITRAM2;ACAO_FISCAL_HIST;Histórico da tabela de ação Fiscal;226126168;N;41;NUM_CONTAINER_PRINCIPAL;VARCHAR2;11;Y;;2;70328;225535241;NO;Número do container primário.; (: )
exaprod;SITRAM2;ACAO_FISCAL_HIST;Histórico da tabela de ação Fiscal;226126168;N;42;NUM_CONTAINER_SECUNDARIO1;VARCHAR2;11;Y;;2;170;226124372;NO;Número do primeiro container secundário.; (: )
exaprod;SITRAM2;ACAO_FISCAL_HIST;Histórico da tabela de ação Fiscal;226126168;N;43;NUM_CONTAINER_SECUNDARIO2;VARCHAR2;11;Y;;2;32;226125966;NO;Número do segundo container secundário.; (: )
exaprod;SITRAM2;ACAO_FISCAL_HIST;Histórico da tabela de ação Fiscal;226126168;N;66;NUM_DEC_IMPORTACAO;VARCHAR2;15;Y;;2;179712;224760354;NO;Número da declaração de importação; (: )
exaprod;SITRAM2;ACAO_FISCAL_HIST;Histórico da tabela de ação Fiscal;226126168;N;40;NUM_ENCOMENDA;VARCHAR2;512;Y;;2;39852;225808404;NO;Utilizado para os correios.; (: )
exaprod;SITRAM2;ACAO_FISCAL_HIST;Histórico da tabela de ação Fiscal;226126168;N;44;NUM_LACRE_CTN_PRINCIPAL;VARCHAR2;15;Y;;2;297;226124236;NO;Número do lacre do container primário.; (: )
exaprod;SITRAM2;ACAO_FISCAL_HIST;Histórico da tabela de ação Fiscal;226126168;N;45;NUM_LACRE_CTN_SECUNDARIO1;VARCHAR2;15;Y;;2;204;226124796;NO;Número do lacre do primeiro container secundário.; (: )
exaprod;SITRAM2;ACAO_FISCAL_HIST;Histórico da tabela de ação Fiscal;226126168;N;46;NUM_LACRE_CTN_SECUNDARIO2;VARCHAR2;15;Y;;2;39;226125877;NO;Número do lacre do segundo container secundário.; (: )
exaprod;SITRAM2;ACAO_FISCAL_HIST;Histórico da tabela de ação Fiscal;226126168;N;60;NUM_LACRE_MALOTE;VARCHAR2;255;Y;;2;149;226125990;NO;Número do lacre do malote.; (: )
exaprod;SITRAM2;ACAO_FISCAL_HIST;Histórico da tabela de ação Fiscal;226126168;N;35;NUM_LOCOMOTIVA;VARCHAR2;15;Y;;2;143;226123930;NO;Número da Locomotiva, no caso de transporte Ferroviário.; (: )
exaprod;SITRAM2;ACAO_FISCAL_HIST;Histórico da tabela de ação Fiscal;226126168;N;13;NUM_PLACA_PRINCIPAL;VARCHAR2;7;Y;;4;668352;139608171;NO;Número da placa primária.; (: )
exaprod;SITRAM2;ACAO_FISCAL_HIST;Histórico da tabela de ação Fiscal;226126168;N;14;NUM_PLACA_SECUNDARIA1;VARCHAR2;7;Y;;3;403104;185108566;NO;Número da primeira placa secundária.; (: )
exaprod;SITRAM2;ACAO_FISCAL_HIST;Histórico da tabela de ação Fiscal;226126168;N;15;NUM_PLACA_SECUNDARIA2;VARCHAR2;7;Y;;2;119296;217953551;NO;Número da segunda placa secundária.; (: )
exaprod;SITRAM2;ACAO_FISCAL_HIST;Histórico da tabela de ação Fiscal;226126168;N;16;NUM_PLACA_SECUNDARIA3;VARCHAR2;7;Y;;2;13704;225609689;NO;Número da terceira placa secundária.; (: )
exaprod;SITRAM2;ACAO_FISCAL_HIST;Histórico da tabela de ação Fiscal;226126168;N;61;NUM_SENHA_MOTORISTA;VARCHAR2;10;Y;;2;7702;186923816;NO;Número da senha entregue ao motorista pelo recepcionista.; (: )
exaprod;SITRAM2;ACAO_FISCAL_HIST;Histórico da tabela de ação Fiscal;226126168;N;38;NUM_SPU;VARCHAR2;20;Y;;2;1924352;215300698;NO;Número do Sistema de Protocolo Único do Estado. Utilizado para CEFIT.; (: )
exaprod;SITRAM2;ACAO_FISCAL_HIST;Histórico da tabela de ação Fiscal;226126168;N;36;NUM_VOOS;VARCHAR2;255;Y;;2;211664;223145599;NO;Lista dos números de voos envolvidos no transporte.; (: )
exaprod;SITRAM2;ACAO_FISCAL_HIST;Histórico da tabela de ação Fiscal;226126168;N;17;QTD_NOTAS_FISCAIS;NUMBER;22;Y;0;3;10199;75932680;NO;Quantidade de Notas Fiscais da carga.; (: )
exaprod;SITRAM2;ACAO_FISCAL_HIST;Histórico da tabela de ação Fiscal;226126168;N;2;SEQ_ACAO_FISCAL;NUMBER;22;N;0;8;35078144;0;NO;Identificador único de instância de Ação Fiscal.;SYS_C001187510 (C: ENABLED)
exaprod;SITRAM2;ACAO_FISCAL_HIST;Histórico da tabela de ação Fiscal;226126168;N;1;SEQ_ACAO_FISCAL_HIST;NUMBER;22;N;0;7;226126168;0;NO;Identificador da tabela;PK_ACAO_FISCAL_HIST (PRIMARY KEY: ENABLED)- SYS_C001187509 (C: ENABLED)
exaprod;SITRAM2;ACAO_FISCAL_HIST;Histórico da tabela de ação Fiscal;226126168;N;3;SEQ_ACESSO;NUMBER;22;Y;0;7;30271488;46117;NO;Identificador da última alteração na tabela de acesso do SISSEG.; (: )
exaprod;SITRAM2;ACAO_FISCAL_HIST;Histórico da tabela de ação Fiscal;226126168;N;32;SEQ_CONTR_DUTOVIARIO;NUMBER;22;Y;0;2;16;226125879;NO;Identificador de contribuinte, no caso de empresa transportadora de duto.; (: )
exaprod;SITRAM2;ACAO_FISCAL_HIST;Histórico da tabela de ação Fiscal;226126168;N;47;SEQ_CONTR_RESPONSAVEL;NUMBER;22;Y;0;2;27594;220957280;NO;Identificador do responsável, no caso de ferroviário, aéreo, correios e cefit.; (: )
exaprod;SITRAM2;ACAO_FISCAL_HIST;Histórico da tabela de ação Fiscal;226126168;N;33;SEQ_CONTR_TRANSPORTADORA;NUMBER;22;Y;0;2;14857;198022509;NO;Identificador de contribuinte, no caso de empresa transportadora.; (: )
exaprod;SITRAM2;ACAO_FISCAL_HIST;Histórico da tabela de ação Fiscal;226126168;N;5;SEQ_CREDENCIAM;NUMBER;22;Y;0;2;3689;217152180;NO;Credenciamento da Transportadora que responderá pelo pagamento de ICMS dos destinatários que não tem credenciamento.; (: )
exaprod;SITRAM2;ACAO_FISCAL_HIST;Histórico da tabela de ação Fiscal;226126168;N;6;SEQ_USUARIO_AUTOR;NUMBER;22;Y;0;6;1246;0;NO;Usuário autor da ação fiscal.; (: )
exaprod;SITRAM2;ACAO_FISCAL_HIST;Histórico da tabela de ação Fiscal;226126168;N;63;SEQ_USUARIO_HIST;NUMBER;22;Y;0;6;1374;46117;NO;Usuário que realizou a operação.; (: )
exaprod;SITRAM2;ACAO_FISCAL_HIST;Histórico da tabela de ação Fiscal;226126168;N;7;SEQ_USUARIO_HOMOL;NUMBER;22;Y;0;2;749;179800223;NO;Usuário que homologou a ação fiscal.; (: )
exaprod;SITRAM2;ACAO_FISCAL_HIST;Histórico da tabela de ação Fiscal;226126168;N;8;STA_ACAO_FISCAL;NUMBER;22;Y;0;4;14;0;NO;Situação da Ação Fiscal.; (: )
exaprod;SITRAM2;ACAO_FISCAL_HIST;Histórico da tabela de ação Fiscal;226126168;N;62;STA_LIBERADA_PARA_PAGTO;NUMBER;22;Y;0;3;2;4652051;NO;Indica que os pagamentos estão liberados para serem pagos.; (: )
exaprod;SITRAM2;ACAO_FISCAL_HIST;Histórico da tabela de ação Fiscal;226126168;N;64;STA_OPERACAO;NUMBER;22;N;0;3;2;0;NO;"1 -> Insert; 2 -> Update; 3 -> Delete";SYS_C001187511 (C: ENABLED)
exaprod;SITRAM2;ACAO_FISCAL_HIST;Histórico da tabela de ação Fiscal;226126168;N;23;STA_TRANSPORTE_PROPRIO;NUMBER;22;Y;0;2;1;664127;NO;Indica se motorista está dirigindo transporte próprio. Default é Não.; (: )
exaprod;SITRAM2;ACAO_FISCAL_HIST;Histórico da tabela de ação Fiscal;226126168;N;20;TIP_ORIGEM;NUMBER;22;Y;0;3;6;0;NO;Origem das informações da Ação Fiscal.; (: )
exaprod;SITRAM2;ACAO_FISCAL_HIST;Histórico da tabela de ação Fiscal;226126168;N;58;TIP_RESPONSAVEL;NUMBER;22;Y;0;2;3;155924618;NO;Tipo do responsável.o: CGF, PJ sem CGF ou  PF; (: )
exaprod;SITRAM2;ACAO_FISCAL_HIST;Histórico da tabela de ação Fiscal;226126168;N;37;TIP_SERVICO_FRETE;NUMBER;22;Y;0;3;4;9733;NO;Tipo de frete: conhecimento, próprio e autônomo.; (: )
exaprod;SITRAM2;ACAO_FISCAL_HIST;Histórico da tabela de ação Fiscal;226126168;N;18;TIP_TRANSPORTE;NUMBER;22;Y;0;3;10;0;NO;Indica o tipo de transporte em que veio a carga, se é aéreo, terrestre etc.; (: )
exaprod;SITRAM2;ACAO_FISCAL_HIST;Histórico da tabela de ação Fiscal;226126168;N;19;VLR_PESAGEM;NUMBER;22;Y;2;2;56912;173889294;NO;Peso do caminhão constatado na pesagem (em Kg).; (: )
exaprod;SITRAM2;ACAO_FISCAL_PEND;Pendencia surgida na abertura do protocolo de ac?o fiscal ou digitac?o das notas fiscais. Deve ser encaminhada a homologac?o pelo fiscal.;34906485;N;8;DAT_FIM;DATE;7;Y;;8;5597696;3894897;NO;Data de resoluc?o da pendencia.; (: )
exaprod;SITRAM2;ACAO_FISCAL_PEND;Pendencia surgida na abertura do protocolo de ac?o fiscal ou digitac?o das notas fiscais. Deve ser encaminhada a homologac?o pelo fiscal.;34906485;N;7;DAT_INICIO;DATE;7;N;;8;16657408;0;NO;Data de gerac?o da pendencia.;SYS_C00190187 (C: ENABLED)
exaprod;SITRAM2;ACAO_FISCAL_PEND;Pendencia surgida na abertura do protocolo de ac?o fiscal ou digitac?o das notas fiscais. Deve ser encaminhada a homologac?o pelo fiscal.;34906485;N;10;DSC_JUSTIFICATIVA;VARCHAR2;1024;Y;;24;1976192;3643255;NO;Justificativa fornecida quando pendencia e passivel de homologac?o (verificac?o) pelo fiscal.; (: )
exaprod;SITRAM2;ACAO_FISCAL_PEND;Pendencia surgida na abertura do protocolo de ac?o fiscal ou digitac?o das notas fiscais. Deve ser encaminhada a homologac?o pelo fiscal.;34906485;N;6;DSC_MENSAGEM;VARCHAR2;4000;N;;132;23085056;0;NO;Descric?o da pendencia, quando a mesma n?o foi originada a partir de uma mensagem do sistema.;SYS_C00190186 (C: ENABLED)
exaprod;SITRAM2;ACAO_FISCAL_PEND;Pendencia surgida na abertura do protocolo de ac?o fiscal ou digitac?o das notas fiscais. Deve ser encaminhada a homologac?o pelo fiscal.;34906485;N;16;DSC_MENSAGEM_CONT;VARCHAR2;4000;Y;;0;0;34906485;NO;Descrição da pendência, quando a mesma não foi originada a partir de uma mensagem do sistema.; (: )
exaprod;SITRAM2;ACAO_FISCAL_PEND;Pendencia surgida na abertura do protocolo de ac?o fiscal ou digitac?o das notas fiscais. Deve ser encaminhada a homologac?o pelo fiscal.;34906485;N;11;DSC_VALOR_CAMPO;VARCHAR2;255;Y;;37;24969216;211602;NO;Contem os valores dos campos que originaram a pendencia. E utilizado para evitar a inclus?o de pendencias duplicadas.; (: )
exaprod;SITRAM2;ACAO_FISCAL_PEND;Pendencia surgida na abertura do protocolo de ac?o fiscal ou digitac?o das notas fiscais. Deve ser encaminhada a homologac?o pelo fiscal.;34906485;N;2;SEQ_ACAO_FISCAL;NUMBER;22;Y;0;6;1652864;12753090;NO;Identificador de Ac?o Fiscal, se pendencia for da Ac?o e n?o da Nota.;FK_ACA_FIS_R_ACA_FIS_PEN (FOREIGN KEY: ENABLED)
exaprod;SITRAM2;ACAO_FISCAL_PEND;Pendencia surgida na abertura do protocolo de ac?o fiscal ou digitac?o das notas fiscais. Deve ser encaminhada a homologac?o pelo fiscal.;34906485;N;1;SEQ_ACAO_FISCAL_PEND;NUMBER;22;N;0;11;34906485;0;NO;Identificador unico de instancia de Pendencia de Ac?o Fiscal.;PK_ACAO_FISCAL_PEND (PRIMARY KEY: ENABLED)- SYS_C00190184 (C: ENABLED)
exaprod;SITRAM2;ACAO_FISCAL_PEND;Pendencia surgida na abertura do protocolo de ac?o fiscal ou digitac?o das notas fiscais. Deve ser encaminhada a homologac?o pelo fiscal.;34906485;N;4;SEQ_AVISO;NUMBER;22;Y;0;4;3263;157682;NO;Mensagem ou Critica utilizada para gerar pendencia para ac?o fiscal, ou nota fiscal ou item de nota fiscal.;FK_AVI_ACA_FIS_PEN (FOREIGN KEY: ENABLED)
exaprod;SITRAM2;ACAO_FISCAL_PEND;Pendencia surgida na abertura do protocolo de ac?o fiscal ou digitac?o das notas fiscais. Deve ser encaminhada a homologac?o pelo fiscal.;34906485;N;3;SEQ_NOTA_FISCAL;NUMBER;22;Y;0;4;11971584;22154571;NO;Identificador de Nota Fiscal, se pendencia for da Nota e n?o da Ac?o.;FK_NOT_FIS_R_ACA_FIS_PEN (FOREIGN KEY: ENABLED)
exaprod;SITRAM2;ACAO_FISCAL_PEND;Pendencia surgida na abertura do protocolo de ac?o fiscal ou digitac?o das notas fiscais. Deve ser encaminhada a homologac?o pelo fiscal.;34906485;N;13;SEQ_USUARIO;NUMBER;22;Y;0;5;1286;3532305;NO;;FK_USU_R_ACA_FIS_PEN (FOREIGN KEY: ENABLED)
exaprod;SITRAM2;ACAO_FISCAL_PEND;Pendencia surgida na abertura do protocolo de ac?o fiscal ou digitac?o das notas fiscais. Deve ser encaminhada a homologac?o pelo fiscal.;34906485;N;14;SEQ_USUARIO_INCLUSAO;NUMBER;22;Y;0;2;561;34748803;NO;Usuario que cadastrou a pendencia.;FK_USU_INC_R_ACA_FIS_PEN (FOREIGN KEY: ENABLED)
exaprod;SITRAM2;ACAO_FISCAL_PEND;Pendencia surgida na abertura do protocolo de ac?o fiscal ou digitac?o das notas fiscais. Deve ser encaminhada a homologac?o pelo fiscal.;34906485;N;12;STA_APAGAVEL;NUMBER;22;N;0;3;2;0;NO;Indica se a pendencia pode ser apagada, quando ainda n?o resolvida.;CKC_STA_APA_ACA_FIS_PEN (C: ENABLED)- SYS_C00190190 (C: ENABLED)
exaprod;SITRAM2;ACAO_FISCAL_PEND;Pendencia surgida na abertura do protocolo de ac?o fiscal ou digitac?o das notas fiscais. Deve ser encaminhada a homologac?o pelo fiscal.;34906485;N;15;STA_CRIADO_CONT;NUMBER;22;Y;0;2;2;11481671;NO;Verifica se a pendencia veio de uma ação do posto fiscal virtual; (: )
exaprod;SITRAM2;ACAO_FISCAL_PEND;Pendencia surgida na abertura do protocolo de ac?o fiscal ou digitac?o das notas fiscais. Deve ser encaminhada a homologac?o pelo fiscal.;34906485;N;9;STA_HOMOLOGAVEL;NUMBER;22;N;0;3;2;0;NO;Indica se a pendencia pode ser homologada pelo fiscal. Em caso negativo, a pendencia n?o pode ser homologada forcosamente em hipotese alguma, deve ser realmente eliminada pelo sistema.;CKC_STA_HOM_ACA_FIS_PEN (C: ENABLED)- SYS_C00190188 (C: ENABLED)
exaprod;SITRAM2;ACAO_FISCAL_PEND;Pendencia surgida na abertura do protocolo de ac?o fiscal ou digitac?o das notas fiscais. Deve ser encaminhada a homologac?o pelo fiscal.;34906485;N;5;STA_PENDENCIA_ACAO_FISCAL;NUMBER;22;N;0;3;3;0;NO;Situac?o da pendencia (em aberto, resolvida, verificada).;CKC_STA_PEN_ACA_FIS_PEN (C: ENABLED)- SYS_C00190185 (C: ENABLED)
exaprod;SITRAM2;AJUSTE;Ajuste para rotina de cálculo ou exceção para rotina.  Pode ser específica para um conjunto de UFs.;15818;N;9;DSC_CRITERIO;VARCHAR2;1024;Y;;101;1392;1391;NO;Critério que indica a aplicação do ajuste.; (: )
exaprod;SITRAM2;AJUSTE;Ajuste para rotina de cálculo ou exceção para rotina.  Pode ser específica para um conjunto de UFs.;15818;N;8;DSC_DESCRICAO;VARCHAR2;255;Y;;30;701;10552;NO;Descrição do ajuste.; (: )
exaprod;SITRAM2;AJUSTE;Ajuste para rotina de cálculo ou exceção para rotina.  Pode ser específica para um conjunto de UFs.;15818;N;1;SEQ_AJUSTE;NUMBER;22;N;0;5;15818;0;NO;Identificador único de instância de Ajuste.;PK_AJUSTE (PRIMARY KEY: ENABLED)- SYS_C00190699 (C: ENABLED)
exaprod;SITRAM2;AJUSTE;Ajuste para rotina de cálculo ou exceção para rotina.  Pode ser específica para um conjunto de UFs.;15818;N;2;SEQ_VERSAO_CONFIGURACAO;NUMBER;22;N;0;5;1550;0;NO;Identificador Único de uma configuração;FK_VER_CON_R_AJU (FOREIGN KEY: ENABLED)- SYS_C00190700 (C: ENABLED)
exaprod;SITRAM2;AJUSTE;Ajuste para rotina de cálculo ou exceção para rotina.  Pode ser específica para um conjunto de UFs.;15818;N;4;TIP_CLASSIF_CONTRIBUINTE;NUMBER;22;Y;0;2;9;15473;NO;Tipo de situação onde o ajuste irá se aplicar. Ex. Situação padrão, SISIF, CNAE de bares e restaurantes etc.;CKC_TIP_REG_AJU_AJU (C: ENABLED)
exaprod;SITRAM2;AJUSTE;Ajuste para rotina de cálculo ou exceção para rotina.  Pode ser específica para um conjunto de UFs.;15818;N;6;TIP_CLASSIF_PRODUTO;NUMBER;22;Y;0;2;3;15473;NO;Coluna referente ao tipo de Classificação do Produto (Valor definido em dominios.xml);CKC_TIP_CLA_PRO_AJU (C: ENABLED)
exaprod;SITRAM2;AJUSTE;Ajuste para rotina de cálculo ou exceção para rotina.  Pode ser específica para um conjunto de UFs.;15818;N;5;TIP_INCIDENCIA;NUMBER;22;N;0;3;18;0;NO;Coluna referente ao tipo de Ajuste utilizado no Cálculo(Valor definido em dominios.xml);CKC_TIP_INC_AJU (C: ENABLED)- SYS_C00190703 (C: ENABLED)
exaprod;SITRAM2;AJUSTE;Ajuste para rotina de cálculo ou exceção para rotina.  Pode ser específica para um conjunto de UFs.;15818;N;7;TIP_SITUACAO_ESPECIAL;NUMBER;22;Y;0;2;5;15473;NO;COLUNA REFERENTE AO TIPO DA SITUACAO ESPECIAL (VALOR DEFINIDO EM DOMINIOS.XML);CKC_TIP_SIT_ESP_AJU (C: ENABLED)
exaprod;SITRAM2;AJUSTE;Ajuste para rotina de cálculo ou exceção para rotina.  Pode ser específica para um conjunto de UFs.;15818;N;3;VLR_AJUSTE;NUMBER;22;N;4;5;955;0;NO;Valor do ajuste a ser aplicado.;SYS_C00190701 (C: ENABLED)
exaprod;SITRAM2;AJUSTE_UF;Relacionamento entre Ajuste e Unidade Federativa;219354;N;2;COD_UF;NUMBER;22;N;0;3;28;0;NO;UF do Ajuste.;FK_UNI_FED_R_AJU_UF (FOREIGN KEY: ENABLED)- PK_AJUSTE_UF (PRIMARY KEY: ENABLED)- SYS_C00190712 (C: ENABLED)
exaprod;SITRAM2;AJUSTE_UF;Relacionamento entre Ajuste e Unidade Federativa;219354;N;1;SEQ_AJUSTE;NUMBER;22;N;0;5;15818;0;NO;Identificador único de instância de Ajuste.;FK_AJU_R_AJU_UF (FOREIGN KEY: ENABLED)- PK_AJUSTE_UF (PRIMARY KEY: ENABLED)- SYS_C00190711 (C: ENABLED)
exaprod;SITRAM2;AJUSTE_UF2;;20591;N;2;COD_UF;NUMBER;22;N;0;3;28;0;NO;;SYS_C001345632 (C: ENABLED)
exaprod;SITRAM2;AJUSTE_UF2;;20591;N;1;SEQ_AJUSTE;NUMBER;22;N;0;5;1285;0;NO;;SYS_C001345631 (C: ENABLED)
exaprod;SITRAM2;AJUSTE2;;1285;N;9;DSC_CRITERIO;VARCHAR2;1024;Y;;30;227;372;NO;; (: )
exaprod;SITRAM2;AJUSTE2;;1285;N;8;DSC_DESCRICAO;VARCHAR2;255;Y;;15;128;975;NO;; (: )
exaprod;SITRAM2;AJUSTE2;;1285;N;1;SEQ_AJUSTE;NUMBER;22;N;0;5;1285;0;NO;;SYS_C001345627 (C: ENABLED)
exaprod;SITRAM2;AJUSTE2;;1285;N;2;SEQ_VERSAO_CONFIGURACAO;NUMBER;22;N;0;5;292;0;NO;;SYS_C001345628 (C: ENABLED)
exaprod;SITRAM2;AJUSTE2;;1285;N;4;TIP_CLASSIF_CONTRIBUINTE;NUMBER;22;Y;0;3;16;447;NO;; (: )
exaprod;SITRAM2;AJUSTE2;;1285;N;6;TIP_CLASSIF_PRODUTO;NUMBER;22;Y;0;2;5;447;NO;; (: )
exaprod;SITRAM2;AJUSTE2;;1285;N;5;TIP_INCIDENCIA;NUMBER;22;N;0;3;13;0;NO;;SYS_C001345630 (C: ENABLED)
exaprod;SITRAM2;AJUSTE2;;1285;N;7;TIP_SITUACAO_ESPECIAL;NUMBER;22;Y;0;2;9;447;NO;; (: )
exaprod;SITRAM2;AJUSTE2;;1285;N;3;VLR_AJUSTE;NUMBER;22;N;4;5;253;0;NO;;SYS_C001345629 (C: ENABLED)
exaprod;SITRAM2;ALIQUOTA_CONFIGURACAO;Tabela que representa as aliquota de uma Configuracao de Produto por CFP;108;N;2;COD_CFP;VARCHAR2;100;Y;;14;36;0;NO;Codigo CFP do Produto; (: )
exaprod;SITRAM2;ALIQUOTA_CONFIGURACAO;Tabela que representa as aliquota de uma Configuracao de Produto por CFP;108;N;1;SEQ_ALIQUOTA_CONFIGURACAO;NUMBER;22;N;0;4;108;0;NO;Identificador Unico de uma aliquota;ALIQUOTA_CONFIGURACAO_PK (PRIMARY KEY: ENABLED)
exaprod;SITRAM2;ALIQUOTA_CONFIGURACAO;Tabela que representa as aliquota de uma Configuracao de Produto por CFP;108;N;4;SEQ_VERSAO_CONFIGURACAO;NUMBER;22;Y;0;5;3;0;NO;Identificador Unico da versao da Configuracao de Produto;FK_VERSAO_CONFIGURACAO (FOREIGN KEY: ENABLED)
exaprod;SITRAM2;ALIQUOTA_CONFIGURACAO;Tabela que representa as aliquota de uma Configuracao de Produto por CFP;108;N;3;VLR_ALIQUOTA;NUMBER;22;Y;2;3;1;0;NO;Valor da Aliquota para o CFP; (: )
exaprod;SITRAM2;ARUBA_AUTH;;;;2;COD_CPF_MOTORISTA;NUMBER;22;Y;0;;;;NO;; (: )
exaprod;SITRAM2;ARUBA_AUTH;;;;1;SEQ_ACAO_FISCAL;NUMBER;22;N;0;;;;NO;; (: )
exaprod;SITRAM2;ARUBAAUTH;;;;2;COD_CPF_MOTORISTA;NUMBER;22;Y;0;;;;NO;; (: )
exaprod;SITRAM2;ARUBAAUTH;;;;1;SEQ_ACAO_FISCAL;NUMBER;22;N;0;;;;NO;; (: )
exaprod;SITRAM2;AUTO_INFRACAO;Autos criados no CAF.;7834;N;1;COD_AUTO_INFRACAO;NUMBER;22;N;0;7;7834;0;NO;Sequencial criado no CAF;PK_AUTO_INFRACAO (PRIMARY KEY: ENABLED)- SYS_C00432568 (C: ENABLED)
exaprod;SITRAM2;AUTO_INFRACAO;Autos criados no CAF.;7834;N;5;DAT_CANCELAMENTO;DATE;7;Y;;2;182;7652;NO;Data de cancelamento do parcelamento no COPAF.; (: )
exaprod;SITRAM2;AUTO_INFRACAO;Autos criados no CAF.;7834;N;3;DAT_ENVIO;DATE;7;N;;8;7699;0;NO;Data de criação do débito no COPAF.;SYS_C00432570 (C: ENABLED)
exaprod;SITRAM2;AUTO_INFRACAO;Autos criados no CAF.;7834;N;2;SEQ_USUARIO;NUMBER;22;N;0;6;282;0;NO;Quem disparou a criação do débito.;FK_USU_R_AUT_INF (FOREIGN KEY: ENABLED)- SYS_C00432569 (C: ENABLED)
exaprod;SITRAM2;AUTO_INFRACAO;Autos criados no CAF.;7834;N;4;SEQ_USUARIO_CANCELAMENTO;NUMBER;22;Y;0;2;18;7734;NO;Seqüencial do usuário;FK_USU_CAN_R_AUT_INF (FOREIGN KEY: ENABLED)
exaprod;SITRAM2;AVISO;Mensagens de alerta para o usuario, que podem ser oriundas de criticas na programac?o ou mensagens cadastradas pelos gestores.;34007;N;11;COD_CONFIG_ORGAO;NUMBER;22;Y;0;2;1;31939;NO;Código do Posto ou outro Órgão Local que tenha base de dados local.;FK_ACE_R_AVI (FOREIGN KEY: ENABLED)
exaprod;SITRAM2;AVISO;Mensagens de alerta para o usuario, que podem ser oriundas de criticas na programac?o ou mensagens cadastradas pelos gestores.;34007;N;9;DAT_INCLUSAO;DATE;7;Y;;8;3383;40;NO;Data de inclusão da Mensagem ou Crítica no sistema.; (: )
exaprod;SITRAM2;AVISO;Mensagens de alerta para o usuario, que podem ser oriundas de criticas na programac?o ou mensagens cadastradas pelos gestores.;34007;N;6;DAT_VALIDADE_FIM;DATE;7;Y;;8;3807;714;NO;Data de Termino de Vigencia da regra.; (: )
exaprod;SITRAM2;AVISO;Mensagens de alerta para o usuario, que podem ser oriundas de criticas na programac?o ou mensagens cadastradas pelos gestores.;34007;N;4;DAT_VALIDADE_INICIO;DATE;7;N;;8;5585;0;NO;Data de Inicio de Vigencia da regra.;SYS_C00190212 (C: ENABLED)
exaprod;SITRAM2;AVISO;Mensagens de alerta para o usuario, que podem ser oriundas de criticas na programac?o ou mensagens cadastradas pelos gestores.;34007;N;5;DSC_AVISO;VARCHAR2;1024;N;;73;34004;0;NO;Texto do aviso a ser mostrado na ocorrencia da regra.;SYS_C00190213 (C: ENABLED)
exaprod;SITRAM2;AVISO;Mensagens de alerta para o usuario, que podem ser oriundas de criticas na programac?o ou mensagens cadastradas pelos gestores.;34007;N;13;DSC_AVISO_VIR;VARCHAR2;1024;Y;;2;39;33967;NO;Texto do aviso a ser mostrado na ocorrência da regra.; (: )
exaprod;SITRAM2;AVISO;Mensagens de alerta para o usuario, que podem ser oriundas de criticas na programac?o ou mensagens cadastradas pelos gestores.;34007;N;10;SEQ_ACESSO;NUMBER;22;Y;0;2;1420;31939;NO;Identificador da última alteração na tabela de acesso do SISSEG.;FK_ACE_R_AVI (FOREIGN KEY: ENABLED)
exaprod;SITRAM2;AVISO;Mensagens de alerta para o usuario, que podem ser oriundas de criticas na programac?o ou mensagens cadastradas pelos gestores.;34007;N;1;SEQ_AVISO;NUMBER;22;N;0;5;34007;0;NO;Identificador Unico de instancia de Aviso no SITRAM.;PK_AVISO (PRIMARY KEY: ENABLED)- SYS_C00190211 (C: ENABLED)
exaprod;SITRAM2;AVISO;Mensagens de alerta para o usuario, que podem ser oriundas de criticas na programac?o ou mensagens cadastradas pelos gestores.;34007;N;2;SEQ_TIPO_ACAO;NUMBER;22;Y;0;2;24;32247;NO;Tipo de ac?o a ser tomada pelo fiscal.;FK_TIP_ACA_R_AVI (FOREIGN KEY: ENABLED)
exaprod;SITRAM2;AVISO;Mensagens de alerta para o usuario, que podem ser oriundas de criticas na programac?o ou mensagens cadastradas pelos gestores.;34007;N;3;SEQ_TIPO_ACAO_RELATO;NUMBER;22;Y;0;2;42;33641;NO;Relato preliminar sugerido para Tipo de Ac?o.;FK_TIP_ACA_REL_R_AVI (FOREIGN KEY: ENABLED)
exaprod;SITRAM2;AVISO;Mensagens de alerta para o usuario, que podem ser oriundas de criticas na programac?o ou mensagens cadastradas pelos gestores.;34007;N;8;SEQ_USUARIO;NUMBER;22;Y;0;2;51;31884;NO;Usuário autor da crítica ou mensagem. Quando NULL significa que é mensagem/crítica antiga.;FK_USU_R_AVI (FOREIGN KEY: ENABLED)
exaprod;SITRAM2;AVISO;Mensagens de alerta para o usuario, que podem ser oriundas de criticas na programac?o ou mensagens cadastradas pelos gestores.;34007;N;7;STA_MOSTRAR;NUMBER;22;N;0;3;4;0;NO;Indica se o aviso deve aparecer no momento em que foi verificado na tela.;CKC_STA_MOS_AVI (C: ENABLED)- SYS_C00190214 (C: ENABLED)
exaprod;SITRAM2;AVISO;Mensagens de alerta para o usuario, que podem ser oriundas de criticas na programac?o ou mensagens cadastradas pelos gestores.;34007;N;12;TIP_PENDENCIA;NUMBER;22;Y;0;3;5;16428;NO;Indica se o aviso deverá gerar pendência e qual o tipo da mesma, homologável ou não.; (: )
exaprod;SITRAM2;AVISO_RESPOSTA;Respostas dos fiscais para os avisos utilizados por pendencia identificada na ac?o fiscal.;138;N;4;DSC_MENSAGEM_RESPOSTA;VARCHAR2;50;Y;;3;9;76;NO;Descric?o da resposta. Pode ser um numero de auto de infrac?o ou de termo de retenc?o, dentre outros.; (: )
exaprod;SITRAM2;AVISO_RESPOSTA;Respostas dos fiscais para os avisos utilizados por pendencia identificada na ac?o fiscal.;138;N;3;SEQ_ACAO_FISCAL_PEND;NUMBER;22;N;0;10;33;0;NO;Identificador da Pendencia de Ac?o Fiscal.;FK_ACA_FIS_PEN_R_AVI_RES (FOREIGN KEY: ENABLED)- SYS_C00190217 (C: ENABLED)
exaprod;SITRAM2;AVISO_RESPOSTA;Respostas dos fiscais para os avisos utilizados por pendencia identificada na ac?o fiscal.;138;N;1;SEQ_AVISO_RESPOSTA;NUMBER;22;N;0;4;138;0;NO;Surrogate Key da tabela;PK_AVISO_RESPOSTA (PRIMARY KEY: ENABLED)- SYS_C00190215 (C: ENABLED)
exaprod;SITRAM2;AVISO_RESPOSTA;Respostas dos fiscais para os avisos utilizados por pendencia identificada na ac?o fiscal.;138;N;2;SEQ_TIPO_RESPOSTA;NUMBER;22;N;0;3;12;0;NO;Identificador do tipo de resposta esperado.;FK_AVI_RES_R_TIP_RES (FOREIGN KEY: ENABLED)- SYS_C00190216 (C: ENABLED)
exaprod;SITRAM2;AVISO_TIPO_RESP;Respostas esperadas quando da visualizac?o da mensagem ou critica no sistema. ;633;N;1;SEQ_AVISO;NUMBER;22;N;0;4;59;0;NO;Identificador Unico de instancia de Aviso no SITRAM.;FK_AVI_R_AVI_TIP_RES (FOREIGN KEY: ENABLED)- PK_AVISO_TIPO_RESP (PRIMARY KEY: ENABLED)- SYS_C00190218 (C: ENABLED)
exaprod;SITRAM2;AVISO_TIPO_RESP;Respostas esperadas quando da visualizac?o da mensagem ou critica no sistema. ;633;N;2;SEQ_TIPO_RESPOSTA;NUMBER;22;N;0;3;12;0;NO;Identificador do tipo de resposta.;FK_TIP_RES_R_AVI_TIP_RES (FOREIGN KEY: ENABLED)- PK_AVISO_TIPO_RESP (PRIMARY KEY: ENABLED)- SYS_C00190219 (C: ENABLED)
exaprod;SITRAM2;CARGA_AUX;Tabela utilizada para auxciliar a carga do ecommerce para Não Contribuintes. A estrutura pode ser usada no futuro para casos semelhantes.;352797;N;3;DAT_CARGA;DATE;7;Y;;8;691;0;NO;Data em que foi feita a carga.; (: )
exaprod;SITRAM2;CARGA_AUX;Tabela utilizada para auxciliar a carga do ecommerce para Não Contribuintes. A estrutura pode ser usada no futuro para casos semelhantes.;352797;N;2;NUM_ID;VARCHAR2;100;Y;;45;352797;0;NO;Chave da Nota Fiscal; (: )
exaprod;SITRAM2;CARGA_AUX;Tabela utilizada para auxciliar a carga do ecommerce para Não Contribuintes. A estrutura pode ser usada no futuro para casos semelhantes.;352797;N;1;STA_CARGA;NUMBER;22;Y;0;2;1;215231;NO;Status da carga. Se já foi processada ou não.; (: )
exaprod;SITRAM2;CARGA_CONHECIM_TRANSP;;0;N;3;cod_unidade;VARCHAR2;3;Y;;0;0;0;NO;Codigo da unidade de carga; (: )
exaprod;SITRAM2;CARGA_CONHECIM_TRANSP;;0;N;1;SEQ_CARGA_CONHECIM_TRANSP;NUMBER;22;N;0;0;0;0;NO;;PK_CARGA_CONHECIM_TRANSP (PRIMARY KEY: ENABLED)- SYS_C001550171 (C: ENABLED)
exaprod;SITRAM2;CARGA_CONHECIM_TRANSP;;0;N;2;SEQ_CONHECIM_TRANSP;NUMBER;22;Y;0;0;0;0;NO;Identificador único de instância de Conhecimento de Transporte.;FK_CARGA_CO_REFERENCE_CONHECIM (FOREIGN KEY: ENABLED)
exaprod;SITRAM2;CARGA_CONHECIM_TRANSP;;0;N;4;tp_medida;VARCHAR2;30;Y;;0;0;0;NO;Tipo de medida da carga; (: )
exaprod;SITRAM2;CARGA_CONHECIM_TRANSP;;0;N;5;VLR_CARGA;NUMBER;22;Y;2;0;0;0;NO;Valor da quantidade da carga; (: )
exaprod;SITRAM2;CFP_VERSAO_CONFIGURACAO;Tabela que armazena o CPF Cofip vinculado ao Produto;11662;N;3;COD_CFP_PRODUTO_COFIP;VARCHAR2;100;N;;18;6609;0;NO;Codigo CFP do Produto do COFIP;SYS_C001548956 (C: ENABLED)
exaprod;SITRAM2;CFP_VERSAO_CONFIGURACAO;Tabela que armazena o CPF Cofip vinculado ao Produto;11662;N;4;DESC_PRODUTO_COFIP;VARCHAR2;1024;Y;;53;6184;460;NO;Nome do Produto no COFIP; (: )
exaprod;SITRAM2;CFP_VERSAO_CONFIGURACAO;Tabela que armazena o CPF Cofip vinculado ao Produto;11662;N;1;SEQ_CFP_VERSAO_CONFIGURACAO;NUMBER;22;N;0;5;11662;0;NO;Numero Sequencial da Tabela;PK_CFP_VERSAO_CONFIGURACAO (PRIMARY KEY: ENABLED)- SYS_C001548954 (C: ENABLED)
exaprod;SITRAM2;CFP_VERSAO_CONFIGURACAO;Tabela que armazena o CPF Cofip vinculado ao Produto;11662;N;2;SEQ_VERSAO_CONFIGURACAO;NUMBER;22;N;0;5;11662;0;NO;Sequencia da Tabela Versao Configurao;FK_CFP_VERS_REFERENCE_VERSAO_C (FOREIGN KEY: ENABLED)- SYS_C001548955 (C: ENABLED)
exaprod;SITRAM2;CONDICAO;Criticas aplicadas as mensagens, como por exemplo, CFOPs, CNAEs, etc. Deve ser utilizada no codigo fonte para agrupar itens que satisfazem a  uma mesma condic?o.;35598;N;4;COD_CONFIG_ORGAO;NUMBER;22;Y;0;2;1;33208;NO;Código do Posto ou outro Órgão Local que tenha base de dados local.;FK_ACE_R_CON (FOREIGN KEY: ENABLED)
exaprod;SITRAM2;CONDICAO;Criticas aplicadas as mensagens, como por exemplo, CFOPs, CNAEs, etc. Deve ser utilizada no codigo fonte para agrupar itens que satisfazem a  uma mesma condic?o.;35598;N;2;DAT_INATIVACAO;DATE;7;Y;;2;9;35589;NO;Data de inativac?o da condic?o.; (: )
exaprod;SITRAM2;CONDICAO;Criticas aplicadas as mensagens, como por exemplo, CFOPs, CNAEs, etc. Deve ser utilizada no codigo fonte para agrupar itens que satisfazem a  uma mesma condic?o.;35598;N;3;SEQ_ACESSO;NUMBER;22;Y;0;2;1743;33208;NO;Identificador da última alteração na tabela de acesso do SISSEG.;FK_ACE_R_CON (FOREIGN KEY: ENABLED)
exaprod;SITRAM2;CONDICAO;Criticas aplicadas as mensagens, como por exemplo, CFOPs, CNAEs, etc. Deve ser utilizada no codigo fonte para agrupar itens que satisfazem a  uma mesma condic?o.;35598;N;1;SEQ_CONDICAO;NUMBER;22;N;0;5;35598;0;NO;Identificac?o unica de instancia de Condic?o.;PK_CONDICAO (PRIMARY KEY: ENABLED)- SYS_C00190220 (C: ENABLED)
exaprod;SITRAM2;CONDICAO_HIST;Histórico da tabela CONDICAO.;13750;N;8;COD_CONFIG_ORGAO;NUMBER;22;Y;0;2;1;11767;NO;Código do Posto ou outro Órgão Local que tenha base de dados local.; (: )
exaprod;SITRAM2;CONDICAO_HIST;Histórico da tabela CONDICAO.;13750;N;6;DAT_INATIVACAO;DATE;7;Y;;1;0;13750;NO;Data de inativação da condição.; (: )
exaprod;SITRAM2;CONDICAO_HIST;Histórico da tabela CONDICAO.;13750;N;2;DAT_MOVIMENTO;DATE;7;N;;8;3394;0;NO;Data da realizaçõo da operação.;SYS_C001177084 (C: ENABLED)
exaprod;SITRAM2;CONDICAO_HIST;Histórico da tabela CONDICAO.;13750;N;7;SEQ_ACESSO;NUMBER;22;Y;0;2;1383;11767;NO;Identificador da última alteração na tabela de acesso do SISSEG.; (: )
exaprod;SITRAM2;CONDICAO_HIST;Histórico da tabela CONDICAO.;13750;N;5;SEQ_CONDICAO;NUMBER;22;N;0;5;13745;0;NO;Identificação única de instância de Condição.;SYS_C001177086 (C: ENABLED)
exaprod;SITRAM2;CONDICAO_HIST;Histórico da tabela CONDICAO.;13750;N;1;SEQ_CONDICAO_HIST;NUMBER;22;N;0;5;13750;0;NO;Identificador da tabela.;PK_CONDICAO_HIST (PRIMARY KEY: ENABLED)- SYS_C001177083 (C: ENABLED)
exaprod;SITRAM2;CONDICAO_HIST;Histórico da tabela CONDICAO.;13750;N;3;SEQ_USUARIO_HIST;NUMBER;22;Y;0;2;55;11767;NO;Identificador do usuário que realizou a operação.; (: )
exaprod;SITRAM2;CONDICAO_HIST;Histórico da tabela CONDICAO.;13750;N;4;STA_OPERACAO;NUMBER;22;N;0;3;2;0;NO;"1 -> Insert; 2 -> Update; 3 -> Delete";SYS_C001177085 (C: ENABLED)
exaprod;SITRAM2;CONDICAO_INTERNA;Criticas aplicadas a conjuntos de dados, como por exemplo, CFOPs, CNAEs, etc. Deve ser utilizada no codigo fonte para agrupar itens que satisfazem a  uma mesma condic?o.;721;N;2;COD_CONDICAO;VARCHAR2;20;N;;18;531;0;NO;Identificac?o da critica para uso no codigo.;SYS_C00190223 (C: ENABLED)
exaprod;SITRAM2;CONDICAO_INTERNA;Criticas aplicadas a conjuntos de dados, como por exemplo, CFOPs, CNAEs, etc. Deve ser utilizada no codigo fonte para agrupar itens que satisfazem a  uma mesma condic?o.;721;N;7;COD_CONFIG_ORGAO;NUMBER;22;Y;0;3;1;106;NO;Código do Posto ou outro Órgão Local que tenha base de dados local.;FK_ACE_R_CON_INT (FOREIGN KEY: ENABLED)
exaprod;SITRAM2;CONDICAO_INTERNA;Criticas aplicadas a conjuntos de dados, como por exemplo, CFOPs, CNAEs, etc. Deve ser utilizada no codigo fonte para agrupar itens que satisfazem a  uma mesma condic?o.;721;N;5;DAT_VALIDADE_FIM;DATE;7;Y;;4;179;504;NO;Data de Termino de Vigencia da condic?o.; (: )
exaprod;SITRAM2;CONDICAO_INTERNA;Criticas aplicadas a conjuntos de dados, como por exemplo, CFOPs, CNAEs, etc. Deve ser utilizada no codigo fonte para agrupar itens que satisfazem a  uma mesma condic?o.;721;N;4;DAT_VALIDADE_INICIO;DATE;7;N;;8;281;0;NO;Data de Inicio de Vigencia da condic?o.;SYS_C00190225 (C: ENABLED)
exaprod;SITRAM2;CONDICAO_INTERNA;Criticas aplicadas a conjuntos de dados, como por exemplo, CFOPs, CNAEs, etc. Deve ser utilizada no codigo fonte para agrupar itens que satisfazem a  uma mesma condic?o.;721;N;3;DSC_CONDICAO;VARCHAR2;1024;N;;31;530;0;NO;Descric?o curta do objetivo da condic?o.;SYS_C00190224 (C: ENABLED)
exaprod;SITRAM2;CONDICAO_INTERNA;Criticas aplicadas a conjuntos de dados, como por exemplo, CFOPs, CNAEs, etc. Deve ser utilizada no codigo fonte para agrupar itens que satisfazem a  uma mesma condic?o.;721;N;6;SEQ_ACESSO;NUMBER;22;Y;0;6;432;106;NO;Identificador da última alteração na tabela de acesso do SISSEG.;FK_ACE_R_CON_INT (FOREIGN KEY: ENABLED)
exaprod;SITRAM2;CONDICAO_INTERNA;Criticas aplicadas a conjuntos de dados, como por exemplo, CFOPs, CNAEs, etc. Deve ser utilizada no codigo fonte para agrupar itens que satisfazem a  uma mesma condic?o.;721;N;1;SEQ_CONDICAO;NUMBER;22;N;0;5;721;0;NO;Identificac?o unica de instancia de Condic?o.;FK_CON_R_CON_INT (FOREIGN KEY: ENABLED)- PK_CONDICAO_INTERNA (PRIMARY KEY: ENABLED)- SYS_C00190222 (C: ENABLED)
exaprod;SITRAM2;CONDICAO_INTERNA_HIST;Tabela de histórico de condicao_interna;764;N;2;COD_CONDICAO;VARCHAR2;20;Y;;18;437;0;NO;Identificação da crítica para uso no código.; (: )
exaprod;SITRAM2;CONDICAO_INTERNA_HIST;Tabela de histórico de condicao_interna;764;N;11;COD_CONFIG_ORGAO;NUMBER;22;Y;0;3;1;17;NO;Código do Posto ou outro Órgão Local que tenha base de dados local.; (: )
exaprod;SITRAM2;CONDICAO_INTERNA_HIST;Tabela de histórico de condicao_interna;764;N;7;DAT_MOVIMENTO;DATE;7;N;;8;747;0;NO;Data de realização da operação.;SYS_C001177075 (C: ENABLED)
exaprod;SITRAM2;CONDICAO_INTERNA_HIST;Tabela de histórico de condicao_interna;764;N;5;DAT_VALIDADE_FIM;DATE;7;Y;;2;57;701;NO;Data de Término de Vigência da condição.; (: )
exaprod;SITRAM2;CONDICAO_INTERNA_HIST;Tabela de histórico de condicao_interna;764;N;4;DAT_VALIDADE_INICIO;DATE;7;Y;;8;227;0;NO;Data de Início de Vigência da condição.; (: )
exaprod;SITRAM2;CONDICAO_INTERNA_HIST;Tabela de histórico de condicao_interna;764;N;3;DSC_CONDICAO;VARCHAR2;1024;Y;;31;467;0;NO;Descrição curta do objetivo da condição.; (: )
exaprod;SITRAM2;CONDICAO_INTERNA_HIST;Tabela de histórico de condicao_interna;764;N;10;SEQ_ACESSO;NUMBER;22;Y;0;6;439;17;NO;Identificador da última alteração na tabela de acesso do SISSEG.; (: )
exaprod;SITRAM2;CONDICAO_INTERNA_HIST;Tabela de histórico de condicao_interna;764;N;1;SEQ_CONDICAO;NUMBER;22;N;0;5;560;0;NO;Identificação única de instância de Condição.;SYS_C001177073 (C: ENABLED)
exaprod;SITRAM2;CONDICAO_INTERNA_HIST;Tabela de histórico de condicao_interna;764;N;6;SEQ_CONDICAO_INTERNA_HIST;NUMBER;22;N;0;4;764;0;NO;Identificador da tabela.;PK_CONDICAO_INTERNA_HIST (PRIMARY KEY: ENABLED)- SYS_C001177074 (C: ENABLED)
exaprod;SITRAM2;CONDICAO_INTERNA_HIST;Tabela de histórico de condicao_interna;764;N;8;SEQ_USUARIO_HIST;NUMBER;22;Y;0;6;20;17;NO;Usuário que realizou a operação.; (: )
exaprod;SITRAM2;CONDICAO_INTERNA_HIST;Tabela de histórico de condicao_interna;764;N;9;STA_OPERACAO;NUMBER;22;N;0;3;3;0;NO;"1 -> Insert; 2 -> Update; 3 -> Delete";SYS_C001177076 (C: ENABLED)
exaprod;SITRAM2;CONDICAO_ITEM;Instancias para as quais determinada condic?o e valida. Indica-se o tipo do campo (ex. CFOP, CGF) e o valor para o qual a critica vale.;52914;N;7;COD_CONFIG_ORGAO;NUMBER;22;Y;0;2;1;33458;NO;Código do Posto ou outro Órgão Local que tenha base de dados local.;FK_ACE_R_CON_ITE (FOREIGN KEY: ENABLED)
exaprod;SITRAM2;CONDICAO_ITEM;Instancias para as quais determinada condic?o e valida. Indica-se o tipo do campo (ex. CFOP, CGF) e o valor para o qual a critica vale.;52914;N;6;SEQ_ACESSO;NUMBER;22;Y;0;4;1791;33458;NO;Identificador da última alteração na tabela de acesso do SISSEG.;FK_ACE_R_CON_ITE (FOREIGN KEY: ENABLED)
exaprod;SITRAM2;CONDICAO_ITEM;Instancias para as quais determinada condic?o e valida. Indica-se o tipo do campo (ex. CFOP, CGF) e o valor para o qual a critica vale.;52914;N;2;SEQ_CONDICAO;NUMBER;22;N;0;5;34492;0;NO;Identificac?o unica de instancia de Condic?o.;FK_CON_R_CON_ITE (FOREIGN KEY: ENABLED)- SYS_C00190227 (C: ENABLED)
exaprod;SITRAM2;CONDICAO_ITEM;Instancias para as quais determinada condic?o e valida. Indica-se o tipo do campo (ex. CFOP, CGF) e o valor para o qual a critica vale.;52914;N;1;SEQ_CONDICAO_ITEM;NUMBER;22;N;0;6;52914;0;NO;Identificador unico de instancia de item da condic?o.;PK_CONDICAO_ITEM (PRIMARY KEY: ENABLED)- SYS_C00190226 (C: ENABLED)
exaprod;SITRAM2;CONDICAO_ITEM;Instancias para as quais determinada condic?o e valida. Indica-se o tipo do campo (ex. CFOP, CGF) e o valor para o qual a critica vale.;52914;N;3;TIP_CAMPO;NUMBER;22;N;0;3;24;0;NO;Tipo da chave primaria para busca da condic?o (ex. CGF, Codigo do Produto, CNAE).;CKC_TIP_CAM_CON_ITE (C: ENABLED)- SYS_C00190228 (C: ENABLED)
exaprod;SITRAM2;CONDICAO_ITEM;Instancias para as quais determinada condic?o e valida. Indica-se o tipo do campo (ex. CFOP, CGF) e o valor para o qual a critica vale.;52914;N;4;TIP_OPERADOR_RELACIONAL;NUMBER;22;N;0;3;4;0;NO;Tipo de operador a ser considerado no item da condic?o (Ex. =, <>).;CKC_TIP_OPE_REL_CON_ITE (C: ENABLED)- SYS_C00190229 (C: ENABLED)
exaprod;SITRAM2;CONDICAO_ITEM;Instancias para as quais determinada condic?o e valida. Indica-se o tipo do campo (ex. CFOP, CGF) e o valor para o qual a critica vale.;52914;N;5;VLR_CONDICAO_ITEM;VARCHAR2;30;N;;10;45564;0;NO;Valor da chave primaria para busca da regra.;SYS_C00190230 (C: ENABLED)
exaprod;SITRAM2;CONDICAO_ITEM_HIST;Tabela de histórico de condicao_item;8798057;N;11;COD_CONFIG_ORGAO;NUMBER;22;Y;0;3;1;12187;NO;Código do Posto ou outro Órgão Local que tenha base de dados local.; (: )
exaprod;SITRAM2;CONDICAO_ITEM_HIST;Tabela de histórico de condicao_item;8798057;N;8;DAT_MOVIMENTO;DATE;7;N;;8;14688;0;NO;Data em que foi realizada a operação.;SYS_C001177080 (C: ENABLED)
exaprod;SITRAM2;CONDICAO_ITEM_HIST;Tabela de histórico de condicao_item;8798057;N;6;SEQ_ACESSO;NUMBER;22;Y;0;6;2756;22829;NO;Identificador da última alteração na tabela de acesso do SISSEG.; (: )
exaprod;SITRAM2;CONDICAO_ITEM_HIST;Tabela de histórico de condicao_item;8798057;N;2;SEQ_CONDICAO;NUMBER;22;Y;0;5;13855;0;NO;Identificação única de instância de Condição.; (: )
exaprod;SITRAM2;CONDICAO_ITEM_HIST;Tabela de histórico de condicao_item;8798057;N;1;SEQ_CONDICAO_ITEM;NUMBER;22;N;0;6;4482048;0;NO;Identificador único de instância de item da condição.;SYS_C001177078 (C: ENABLED)
exaprod;SITRAM2;CONDICAO_ITEM_HIST;Tabela de histórico de condicao_item;8798057;N;7;SEQ_CONDICAO_ITEM_HIST;NUMBER;22;N;0;6;8798057;0;NO;Identificador da tabela.;PK_CONDICAO_ITEM_HIST (PRIMARY KEY: ENABLED)- SYS_C001177079 (C: ENABLED)
exaprod;SITRAM2;CONDICAO_ITEM_HIST;Tabela de histórico de condicao_item;8798057;N;9;SEQ_USUARIO_HIST;NUMBER;22;Y;0;6;57;22829;NO;Usuário que realizou a operação.; (: )
exaprod;SITRAM2;CONDICAO_ITEM_HIST;Tabela de histórico de condicao_item;8798057;N;10;STA_OPERACAO;NUMBER;22;N;0;3;3;0;NO;"1 -> Insert; 2 -> Update; 3 -> Delete";SYS_C001177081 (C: ENABLED)
exaprod;SITRAM2;CONDICAO_ITEM_HIST;Tabela de histórico de condicao_item;8798057;N;3;TIP_CAMPO;NUMBER;22;Y;0;3;23;0;NO;Tipo da chave primária para busca da condição (ex. CGF, Código do Produto, CNAE).; (: )
exaprod;SITRAM2;CONDICAO_ITEM_HIST;Tabela de histórico de condicao_item;8798057;N;4;TIP_OPERADOR_RELACIONAL;NUMBER;22;Y;0;3;4;0;NO;Tipo de operador a ser considerado no item da condição (Ex. =, <>).; (: )
exaprod;SITRAM2;CONDICAO_ITEM_HIST;Tabela de histórico de condicao_item;8798057;N;5;VLR_CONDICAO_ITEM;VARCHAR2;30;Y;;10;30068;0;NO;Valor da chave primária para busca da regra.; (: )
exaprod;SITRAM2;CONFIGURACAO;Representa uma Configuração do Cálculo de ICMS.;14265;N;2;NOM_CONFIGURACAO;VARCHAR2;1024;N;;56;14265;0;NO;Representa o Nome da Configuracao.;SYS_C00190715 (C: ENABLED)
exaprod;SITRAM2;CONFIGURACAO;Representa uma Configuração do Cálculo de ICMS.;14265;N;1;SEQ_CONFIGURACAO;NUMBER;22;N;0;5;14265;0;NO;Identificador Único de uma Configuracao.;PK_CONFIGURACAO (PRIMARY KEY: ENABLED)- SYS_C00190714 (C: ENABLED)
exaprod;SITRAM2;CONHECIM_TRANSP;O conhecimento de transporte e uma nota fiscal de servicos da transportadora, em cima do valor cobrado pelo transporte. Pode ter uma ou mais notas fiscais associadas, geralmente agrupadas pelo mesmo destinatario.;449533628;N;34;COD_CFOP;NUMBER;22;Y;0;4;29;110592331;NO;CFOP do CT-e; (: )
exaprod;SITRAM2;CONHECIM_TRANSP;O conhecimento de transporte e uma nota fiscal de servicos da transportadora, em cima do valor cobrado pelo transporte. Pode ter uma ou mais notas fiscais associadas, geralmente agrupadas pelo mesmo destinatario.;449533628;N;19;COD_CNPJ_TOMADOR;NUMBER;22;Y;0;9;864256;39287044;NO;CNPJ do tomador do serviço de frete.; (: )
exaprod;SITRAM2;CONHECIM_TRANSP;O conhecimento de transporte e uma nota fiscal de servicos da transportadora, em cima do valor cobrado pelo transporte. Pode ter uma ou mais notas fiscais associadas, geralmente agrupadas pelo mesmo destinatario.;449533628;N;45;COD_CNPJ_TOMADOR_A;VARCHAR2;14;Y;;14;839680;39283320;NO;CNPJ no formato alfanumerico conforme o novo padrao; (: )
exaprod;SITRAM2;CONHECIM_TRANSP;O conhecimento de transporte e uma nota fiscal de servicos da transportadora, em cima do valor cobrado pelo transporte. Pode ter uma ou mais notas fiscais associadas, geralmente agrupadas pelo mesmo destinatario.;449533628;N;12;COD_CNPJ_TRANSPORTADORA;NUMBER;22;Y;0;9;62080;1048202;NO;; (: )
exaprod;SITRAM2;CONHECIM_TRANSP;O conhecimento de transporte e uma nota fiscal de servicos da transportadora, em cima do valor cobrado pelo transporte. Pode ter uma ou mais notas fiscais associadas, geralmente agrupadas pelo mesmo destinatario.;449533628;N;46;COD_CNPJ_TRANSPORTADORA_A;VARCHAR2;14;Y;;15;63504;1044518;NO;CNPJ no formato alfanumerico conforme o novo padrao; (: )
exaprod;SITRAM2;CONHECIM_TRANSP;O conhecimento de transporte e uma nota fiscal de servicos da transportadora, em cima do valor cobrado pelo transporte. Pode ter uma ou mais notas fiscais associadas, geralmente agrupadas pelo mesmo destinatario.;449533628;N;3;COD_CONFIG_ORGAO;NUMBER;22;Y;0;3;1;5699;NO;Codigo do Posto ou outro Org?o Local que tenha base de dados local.;FK_ACE_R_CON_TRA (FOREIGN KEY: ENABLED)
exaprod;SITRAM2;CONHECIM_TRANSP;O conhecimento de transporte e uma nota fiscal de servicos da transportadora, em cima do valor cobrado pelo transporte. Pode ter uma ou mais notas fiscais associadas, geralmente agrupadas pelo mesmo destinatario.;449533628;N;23;COD_CPF_CNPJ_DEST;NUMBER;22;Y;0;7;22839296;46777803;NO;Destinatário do serviço de frete do conhecimento de transporte.; (: )
exaprod;SITRAM2;CONHECIM_TRANSP;O conhecimento de transporte e uma nota fiscal de servicos da transportadora, em cima do valor cobrado pelo transporte. Pode ter uma ou mais notas fiscais associadas, geralmente agrupadas pelo mesmo destinatario.;449533628;N;47;COD_CPF_CNPJ_DEST_A;VARCHAR2;14;Y;;12;24129536;29012266;NO;CNPJ no formato alfanumerico conforme o novo padrao; (: )
exaprod;SITRAM2;CONHECIM_TRANSP;O conhecimento de transporte e uma nota fiscal de servicos da transportadora, em cima do valor cobrado pelo transporte. Pode ter uma ou mais notas fiscais associadas, geralmente agrupadas pelo mesmo destinatario.;449533628;N;20;COD_CPF_TOMADOR;NUMBER;22;Y;0;2;1240704;443354937;NO;CPF do tomador do serviço de frete.; (: )
exaprod;SITRAM2;CONHECIM_TRANSP;O conhecimento de transporte e uma nota fiscal de servicos da transportadora, em cima do valor cobrado pelo transporte. Pode ter uma ou mais notas fiscais associadas, geralmente agrupadas pelo mesmo destinatario.;449533628;N;30;COD_MUN_FIM_PREST;NUMBER;22;Y;0;5;5568;87554621;NO;; (: )
exaprod;SITRAM2;CONHECIM_TRANSP;O conhecimento de transporte e uma nota fiscal de servicos da transportadora, em cima do valor cobrado pelo transporte. Pode ter uma ou mais notas fiscais associadas, geralmente agrupadas pelo mesmo destinatario.;449533628;N;28;COD_MUN_INI_PREST;NUMBER;22;Y;0;5;5006;87554621;NO;; (: )
exaprod;SITRAM2;CONHECIM_TRANSP;O conhecimento de transporte e uma nota fiscal de servicos da transportadora, em cima do valor cobrado pelo transporte. Pode ter uma ou mais notas fiscais associadas, geralmente agrupadas pelo mesmo destinatario.;449533628;N;22;COD_UF_FIM;NUMBER;22;Y;0;3;28;41774298;NO;UF final do conhecimento de transporte;FK_UNI_FED_R_CON_TRA_FIM (FOREIGN KEY: ENABLED)
exaprod;SITRAM2;CONHECIM_TRANSP;O conhecimento de transporte e uma nota fiscal de servicos da transportadora, em cima do valor cobrado pelo transporte. Pode ter uma ou mais notas fiscais associadas, geralmente agrupadas pelo mesmo destinatario.;449533628;N;21;COD_UF_INICIO;NUMBER;22;Y;0;3;28;41791717;NO;UF inicial do conhecimento de transporte;FK_UNI_FED_R_CON_TRA_INI (FOREIGN KEY: ENABLED)
exaprod;SITRAM2;CONHECIM_TRANSP;O conhecimento de transporte e uma nota fiscal de servicos da transportadora, em cima do valor cobrado pelo transporte. Pode ter uma ou mais notas fiscais associadas, geralmente agrupadas pelo mesmo destinatario.;449533628;N;18;DAT_EMISSAO;DATE;7;Y;;8;123551744;22535522;NO;Data da emissão do conhecimento de transporte.; (: )
exaprod;SITRAM2;CONHECIM_TRANSP;O conhecimento de transporte e uma nota fiscal de servicos da transportadora, em cima do valor cobrado pelo transporte. Pode ter uma ou mais notas fiscais associadas, geralmente agrupadas pelo mesmo destinatario.;449533628;N;15;DAT_INCLUSAO;DATE;7;Y;;4;68075520;319177568;NO;Data de inclusão no sistema.; (: )
exaprod;SITRAM2;CONHECIM_TRANSP;O conhecimento de transporte e uma nota fiscal de servicos da transportadora, em cima do valor cobrado pelo transporte. Pode ter uma ou mais notas fiscais associadas, geralmente agrupadas pelo mesmo destinatario.;449533628;N;37;DSC_JUSTIFICATIVA_STATUS;VARCHAR2;1024;Y;;2;1845;449530954;NO;Justificativa de mudança de situação do CT-e.; (: )
exaprod;SITRAM2;CONHECIM_TRANSP;O conhecimento de transporte e uma nota fiscal de servicos da transportadora, em cima do valor cobrado pelo transporte. Pode ter uma ou mais notas fiscais associadas, geralmente agrupadas pelo mesmo destinatario.;449533628;N;31;DSC_MUN_FIM_PREST;VARCHAR2;100;Y;;9;44784;87554621;NO;; (: )
exaprod;SITRAM2;CONHECIM_TRANSP;O conhecimento de transporte e uma nota fiscal de servicos da transportadora, em cima do valor cobrado pelo transporte. Pode ter uma ou mais notas fiscais associadas, geralmente agrupadas pelo mesmo destinatario.;449533628;N;29;DSC_MUN_INI_PREST;VARCHAR2;100;Y;;10;17720;87554621;NO;; (: )
exaprod;SITRAM2;CONHECIM_TRANSP;O conhecimento de transporte e uma nota fiscal de servicos da transportadora, em cima do valor cobrado pelo transporte. Pode ter uma ou mais notas fiscais associadas, geralmente agrupadas pelo mesmo destinatario.;449533628;N;33;DSC_PRODUTO_PREDOMINANTE;VARCHAR2;150;Y;;10;4431872;97442176;NO;Produto Predominante; (: )
exaprod;SITRAM2;CONHECIM_TRANSP;O conhecimento de transporte e uma nota fiscal de servicos da transportadora, em cima do valor cobrado pelo transporte. Pode ter uma ou mais notas fiscais associadas, geralmente agrupadas pelo mesmo destinatario.;449533628;N;24;NOM_DESTINATARIO;VARCHAR2;60;Y;;23;40288256;46779004;NO;Nome do destinatário do conhecimento de transporte.; (: )
exaprod;SITRAM2;CONHECIM_TRANSP;O conhecimento de transporte e uma nota fiscal de servicos da transportadora, em cima do valor cobrado pelo transporte. Pode ter uma ou mais notas fiscais associadas, geralmente agrupadas pelo mesmo destinatario.;449533628;N;13;NOM_TRANSPORTADORA;VARCHAR2;60;Y;;26;63360;41804975;NO;; (: )
exaprod;SITRAM2;CONHECIM_TRANSP;O conhecimento de transporte e uma nota fiscal de servicos da transportadora, em cima do valor cobrado pelo transporte. Pode ter uma ou mais notas fiscais associadas, geralmente agrupadas pelo mesmo destinatario.;449533628;N;36;NUM_AUTO_INFRACAO;NUMBER;22;Y;0;2;1264;449531812;NO;Numero do auto de infração; (: )
exaprod;SITRAM2;CONHECIM_TRANSP;O conhecimento de transporte e uma nota fiscal de servicos da transportadora, em cima do valor cobrado pelo transporte. Pode ter uma ou mais notas fiscais associadas, geralmente agrupadas pelo mesmo destinatario.;449533628;N;17;NUM_AWB;NUMBER;22;Y;0;2;9710592;416843209;NO;Número operacional do conhecimento de transporte aéreo.; (: )
exaprod;SITRAM2;CONHECIM_TRANSP;O conhecimento de transporte e uma nota fiscal de servicos da transportadora, em cima do valor cobrado pelo transporte. Pode ter uma ou mais notas fiscais associadas, geralmente agrupadas pelo mesmo destinatario.;449533628;N;44;NUM_AWB_MERCADORIA_NF;NUMBER;22;Y;0;2;2570496;435283654;NO;AWB referente à fiscalização das mercadorias da NF. Não é utilizado para cálculo de ICMS frete; (: )
exaprod;SITRAM2;CONHECIM_TRANSP;O conhecimento de transporte e uma nota fiscal de servicos da transportadora, em cima do valor cobrado pelo transporte. Pode ter uma ou mais notas fiscais associadas, geralmente agrupadas pelo mesmo destinatario.;449533628;N;16;NUM_CHAVE_ACESSO;VARCHAR2;44;Y;;45;415072256;8143581;NO;Chave de acesso do CT-e.; (: )
exaprod;SITRAM2;CONHECIM_TRANSP;O conhecimento de transporte e uma nota fiscal de servicos da transportadora, em cima do valor cobrado pelo transporte. Pode ter uma ou mais notas fiscais associadas, geralmente agrupadas pelo mesmo destinatario.;449533628;N;4;NUM_CONHECIM_TRANSP;VARCHAR2;15;N;;9;158908416;0;NO;Numero do Conhecimento de Transporte.;SYS_C00190237 (C: ENABLED)
exaprod;SITRAM2;CONHECIM_TRANSP;O conhecimento de transporte e uma nota fiscal de servicos da transportadora, em cima do valor cobrado pelo transporte. Pode ter uma ou mais notas fiscais associadas, geralmente agrupadas pelo mesmo destinatario.;449533628;N;32;NUM_CONTAINER;VARCHAR2;100;Y;;2;10828;449516974;NO;Número do Container do Conhecimento de Transporte; (: )
exaprod;SITRAM2;CONHECIM_TRANSP;O conhecimento de transporte e uma nota fiscal de servicos da transportadora, em cima do valor cobrado pelo transporte. Pode ter uma ou mais notas fiscais associadas, geralmente agrupadas pelo mesmo destinatario.;449533628;N;26;NUM_IEST_TRANSP;NUMBER;22;Y;0;2;2901;379131278;NO;Inscrição Estadual do Substituto Tributário do Emitente do CT-e; (: )
exaprod;SITRAM2;CONHECIM_TRANSP;O conhecimento de transporte e uma nota fiscal de servicos da transportadora, em cima do valor cobrado pelo transporte. Pode ter uma ou mais notas fiscais associadas, geralmente agrupadas pelo mesmo destinatario.;449533628;N;2;SEQ_ACESSO;NUMBER;22;Y;0;7;12673024;5699;NO;Identificac?o do ultimo acesso do registro, a partir do SISSEG.;FK_ACE_R_CON_TRA (FOREIGN KEY: ENABLED)
exaprod;SITRAM2;CONHECIM_TRANSP;O conhecimento de transporte e uma nota fiscal de servicos da transportadora, em cima do valor cobrado pelo transporte. Pode ter uma ou mais notas fiscais associadas, geralmente agrupadas pelo mesmo destinatario.;449533628;N;1;SEQ_CONHECIM_TRANSP;NUMBER;22;N;0;10;449533628;0;NO;Identificador unico de instancia de Conhecimento de Transporte.;PK_CONHECIM_TRANSP (PRIMARY KEY: ENABLED)- SYS_C00190236 (C: ENABLED)
exaprod;SITRAM2;CONHECIM_TRANSP;O conhecimento de transporte e uma nota fiscal de servicos da transportadora, em cima do valor cobrado pelo transporte. Pode ter uma ou mais notas fiscais associadas, geralmente agrupadas pelo mesmo destinatario.;449533628;N;14;SEQ_CONTRIBUINTE;NUMBER;22;Y;0;0;0;449533628;NO;;FK_CON_R_CON_TRA (FOREIGN KEY: ENABLED)
exaprod;SITRAM2;CONHECIM_TRANSP;O conhecimento de transporte e uma nota fiscal de servicos da transportadora, em cima do valor cobrado pelo transporte. Pode ter uma ou mais notas fiscais associadas, geralmente agrupadas pelo mesmo destinatario.;449533628;N;11;SEQ_CREDENCIAM;NUMBER;22;Y;0;3;4760;253582909;NO;;FK_CRE_R_CON_TRA (FOREIGN KEY: ENABLED)
exaprod;SITRAM2;CONHECIM_TRANSP;O conhecimento de transporte e uma nota fiscal de servicos da transportadora, em cima do valor cobrado pelo transporte. Pode ter uma ou mais notas fiscais associadas, geralmente agrupadas pelo mesmo destinatario.;449533628;N;42;STA_APLI_PAU_CONV;NUMBER;22;Y;0;2;2;449526895;NO;Indica se o calculo do imposto deve ser feito pela malha; (: )
exaprod;SITRAM2;CONHECIM_TRANSP;O conhecimento de transporte e uma nota fiscal de servicos da transportadora, em cima do valor cobrado pelo transporte. Pode ter uma ou mais notas fiscais associadas, geralmente agrupadas pelo mesmo destinatario.;449533628;N;35;STA_CONHECIM_TRANSP;NUMBER;22;Y;0;3;2;109611298;NO;Situação em que o CT-e se encontra; (: )
exaprod;SITRAM2;CONHECIM_TRANSP;O conhecimento de transporte e uma nota fiscal de servicos da transportadora, em cima do valor cobrado pelo transporte. Pode ter uma ou mais notas fiscais associadas, geralmente agrupadas pelo mesmo destinatario.;449533628;N;25;STA_SIMPLES_NACIONAL;NUMBER;22;Y;0;3;2;0;NO;Indica se o emitente do CT-e é do simples nacional.;CKC_STA_SNC_CON_TRA (C: ENABLED)
exaprod;SITRAM2;CONHECIM_TRANSP;O conhecimento de transporte e uma nota fiscal de servicos da transportadora, em cima do valor cobrado pelo transporte. Pode ter uma ou mais notas fiscais associadas, geralmente agrupadas pelo mesmo destinatario.;449533628;N;39;TIP_CTE;NUMBER;22;Y;0;2;4;129620199;NO;; (: )
exaprod;SITRAM2;CONHECIM_TRANSP;O conhecimento de transporte e uma nota fiscal de servicos da transportadora, em cima do valor cobrado pelo transporte. Pode ter uma ou mais notas fiscais associadas, geralmente agrupadas pelo mesmo destinatario.;449533628;N;8;TIP_FRETE;NUMBER;22;Y;0;3;2;33507;NO;Tipo de Frete do Conhecimento de Transporte;CKC_TIP_FRE_CON_TRA (C: ENABLED)
exaprod;SITRAM2;CONHECIM_TRANSP;O conhecimento de transporte e uma nota fiscal de servicos da transportadora, em cima do valor cobrado pelo transporte. Pode ter uma ou mais notas fiscais associadas, geralmente agrupadas pelo mesmo destinatario.;449533628;N;6;TIP_ORIGEM;NUMBER;22;Y;0;3;1;120973883;NO;Origem das informac?es do Conhecimento de Transporte.;CKC_TIP_ORI_CON_TRA (C: ENABLED)
exaprod;SITRAM2;CONHECIM_TRANSP;O conhecimento de transporte e uma nota fiscal de servicos da transportadora, em cima do valor cobrado pelo transporte. Pode ter uma ou mais notas fiscais associadas, geralmente agrupadas pelo mesmo destinatario.;449533628;N;27;TIP_TRANSPORTE;NUMBER;22;Y;0;3;7;46420275;NO;Tipo do modal do serviço de frete.; (: )
exaprod;SITRAM2;CONHECIM_TRANSP;O conhecimento de transporte e uma nota fiscal de servicos da transportadora, em cima do valor cobrado pelo transporte. Pode ter uma ou mais notas fiscais associadas, geralmente agrupadas pelo mesmo destinatario.;449533628;N;40;TP_SERV;NUMBER;22;Y;0;2;5;134258162;NO;O tipo de serviço do CTE retornado pelo webservice; (: )
exaprod;SITRAM2;CONHECIM_TRANSP;O conhecimento de transporte e uma nota fiscal de servicos da transportadora, em cima do valor cobrado pelo transporte. Pode ter uma ou mais notas fiscais associadas, geralmente agrupadas pelo mesmo destinatario.;449533628;N;9;VLR_BC;NUMBER;22;Y;6;4;1603584;1051759;NO;; (: )
exaprod;SITRAM2;CONHECIM_TRANSP;O conhecimento de transporte e uma nota fiscal de servicos da transportadora, em cima do valor cobrado pelo transporte. Pode ter uma ou mais notas fiscais associadas, geralmente agrupadas pelo mesmo destinatario.;449533628;N;43;VLR_BC_PAUTA;NUMBER;22;Y;2;2;462976;446482442;NO;Valor da pauta malha fiscal; (: )
exaprod;SITRAM2;CONHECIM_TRANSP;O conhecimento de transporte e uma nota fiscal de servicos da transportadora, em cima do valor cobrado pelo transporte. Pode ter uma ou mais notas fiscais associadas, geralmente agrupadas pelo mesmo destinatario.;449533628;N;5;VLR_CONHECIM_TRANSP;NUMBER;22;N;2;5;1711616;0;NO;Valor da Prestac?o contida no Conhecimento.;SYS_C00190238 (C: ENABLED)
exaprod;SITRAM2;CONHECIM_TRANSP;O conhecimento de transporte e uma nota fiscal de servicos da transportadora, em cima do valor cobrado pelo transporte. Pode ter uma ou mais notas fiscais associadas, geralmente agrupadas pelo mesmo destinatario.;449533628;N;38;VLR_FRETE_RATEADO;NUMBER;22;Y;6;2;186816;449136184;NO;Valor referente ao rateio do cte por notas daquele cte; (: )
exaprod;SITRAM2;CONHECIM_TRANSP;O conhecimento de transporte e uma nota fiscal de servicos da transportadora, em cima do valor cobrado pelo transporte. Pode ter uma ou mais notas fiscais associadas, geralmente agrupadas pelo mesmo destinatario.;449533628;N;10;VLR_ICMS_FRETE;NUMBER;22;Y;6;4;338560;1051760;NO;; (: )
exaprod;SITRAM2;CONHECIM_TRANSP;O conhecimento de transporte e uma nota fiscal de servicos da transportadora, em cima do valor cobrado pelo transporte. Pode ter uma ou mais notas fiscais associadas, geralmente agrupadas pelo mesmo destinatario.;449533628;N;7;VLR_MERCADORIAS;NUMBER;22;N;2;5;8685568;0;NO;Valor das mercadorias;SYS_C00190239 (C: ENABLED)
exaprod;SITRAM2;CONHECIM_TRANSP;O conhecimento de transporte e uma nota fiscal de servicos da transportadora, em cima do valor cobrado pelo transporte. Pode ter uma ou mais notas fiscais associadas, geralmente agrupadas pelo mesmo destinatario.;449533628;N;41;VLR_PESO_MDFE;NUMBER;22;Y;2;2;26064;446481667;NO;O peso em KG declarado no MDFe vinculado ao CTe; (: )
exaprod;SITRAM2;CONHECIM_TRANSP_FRETE;Dados da relação de Nota Fiscal com vários Conhecimento Transporte;393420164;N;4;SEQ_ACAO_FISCAL;NUMBER;22;Y;0;8;15389696;0;NO;Acão Fiscal; (: )
exaprod;SITRAM2;CONHECIM_TRANSP_FRETE;Dados da relação de Nota Fiscal com vários Conhecimento Transporte;393420164;N;2;SEQ_CONHECIM_TRANSP;NUMBER;22;N;0;10;338591744;0;NO;Identificador do Conhecimento Transporte.;SYS_C001529089 (C: ENABLED)
exaprod;SITRAM2;CONHECIM_TRANSP_FRETE;Dados da relação de Nota Fiscal com vários Conhecimento Transporte;393420164;N;1;SEQ_CONHECIM_TRANSP_FRETE;NUMBER;22;N;0;11;393420164;0;NO;Identificador único de instância de Conhecimento Transporte Frete.;PK_CONHECIM_TRANSP_FRETE (PRIMARY KEY: ENABLED)- SYS_C001529088 (C: ENABLED)
exaprod;SITRAM2;CONHECIM_TRANSP_FRETE;Dados da relação de Nota Fiscal com vários Conhecimento Transporte;393420164;N;3;SEQ_NOTA_FISCAL;NUMBER;22;Y;0;9;293666816;9698200;NO;Seqüencial da Nota Fiscal; (: )
exaprod;SITRAM2;CONHECIM_TRANSP_FRETE;Dados da relação de Nota Fiscal com vários Conhecimento Transporte;393420164;N;5;STA_CONHECIM_TRANSP_FRETE;NUMBER;22;Y;0;3;2;0;NO;"1 Normal
2 Excluído;"; (: )
exaprod;SITRAM2;CONTRATO_FIDELID;Contrato entre dois contribuintes, com concessão de descontos no preço, onde vários operantes se comprometem de comprar apenas de um contratante.;770;N;6;COD_CNPJ_MONTADORA;NUMBER;22;Y;0;9;156;0;NO;CNPJ da montadora.; (: )
exaprod;SITRAM2;CONTRATO_FIDELID;Contrato entre dois contribuintes, com concessão de descontos no preço, onde vários operantes se comprometem de comprar apenas de um contratante.;770;N;8;COD_CNPJ_MONTADORA_A;VARCHAR2;14;N;;15;156;0;NO;CNPJ no formato alfanumerico conforme o novo padrao;SYS_C001568037 (C: ENABLED)
exaprod;SITRAM2;CONTRATO_FIDELID;Contrato entre dois contribuintes, com concessão de descontos no preço, onde vários operantes se comprometem de comprar apenas de um contratante.;770;N;2;DAT_VALIDADE_FIM;DATE;7;N;;8;769;0;NO;Data de Término de Vigência do contrato.;SYS_C00190718 (C: ENABLED)
exaprod;SITRAM2;CONTRATO_FIDELID;Contrato entre dois contribuintes, com concessão de descontos no preço, onde vários operantes se comprometem de comprar apenas de um contratante.;770;N;3;DAT_VALIDADE_INICIO;DATE;7;N;;8;770;0;NO;Data de Início de Vigência do contrato.;SYS_C00190719 (C: ENABLED)
exaprod;SITRAM2;CONTRATO_FIDELID;Contrato entre dois contribuintes, com concessão de descontos no preço, onde vários operantes se comprometem de comprar apenas de um contratante.;770;N;7;NOM_MONTADORA;VARCHAR2;60;N;;32;110;0;NO;Nome da montadora.;SYS_C00190722 (C: ENABLED)
exaprod;SITRAM2;CONTRATO_FIDELID;Contrato entre dois contribuintes, com concessão de descontos no preço, onde vários operantes se comprometem de comprar apenas de um contratante.;770;N;1;SEQ_CONTRATO_FIDELID;NUMBER;22;N;0;4;770;0;NO;Identificador Único de instância de Contrato de Fidelidade.;PK_CONTRATO_FIDELID (PRIMARY KEY: ENABLED)- SYS_C00190717 (C: ENABLED)
exaprod;SITRAM2;CONTRATO_FIDELID;Contrato entre dois contribuintes, com concessão de descontos no preço, onde vários operantes se comprometem de comprar apenas de um contratante.;770;N;4;SEQ_CONTR_CONCESSIONARIA;NUMBER;22;N;0;6;231;0;NO;Identificador de contribuinte, no caso de concessionária.;FK_CON_R_CON_FID_CON (FOREIGN KEY: ENABLED)- SYS_C00190720 (C: ENABLED)
exaprod;SITRAM2;CONTRATO_FIDELID;Contrato entre dois contribuintes, com concessão de descontos no preço, onde vários operantes se comprometem de comprar apenas de um contratante.;770;N;5;SEQ_CONTR_MONTADORA;NUMBER;22;Y;0;0;0;770;NO;Identificador de contribuinte, no caso de montadora.;FK_CON_R_CON_FID_MON (FOREIGN KEY: ENABLED)
exaprod;SITRAM2;CRITERIO;Representa um critério a ser avaliado para a aplicação de uma regra.;15;N;2;NOM_CRITERIO;VARCHAR2;800;N;;19;15;0;NO;Nome do critério.;CRITERIO_UK1 (UNIQUE: ENABLED)- SYS_C001034547 (C: ENABLED)
exaprod;SITRAM2;CRITERIO;Representa um critério a ser avaliado para a aplicação de uma regra.;15;N;1;SEQ_CRITERIO;NUMBER;22;N;0;3;15;0;NO;Identificador único de um Criterio.;PK_CRITERIO (PRIMARY KEY: ENABLED)- SYS_C001034546 (C: ENABLED)
exaprod;SITRAM2;CRITERIO;Representa um critério a ser avaliado para a aplicação de uma regra.;15;N;3;SEQ_USUARIO;NUMBER;22;Y;0;6;4;0;NO;Seqüencial do usuário;FK_USU_R_CRI (FOREIGN KEY: ENABLED)
exaprod;SITRAM2;CRITICA;Mensagens do tipo critica realizada pelo programa.;61;N;4;COD_CONFIG_ORGAO;NUMBER;22;Y;0;3;1;28;NO;Código do Posto ou outro Órgão Local que tenha base de dados local.;FK_ACE_R_CRI (FOREIGN KEY: ENABLED)
exaprod;SITRAM2;CRITICA;Mensagens do tipo critica realizada pelo programa.;61;N;2;COD_CRITICA;VARCHAR2;20;N;;19;61;0;NO;"Codigo da critica a ser referenciado no codigo-fonte. Ex. ""CRITICA_CFOP_CONSIGNACAO"".";CRITICA_UK1 (UNIQUE: ENABLED)- SYS_C00190251 (C: ENABLED)
exaprod;SITRAM2;CRITICA;Mensagens do tipo critica realizada pelo programa.;61;N;3;SEQ_ACESSO;NUMBER;22;Y;0;4;28;28;NO;Identificador da última alteração na tabela de acesso do SISSEG.;FK_ACE_R_CRI (FOREIGN KEY: ENABLED)
exaprod;SITRAM2;CRITICA;Mensagens do tipo critica realizada pelo programa.;61;N;1;SEQ_AVISO;NUMBER;22;N;0;4;61;0;NO;Identificador Unico de instancia de Critica no SITRAM.;FK_AVI_R_CRI (FOREIGN KEY: ENABLED)- PK_CRITICA (PRIMARY KEY: ENABLED)- SYS_C00190250 (C: ENABLED)
exaprod;SITRAM2;CRITICA;Mensagens do tipo critica realizada pelo programa.;61;N;5;STA_VISIVEL_POSTO_FISCAL;NUMBER;22;Y;0;2;2;25;NO;Condição que indicará se uma crítica deve ser exibida no posto fiscal virtual.; (: )
exaprod;SITRAM2;DAE_CALCULADORA;Utilizado para emissao de DAE da Calculadora Difal;3614469;N;3;NUM_CHAVE;VARCHAR2;100;Y;;45;3439616;0;NO;'Chave do Documento Fical vinculado aquele DAE;AK_DAE_CALCULADORA_UK_DAE_CALC (UNIQUE: ENABLED)
exaprod;SITRAM2;DAE_CALCULADORA;Utilizado para emissao de DAE da Calculadora Difal;3614469;N;1;SEQ_DAE_CALCULADORA;NUMBER;22;N;0;6;3614469;0;NO;Identificador unico da instancia do Dae Calculadora;PK_DAE_CALCULADORA (PRIMARY KEY: ENABLED)- SYS_C001552632 (C: ENABLED)
exaprod;SITRAM2;DAE_CALCULADORA;Utilizado para emissao de DAE da Calculadora Difal;3614469;N;2;SEQ_DAE_EMITIDO;NUMBER;22;Y;0;7;3565568;0;NO;DAE que foi emitido no Receita para documento de crédito do SITRAM;AK_DAE_CALCULADORA_UK_DAE_CALC (UNIQUE: ENABLED)
exaprod;SITRAM2;DAE_CALCULADORA;Utilizado para emissao de DAE da Calculadora Difal;3614469;N;4;TIP_DOCUMENTO_FISCAL;VARCHAR2;4;Y;;4;1;0;NO;Tipo Documento Fiscal, MDFE, CTE, NFE; (: )
exaprod;SITRAM2;DEBITO_CONTRIBUINTE;Tabela que representa os debitos de contribuintes;207728;N;1;COD_CONTRIBUINTE;NUMBER;22;Y;0;7;22280;0;NO;Código do contribuinte; (: )
exaprod;SITRAM2;DEBITO_CONTRIBUINTE;Tabela que representa os debitos de contribuintes;207728;N;12;COD_CONTRIBUINTE_A;VARCHAR2;14;Y;;10;22760;0;NO;CNPJ no formato alfanumerico conforme o novo padrao; (: )
exaprod;SITRAM2;DEBITO_CONTRIBUINTE;Tabela que representa os debitos de contribuintes;207728;N;4;COD_RECEITA;NUMBER;22;Y;0;4;6;0;NO;Código da receita; (: )
exaprod;SITRAM2;DEBITO_CONTRIBUINTE;Tabela que representa os debitos de contribuintes;207728;N;2;DAT_PERIODO;DATE;7;Y;;8;110;0;NO;Período do débito; (: )
exaprod;SITRAM2;DEBITO_CONTRIBUINTE;Tabela que representa os debitos de contribuintes;207728;N;3;DAT_VENCIMENTO;DATE;7;Y;;8;1703;0;NO;Vencimento do débito; (: )
exaprod;SITRAM2;DEBITO_CONTRIBUINTE;Tabela que representa os debitos de contribuintes;207728;N;11;SEQ_LANCAMENTO;NUMBER;22;N;0;11;207728;0;NO;Sequencial do lancamento;PK_DEBITO_CONTRIBUINTE (PRIMARY KEY: ENABLED)- SYS_C001527124 (C: ENABLED)
exaprod;SITRAM2;DEBITO_CONTRIBUINTE;Tabela que representa os debitos de contribuintes;207728;N;10;SEQ_NOTA_FISCAL;NUMBER;22;N;0;9;193248;0;NO;Sequencial da nota fiscal;PK_DEBITO_CONTRIBUINTE (PRIMARY KEY: ENABLED)- SYS_C001527123 (C: ENABLED)
exaprod;SITRAM2;DEBITO_CONTRIBUINTE;Tabela que representa os debitos de contribuintes;207728;N;8;STA_REFIS;NUMBER;22;Y;0;3;2;0;NO;Indica se pode utilizar refis; (: )
exaprod;SITRAM2;DEBITO_CONTRIBUINTE;Tabela que representa os debitos de contribuintes;207728;N;7;VLR_A_PAGAR;NUMBER;22;Y;2;5;71920;0;NO;Valor a pagar do débito; (: )
exaprod;SITRAM2;DEBITO_CONTRIBUINTE;Tabela que representa os debitos de contribuintes;207728;N;5;VLR_ORIGINAL;NUMBER;22;Y;2;5;72672;0;NO;Valor original do débito; (: )
exaprod;SITRAM2;DEBITO_CONTRIBUINTE;Tabela que representa os debitos de contribuintes;207728;N;6;VLR_PAGO;NUMBER;22;Y;2;3;3811;0;NO;Valor pago do débito; (: )
exaprod;SITRAM2;DEBITO_CONTRIBUINTE;Tabela que representa os debitos de contribuintes;207728;N;9;VLR_REFIS;NUMBER;22;Y;2;5;65824;0;NO;Valor que pode utilizar no refis; (: )
exaprod;SITRAM2;DEBITO_COPAF;Débitos criados no COPAF para parcelamento de lançamentos do SITRAM.;26378;N;1;COD_DEBITO_COPAF;NUMBER;22;N;0;6;26378;0;NO;Sequencial criado no COPAF.;PK_DEBITO_COPAF (PRIMARY KEY: ENABLED)- SYS_C00359787 (C: ENABLED)
exaprod;SITRAM2;DEBITO_COPAF;Débitos criados no COPAF para parcelamento de lançamentos do SITRAM.;26378;N;5;DAT_CANCELAMENTO;DATE;7;Y;;3;4475;20247;NO;Data de cancelamento do parcelamento no COPAF.; (: )
exaprod;SITRAM2;DEBITO_COPAF;Débitos criados no COPAF para parcelamento de lançamentos do SITRAM.;26378;N;3;DAT_ENVIO;DATE;7;N;;8;26334;0;NO;Data de criação do débito no COPAF.;SYS_C00359788 (C: ENABLED)
exaprod;SITRAM2;DEBITO_COPAF;Débitos criados no COPAF para parcelamento de lançamentos do SITRAM.;26378;N;2;SEQ_USUARIO;NUMBER;22;Y;0;3;214;16032;NO;Quem disparou a criação do débito.;FK_USU_R_DEB_COP (FOREIGN KEY: ENABLED)
exaprod;SITRAM2;DEBITO_COPAF;Débitos criados no COPAF para parcelamento de lançamentos do SITRAM.;26378;N;4;SEQ_USUARIO_CANCELAMENTO;NUMBER;22;Y;0;2;143;23711;NO;Quem disparou o cancelamento do parcelamento.;FK_USU_CAN_R_DEB_COP (FOREIGN KEY: ENABLED)
exaprod;SITRAM2;DEPOSITO_JUDICIAL;Armazena o boleto de pagamento de deposito judicial;1192;N;1;COD_BARRA_DEPOSITO_JUDICIAL;VARCHAR2;48;N;;48;1192;0;NO;Codigo de darra do boleto do deposito judicial;SYS_C001543530 (C: ENABLED)
exaprod;SITRAM2;DEPOSITO_JUDICIAL;Armazena o boleto de pagamento de deposito judicial;1192;N;2;DAT_CADASTRO;DATE;7;Y;;8;227;0;NO;Data do boleto do deposito judicial; (: )
exaprod;SITRAM2;DEPOSITO_JUDICIAL;Armazena o boleto de pagamento de deposito judicial;1192;N;3;SEQ_USUARIO;NUMBER;22;Y;0;6;71;0;NO;Usuario que cadastrou o deposito judicial; (: )
exaprod;SITRAM2;DEPOSITO_JUDICIAL;Armazena o boleto de pagamento de deposito judicial;1192;N;4;VALOR;NUMBER;22;Y;2;5;799;0;NO;Valor do Boleto do deposito judicial; (: )
exaprod;SITRAM2;DOC_CREDITO;Dados sobre documento que agrega notas(s) fiscal(is) para pagamento, podendo já vir anexo a uma determinada nota fiscal.;87099626;N;5;COD_AUTO_INFRACAO;NUMBER;22;Y;0;2;8277;87091349;NO;;CKT_DOC_CREDITO (C: ENABLED)- DOC_CREDITO_UK4 (UNIQUE: ENABLED)- FK_AUT_INF_R_DOC_CRE (FOREIGN KEY: ENABLED)
exaprod;SITRAM2;DOC_CREDITO;Dados sobre documento que agrega notas(s) fiscal(is) para pagamento, podendo já vir anexo a uma determinada nota fiscal.;87099626;N;7;COD_BARRA_DEPOSITO_JUDICIAL;VARCHAR2;48;Y;;2;1212;87098414;NO;credito boleto pago em deposito judicial;CKT_DOC_CREDITO (C: ENABLED)- DOC_CREDITO_UK6 (UNIQUE: ENABLED)
exaprod;SITRAM2;DOC_CREDITO;Dados sobre documento que agrega notas(s) fiscal(is) para pagamento, podendo já vir anexo a uma determinada nota fiscal.;87099626;N;4;COD_DEBITO_COPAF;NUMBER;22;Y;0;2;28334;87071292;NO;Sequencial criado no COPAF.;CKT_DOC_CREDITO (C: ENABLED)- DOC_CREDITO_UK3 (UNIQUE: ENABLED)- FK_DEB_COP_R_DOC_CRE (FOREIGN KEY: ENABLED)
exaprod;SITRAM2;DOC_CREDITO;Dados sobre documento que agrega notas(s) fiscal(is) para pagamento, podendo já vir anexo a uma determinada nota fiscal.;87099626;N;3;COD_IDENTIFICADOR_UNICO;NUMBER;22;Y;0;3;13538292;73561334;NO;Referência à GNRE incluída para pagamento da nota fiscal.;CKT_DOC_CREDITO (C: ENABLED)- DOC_CREDITO_UK1 (UNIQUE: ENABLED)- FK_GNR_R_DOC_CRE (FOREIGN KEY: ENABLED)
exaprod;SITRAM2;DOC_CREDITO;Dados sobre documento que agrega notas(s) fiscal(is) para pagamento, podendo já vir anexo a uma determinada nota fiscal.;87099626;N;2;SEQ_DAE_EMITIDO;NUMBER;22;Y;0;6;73518697;13580929;NO;DAE que foi emitido no Receita para documento de crédito do SITRAM.;CKT_DOC_CREDITO (C: ENABLED)- DOC_CREDITO_UK2 (UNIQUE: ENABLED)- FK_DAE_EMI_R_DOC_CRE (FOREIGN KEY: ENABLED)
exaprod;SITRAM2;DOC_CREDITO;Dados sobre documento que agrega notas(s) fiscal(is) para pagamento, podendo já vir anexo a uma determinada nota fiscal.;87099626;N;1;SEQ_DOC_CREDITO;NUMBER;22;N;0;6;87099626;0;NO;Identificador Único da instância de Documento de Crédito.;PK_DOC_CREDITO (PRIMARY KEY: ENABLED)- SYS_C00190724 (C: ENABLED)
exaprod;SITRAM2;DOC_CREDITO;Dados sobre documento que agrega notas(s) fiscal(is) para pagamento, podendo já vir anexo a uma determinada nota fiscal.;87099626;N;6;SEQ_PROC_DOCUMENTO;NUMBER;22;Y;0;2;4814;87094812;NO;Informação fiscal (ressarcimento) que pagou metade do imposto.;CKT_DOC_CREDITO (C: ENABLED)- DOC_CREDITO_UK5 (UNIQUE: ENABLED)
exaprod;SITRAM2;DOC_CREDITO;Dados sobre documento que agrega notas(s) fiscal(is) para pagamento, podendo já vir anexo a uma determinada nota fiscal.;87099626;N;8;STA_REFIS;NUMBER;22;N;0;3;2;0;NO;Indica se o documento credito foi gerado no REFIS;SYS_C001564879 (C: ENABLED)
exaprod;SITRAM2;DOC_CREDITO_LANC;Lançamentos de um Documento de Crédito. Ex. Lançamentos pagos por um DAE.;134293398;N;1;SEQ_DOC_CREDITO;NUMBER;22;N;0;6;83140608;0;NO;Identificador de Documento de Crédito.;FK_DOC_CRE_R_DOC_CRE_LAN (FOREIGN KEY: ENABLED)- PK_DOC_CREDITO_LANC (PRIMARY KEY: ENABLED)- SYS_C00190729 (C: ENABLED)
exaprod;SITRAM2;DOC_CREDITO_LANC;Lançamentos de um Documento de Crédito. Ex. Lançamentos pagos por um DAE.;134293398;N;2;SEQ_LANCAMENTO;NUMBER;22;N;0;11;87498752;0;NO;Identificador do lançamento.;FK_LAN_R_DOC_CRE_LAN (FOREIGN KEY: ENABLED)- PK_DOC_CREDITO_LANC (PRIMARY KEY: ENABLED)- SYS_C00190730 (C: ENABLED)
exaprod;SITRAM2;DOC_CREDITO_LANC;Lançamentos de um Documento de Crédito. Ex. Lançamentos pagos por um DAE.;134293398;N;4;VLR_A_PAGAR;NUMBER;22;Y;2;5;1437440;0;NO;Valor a pagar.; (: )
exaprod;SITRAM2;DOC_CREDITO_LANC;Lançamentos de um Documento de Crédito. Ex. Lançamentos pagos por um DAE.;134293398;N;8;VLR_DESCONTO_JUROS;NUMBER;22;Y;2;2;21512;18362100;NO;; (: )
exaprod;SITRAM2;DOC_CREDITO_LANC;Lançamentos de um Documento de Crédito. Ex. Lançamentos pagos por um DAE.;134293398;N;7;VLR_DESCONTO_MULTA;NUMBER;22;Y;2;2;15808;18536926;NO;; (: )
exaprod;SITRAM2;DOC_CREDITO_LANC;Lançamentos de um Documento de Crédito. Ex. Lançamentos pagos por um DAE.;134293398;N;5;VLR_JUROS;NUMBER;22;Y;2;3;66272;24883973;NO;Valor pago de juros atribuído ao lançamento.; (: )
exaprod;SITRAM2;DOC_CREDITO_LANC;Lançamentos de um Documento de Crédito. Ex. Lançamentos pagos por um DAE.;134293398;N;6;VLR_MULTA;NUMBER;22;Y;2;3;75040;24714036;NO;Valor pago de multa atribuído ao lançamento.; (: )
exaprod;SITRAM2;DOC_CREDITO_LANC;Lançamentos de um Documento de Crédito. Ex. Lançamentos pagos por um DAE.;134293398;N;3;VLR_PAGO;NUMBER;22;Y;2;4;1417728;0;NO;Valor pago do Lançamento; (: )
exaprod;SITRAM2;ESTRUTURA_DOCUMENTO_FISCAL;Tabela de Estrutura de Documentos Fiscais;711823533;N;6;DAT_PROCESSAMENTO;DATE;7;Y;;8;33247232;28052535;NO;Data de processamento com sucesso; (: )
exaprod;SITRAM2;ESTRUTURA_DOCUMENTO_FISCAL;Tabela de Estrutura de Documentos Fiscais;711823533;N;2;NUM_CHAVE;VARCHAR2;100;Y;;45;593494016;0;NO;Chave do Documento; (: )
exaprod;SITRAM2;ESTRUTURA_DOCUMENTO_FISCAL;Tabela de Estrutura de Documentos Fiscais;711823533;N;3;NUM_CHAVE_PAI;VARCHAR2;100;Y;;45;315621376;0;NO;Chave Documento Pai; (: )
exaprod;SITRAM2;ESTRUTURA_DOCUMENTO_FISCAL;Tabela de Estrutura de Documentos Fiscais;711823533;N;7;SEQ_ACAO_FISCAL;NUMBER;22;Y;0;8;4973056;20242416;NO;Sequencial da Ação Fiscal; (: )
exaprod;SITRAM2;ESTRUTURA_DOCUMENTO_FISCAL;Tabela de Estrutura de Documentos Fiscais;711823533;N;1;SEQ_ESTRUTURA_DOCUMENTO_FISCAL;NUMBER;22;Y;0;7;708050944;0;NO;Chave primaria; (: )
exaprod;SITRAM2;ESTRUTURA_DOCUMENTO_FISCAL;Tabela de Estrutura de Documentos Fiscais;711823533;N;5;STA_DOCUMENTO_FISCAL;NUMBER;22;Y;0;3;10;16830590;NO;Situção Documento Fiscal; (: )
exaprod;SITRAM2;ESTRUTURA_DOCUMENTO_FISCAL;Tabela de Estrutura de Documentos Fiscais;711823533;N;4;TIP_DOCUMENTO_FISCAL;VARCHAR2;4;Y;;5;3;0;NO;Tipo Documento Fiscal, MDFE, CTE, NFE; (: )
exaprod;SITRAM2;FRETE;Informações gerais do cálculo de um determinado frete, considerando todas as distâncias dos percursos.;1309780;N;17;COD_ORGAO_LOCAL;NUMBER;22;Y;0;3;61;864247;NO;Unidade Fiscal onde o frete foi incluído.;FK_ORG_LOC_R_FRE (FOREIGN KEY: ENABLED)
exaprod;SITRAM2;FRETE;Informações gerais do cálculo de um determinado frete, considerando todas as distâncias dos percursos.;1309780;N;8;COD_RESPONSAVEL;NUMBER;22;Y;0;9;94840;0;NO;CPF, CNPJ ou IE do responsável pelo frete.; (: )
exaprod;SITRAM2;FRETE;Informações gerais do cálculo de um determinado frete, considerando todas as distâncias dos percursos.;1309780;N;24;COD_RESPONSAVEL_A;VARCHAR2;14;N;;14;93280;282;NO;CNPJ no formato alfanumerico conforme o novo padrao;SYS_C001568038 (C: ENABLED)
exaprod;SITRAM2;FRETE;Informações gerais do cálculo de um determinado frete, considerando todas as distâncias dos percursos.;1309780;N;4;COD_UF_PLACA_PRINCIPAL;NUMBER;22;Y;0;2;27;1150676;NO;UF da Placa Principal.;FK_UNI_FED_R_FRE_PRI (FOREIGN KEY: ENABLED)
exaprod;SITRAM2;FRETE;Informações gerais do cálculo de um determinado frete, considerando todas as distâncias dos percursos.;1309780;N;6;COD_UF_PLACA_SECUNDARIA1;NUMBER;22;Y;0;2;27;1294953;NO;UF da Placa Secundária.;FK_UNI_FED_R_FRE_PS1 (FOREIGN KEY: ENABLED)
exaprod;SITRAM2;FRETE;Informações gerais do cálculo de um determinado frete, considerando todas as distâncias dos percursos.;1309780;N;10;COD_UF_RESP;NUMBER;22;N;0;3;27;0;NO;UF do responsável pelo Frete.;FK_UNI_FED_R_FRE_RES (FOREIGN KEY: ENABLED)- SYS_C00190737 (C: ENABLED)
exaprod;SITRAM2;FRETE;Informações gerais do cálculo de um determinado frete, considerando todas as distâncias dos percursos.;1309780;N;22;DAT_CANCEL;DATE;7;Y;;2;12715;1291838;NO;Data/Hora da ocorrência do cancelamento.; (: )
exaprod;SITRAM2;FRETE;Informações gerais do cálculo de um determinado frete, considerando todas as distâncias dos percursos.;1309780;N;15;DAT_FRETE;DATE;7;N;;8;1297792;0;NO;Data de inclusão do frete.;SYS_C00190738 (C: ENABLED)
exaprod;SITRAM2;FRETE;Informações gerais do cálculo de um determinado frete, considerando todas as distâncias dos percursos.;1309780;N;23;DAT_ULT_ALTERACAO;DATE;7;Y;;2;11;1309708;NO;Data da última atualização; (: )
exaprod;SITRAM2;FRETE;Informações gerais do cálculo de um determinado frete, considerando todas as distâncias dos percursos.;1309780;N;21;DSC_JUSTIFICATIVA_CANCEL;VARCHAR2;1024;Y;;2;14106;1291838;NO;Justificativa de cancelamento de frete.; (: )
exaprod;SITRAM2;FRETE;Informações gerais do cálculo de um determinado frete, considerando todas as distâncias dos percursos.;1309780;N;9;NOM_RESPONSAVEL;VARCHAR2;150;N;;32;126304;0;NO;Nome do responsável pelo frete.;SYS_C00190736 (C: ENABLED)
exaprod;SITRAM2;FRETE;Informações gerais do cálculo de um determinado frete, considerando todas as distâncias dos percursos.;1309780;N;3;NUM_PLACA_PRINCIPAL;VARCHAR2;7;Y;;8;210576;0;NO;Número da placa principal.; (: )
exaprod;SITRAM2;FRETE;Informações gerais do cálculo de um determinado frete, considerando todas as distâncias dos percursos.;1309780;N;5;NUM_PLACA_SECUNDARIA1;VARCHAR2;7;Y;;2;36480;1214474;NO;Número da placa secundária.; (: )
exaprod;SITRAM2;FRETE;Informações gerais do cálculo de um determinado frete, considerando todas as distâncias dos percursos.;1309780;N;2;SEQ_ACAO_FISCAL;NUMBER;22;Y;0;0;0;1309780;NO;Identificador único de instância de Ação Fiscal.;FK_ACA_FIS_R_FRE (FOREIGN KEY: ENABLED)
exaprod;SITRAM2;FRETE;Informações gerais do cálculo de um determinado frete, considerando todas as distâncias dos percursos.;1309780;N;11;SEQ_CONTRIBUINTE_RESP;NUMBER;22;Y;0;3;14207;751981;NO;Contribuinte responsável pelo frete, quando for o caso.;FK_CON_R_FRE (FOREIGN KEY: ENABLED)
exaprod;SITRAM2;FRETE;Informações gerais do cálculo de um determinado frete, considerando todas as distâncias dos percursos.;1309780;N;1;SEQ_FRETE;NUMBER;22;N;0;10;1309780;0;NO;Identificador único do frete cobrado.;PK_FRETE (PRIMARY KEY: ENABLED)- SYS_C00190732 (C: ENABLED)
exaprod;SITRAM2;FRETE;Informações gerais do cálculo de um determinado frete, considerando todas as distâncias dos percursos.;1309780;N;16;SEQ_USUARIO_AUTOR;NUMBER;22;Y;0;3;609;864247;NO;Usuário que incluiu o frete no sistema.;FK_USU_R_FRE (FOREIGN KEY: ENABLED)
exaprod;SITRAM2;FRETE;Informações gerais do cálculo de um determinado frete, considerando todas as distâncias dos percursos.;1309780;N;20;SEQ_USUARIO_CANCEL;NUMBER;22;Y;0;2;494;1291838;NO;Usuário que cancelou o frete.;FK_USU_R_FRE_CAN (FOREIGN KEY: ENABLED)
exaprod;SITRAM2;FRETE;Informações gerais do cálculo de um determinado frete, considerando todas as distâncias dos percursos.;1309780;N;19;STA_ATIVO;NUMBER;22;Y;0;3;2;0;NO;Indica se o frete foi cancelado.;CKC_STA_ATI_FRE (C: ENABLED)
exaprod;SITRAM2;FRETE;Informações gerais do cálculo de um determinado frete, considerando todas as distâncias dos percursos.;1309780;N;12;STA_CREDITO_PRESUMIDO;NUMBER;22;Y;0;3;2;0;NO;Indica se a redução referente ao crédito presumido deve ser utilizada.;CKC_STA_CRE_PRE_FRE (C: ENABLED)
exaprod;SITRAM2;FRETE;Informações gerais do cálculo de um determinado frete, considerando todas as distâncias dos percursos.;1309780;N;7;TIP_RESPONSAVEL;NUMBER;22;N;0;3;3;0;NO;Tipo do responsável pelo frete: PF, PJ sem CGF e PJ com CGF.;CKC_TIP_RES_FRE (C: ENABLED)- SYS_C00190734 (C: ENABLED)
exaprod;SITRAM2;FRETE;Informações gerais do cálculo de um determinado frete, considerando todas as distâncias dos percursos.;1309780;N;14;VLR_BC;NUMBER;22;Y;2;3;70544;497595;NO;Valor total da Base de Cálculo do frete, caso informada pelo motorista.; (: )
exaprod;SITRAM2;FRETE;Informações gerais do cálculo de um determinado frete, considerando todas as distâncias dos percursos.;1309780;N;18;VLR_ICMS_DEST;NUMBER;22;Y;2;5;67792;3;NO;Valor do ICMS Frete calculado.; (: )
exaprod;SITRAM2;FRETE;Informações gerais do cálculo de um determinado frete, considerando todas as distâncias dos percursos.;1309780;N;13;VLR_REDUCAO_ADICIONAL;NUMBER;22;Y;2;3;2;0;NO;Valor da redução adicional (ex. para cerâmica).; (: )
exaprod;SITRAM2;FRETE_AUTONOMO;O frete autônomo é o registro de pagamento do frete da Nota Fiscal através de Dae ou GNRE. Pode ter uma ou mais notas fiscais associadas, ;49423;N;2;NUM_CODIGO_BARRA;VARCHAR2;48;N;;42;49000;0;NO;Numeração do código de barras, podendo ser de DAE ou GNRE.;SYS_C00227263 (C: ENABLED)
exaprod;SITRAM2;FRETE_AUTONOMO;O frete autônomo é o registro de pagamento do frete da Nota Fiscal através de Dae ou GNRE. Pode ter uma ou mais notas fiscais associadas, ;49423;N;1;SEQ_FRETE_AUTONOMO;NUMBER;22;N;0;10;49423;0;NO;Identificador único de instância de frete autônomo.;PK_FRETE_AUTONOMO (PRIMARY KEY: ENABLED)- SYS_C00227262 (C: ENABLED)
exaprod;SITRAM2;FRETE_AUTONOMO;O frete autônomo é o registro de pagamento do frete da Nota Fiscal através de Dae ou GNRE. Pode ter uma ou mais notas fiscais associadas, ;49423;N;5;VLR_FRETE;NUMBER;22;N;2;5;16329;0;NO;Valor da Prestação contida no Frete Autônomo..;SYS_C00227397 (C: ENABLED)
exaprod;SITRAM2;FRETE_AUTONOMO;O frete autônomo é o registro de pagamento do frete da Nota Fiscal através de Dae ou GNRE. Pode ter uma ou mais notas fiscais associadas, ;49423;N;4;VLR_ICMS_FRETE;NUMBER;22;N;2;5;12173;0;NO;Valor do ICMS Frete.;SYS_C00227265 (C: ENABLED)
exaprod;SITRAM2;FRETE_AUTONOMO;O frete autônomo é o registro de pagamento do frete da Nota Fiscal através de Dae ou GNRE. Pode ter uma ou mais notas fiscais associadas, ;49423;N;3;VLR_MERCADORIAS;NUMBER;22;N;2;5;27764;0;NO;Valor das mercadorias;SYS_C00227264 (C: ENABLED)
exaprod;SITRAM2;FRETE_PERCURSO;Cada percurso do frete cobrado.;1413679;N;6;COD_MUNICIPIO_DESTINO;NUMBER;22;N;0;5;2960;0;NO;Município destino do percurso;FK_MUN_R_FRE_PER_DES (FOREIGN KEY: ENABLED)- SYS_C00190756 (C: ENABLED)
exaprod;SITRAM2;FRETE_PERCURSO;Cada percurso do frete cobrado.;1413679;N;4;COD_MUNICIPIO_ORIGEM;NUMBER;22;N;0;5;1655;0;NO;Município origem do percurso;FK_MUN_R_FRE_PER_ORI (FOREIGN KEY: ENABLED)- SYS_C00190754 (C: ENABLED)
exaprod;SITRAM2;FRETE_PERCURSO;Cada percurso do frete cobrado.;1413679;N;5;COD_UF_DESTINO;NUMBER;22;N;0;3;27;0;NO;UF destino do percurso;FK_MUN_R_FRE_PER_DES (FOREIGN KEY: ENABLED)- SYS_C00190755 (C: ENABLED)
exaprod;SITRAM2;FRETE_PERCURSO;Cada percurso do frete cobrado.;1413679;N;3;COD_UF_ORIGEM;NUMBER;22;N;0;3;26;0;NO;UF origem do percurso;FK_MUN_R_FRE_PER_ORI (FOREIGN KEY: ENABLED)- SYS_C00190753 (C: ENABLED)
exaprod;SITRAM2;FRETE_PERCURSO;Cada percurso do frete cobrado.;1413679;N;11;DSC_NOTAS_FISCAIS;VARCHAR2;4000;Y;;76;296864;909365;NO;Números das notas fiscais para as quais o frete foi calculado.; (: )
exaprod;SITRAM2;FRETE_PERCURSO;Cada percurso do frete cobrado.;1413679;N;12;DSC_NOTAS_FISCAIS_LEG;VARCHAR2;1024;Y;;5;295744;917239;NO;Coluna para preservar dados das notas fiscais vinculadas ao frete, a coluna atual sera modificada para outro formato.; (: )
exaprod;SITRAM2;FRETE_PERCURSO;Cada percurso do frete cobrado.;1413679;N;2;SEQ_FRETE;NUMBER;22;N;0;10;1289984;0;NO;Identificador único do frete cobrado.;FK_FRE_R_FRE_PER (FOREIGN KEY: ENABLED)- SYS_C00190752 (C: ENABLED)
exaprod;SITRAM2;FRETE_PERCURSO;Cada percurso do frete cobrado.;1413679;N;1;SEQ_FRETE_PERCURSO;NUMBER;22;N;0;6;1413679;0;NO;Identificador único do percurso de frete.;PK_FRETE_PERCURSO (PRIMARY KEY: ENABLED)- SYS_C00190751 (C: ENABLED)
exaprod;SITRAM2;FRETE_PERCURSO;Cada percurso do frete cobrado.;1413679;N;9;VLR_DISTANCIA;NUMBER;22;N;2;4;4179;0;NO;Distância entre as duas cidades. É redundado, para que se guarde o valor vigente na data do cálculo. Também serve para quando a distância não existir na tabela de distâncias, e for fornecida pelo fiscal, ficar guardada na memória do cálculo.;SYS_C00190759 (C: ENABLED)
exaprod;SITRAM2;FRETE_PERCURSO;Cada percurso do frete cobrado.;1413679;N;8;VLR_FRETE_PERCURSO;NUMBER;22;N;2;5;65736;0;NO;Valor do frete para cada percurso.;SYS_C00190758 (C: ENABLED)
exaprod;SITRAM2;FRETE_PERCURSO;Cada percurso do frete cobrado.;1413679;N;7;VLR_PESO;NUMBER;22;N;2;4;10928;0;NO;Peso da carga que vai percorrer o percurso.;SYS_C00190757 (C: ENABLED)
exaprod;SITRAM2;FRETE_PERCURSO;Cada percurso do frete cobrado.;1413679;N;10;VLR_PRECO;NUMBER;22;N;2;5;304;0;NO;Preço do frete para a faixa. É redundado, para que se guarde o valor vigente na data do cálculo. Também serve para quando o preço não existir na tabela de frete por tonelada, e for fornecida pelo fiscal, ficar guardada na memória do cálculo.;SYS_C00190760 (C: ENABLED)
exaprod;SITRAM2;FRETE_PERCURSO_NOTA_FISCAL;;2240367;N;5;COD_EMITENTE;VARCHAR2;20;Y;;9;20774;976817;NO;Codigo do emitente da nota fiscal; (: )
exaprod;SITRAM2;FRETE_PERCURSO_NOTA_FISCAL;;2240367;N;6;DAT_EMISSAO;DATE;7;Y;;8;612032;237689;NO;Data Emissao referente a nota fiscal; (: )
exaprod;SITRAM2;FRETE_PERCURSO_NOTA_FISCAL;;2240367;N;3;NUM_DANFE;VARCHAR2;100;Y;;29;1049472;809293;NO;Numero do danfe, chave de acesso para nota fiscal; (: )
exaprod;SITRAM2;FRETE_PERCURSO_NOTA_FISCAL;;2240367;N;4;NUM_NOTA_FISCAL;NUMBER;22;Y;0;5;523904;54323;NO;; (: )
exaprod;SITRAM2;FRETE_PERCURSO_NOTA_FISCAL;;2240367;N;2;SEQ_FRETE_PERCURSO;NUMBER;22;Y;0;6;1344896;0;NO;;FK_FRETE_PE_FK_NOTA_F_FRETE_PE (FOREIGN KEY: ENABLED)
exaprod;SITRAM2;FRETE_PERCURSO_NOTA_FISCAL;;2240367;N;1;SEQ_FRETE_PERCURSO_NOTA_FISCAL;NUMBER;22;N;0;6;2240367;0;NO;;PK_FRETE_PERCURSO_NOTA_FISCAL (PRIMARY KEY: ENABLED)- SYS_C001519639 (C: ENABLED)
exaprod;SITRAM2;FRETE_TONELADA;Custo da tonelada por intervalos de kilometros.;249;N;7;DAT_VALIDADE_FIM;DATE;7;Y;;7;4;50;NO;Data do Fim da validade do frete; (: )
exaprod;SITRAM2;FRETE_TONELADA;Custo da tonelada por intervalos de kilometros.;249;N;6;DAT_VALIDADE_INICIO;DATE;7;Y;;8;5;0;NO;Data de Início da validade do frete; (: )
exaprod;SITRAM2;FRETE_TONELADA;Custo da tonelada por intervalos de kilometros.;249;N;5;DSC_INSTRUCAO_NORMATIVA;VARCHAR2;10;Y;;8;5;0;NO;"Campo que informa de qual instrução normativa aquela informação foi obtida.
"; (: )
exaprod;SITRAM2;FRETE_TONELADA;Custo da tonelada por intervalos de kilometros.;249;N;1;SEQ_FRETE_TONELADA;NUMBER;22;N;0;4;249;0;NO;Identificador único do Preço por tonelada.;PK_FRETE_TONELADA (PRIMARY KEY: ENABLED)- SYS_C00190762 (C: ENABLED)
exaprod;SITRAM2;FRETE_TONELADA;Custo da tonelada por intervalos de kilometros.;249;N;3;VLR_FAIXA_FIM;NUMBER;22;N;2;4;50;0;NO;Fim da faixa em quilômetros.;SYS_C00190764 (C: ENABLED)
exaprod;SITRAM2;FRETE_TONELADA;Custo da tonelada por intervalos de kilometros.;249;N;2;VLR_FAIXA_INICIO;NUMBER;22;N;2;4;50;0;NO;Início da faixa em quilômetros.;SYS_C00190763 (C: ENABLED)
exaprod;SITRAM2;FRETE_TONELADA;Custo da tonelada por intervalos de kilometros.;249;N;4;VLR_PRECO;NUMBER;22;N;2;5;246;0;NO;Preço do frete para a faixa.;SYS_C00190765 (C: ENABLED)
exaprod;SITRAM2;JUSTIFICATIVA;Tabela que representa a Justificativa apresentada pelo motorista no Transito Livre;819253;N;5;COD_CONFIG_ORGAO;NUMBER;22;Y;0;3;1;0;NO;Orgao do Acesso;FK_JUS_R_ACE (FOREIGN KEY: ENABLED)
exaprod;SITRAM2;JUSTIFICATIVA;Tabela que representa a Justificativa apresentada pelo motorista no Transito Livre;819253;N;6;COD_ORGAO_LOCAL;NUMBER;22;Y;0;6;32;0;NO;Orgão local onde a justificativa foi realizada;FK_JUS_R_ORG_LOC (FOREIGN KEY: ENABLED)
exaprod;SITRAM2;JUSTIFICATIVA;Tabela que representa a Justificativa apresentada pelo motorista no Transito Livre;819253;N;3;DAT_DATA_JUSTIFICATIVA;TIMESTAMP(6);11;Y;6;11;819253;0;NO;Data da Justificativa; (: )
exaprod;SITRAM2;JUSTIFICATIVA;Tabela que representa a Justificativa apresentada pelo motorista no Transito Livre;819253;N;4;SEQ_ACESSO;NUMBER;22;Y;0;6;17270;0;NO;Foreign Key Acesso;FK_JUS_R_ACE (FOREIGN KEY: ENABLED)
exaprod;SITRAM2;JUSTIFICATIVA;Tabela que representa a Justificativa apresentada pelo motorista no Transito Livre;819253;N;1;SEQ_JUSTIFICATIVA;NUMBER;22;N;0;5;819253;0;NO;ID;PK_JUSTIFICATIVA (PRIMARY KEY: ENABLED)- SYS_C001523257 (C: ENABLED)
exaprod;SITRAM2;JUSTIFICATIVA;Tabela que representa a Justificativa apresentada pelo motorista no Transito Livre;819253;N;2;TXT_JUSTIFICATIVA;VARCHAR2;1000;Y;;27;12511;0;NO;Justificativa para pendencia no Transito Livre; (: )
exaprod;SITRAM2;LANCAMENTO;Lançamento da conta-corrente, pode ser débito ou crédito. Resume os valores de ICMS por contribuinte e tipo de receita em uma mesma ação fiscal.;164773731;N;16;COD_CONFIG_ORGAO;NUMBER;22;Y;0;3;1;11298626;NO;Código do Posto ou outro Órgão Local que tenha base de dados local.;FK_ACE_R_LAN (FOREIGN KEY: ENABLED)
exaprod;SITRAM2;LANCAMENTO;Lançamento da conta-corrente, pode ser débito ou crédito. Resume os valores de ICMS por contribuinte e tipo de receita em uma mesma ação fiscal.;164773731;N;5;COD_RECEITA;NUMBER;22;N;0;4;7;0;NO;Código da receita ( COD-RECEITA-CRD );FK_COD_REC_R_LAN (FOREIGN KEY: ENABLED)- SYS_C00190769 (C: ENABLED)
exaprod;SITRAM2;LANCAMENTO;Lançamento da conta-corrente, pode ser débito ou crédito. Resume os valores de ICMS por contribuinte e tipo de receita em uma mesma ação fiscal.;164773731;N;4;COD_TIPO_LANCAMENTO;NUMBER;22;Y;0;2;2;151782662;NO;Código do tipo de lançamento. Ex. 10.;FK_TIP_LAN_R_LAN (FOREIGN KEY: DISABLED)
exaprod;SITRAM2;LANCAMENTO;Lançamento da conta-corrente, pode ser débito ou crédito. Resume os valores de ICMS por contribuinte e tipo de receita em uma mesma ação fiscal.;164773731;N;9;DAT_LANCAMENTO;DATE;7;N;;8;76259328;0;NO;Data de geração do lançamento.;SYS_C00190770 (C: ENABLED)
exaprod;SITRAM2;LANCAMENTO;Lançamento da conta-corrente, pode ser débito ou crédito. Resume os valores de ICMS por contribuinte e tipo de receita em uma mesma ação fiscal.;164773731;N;12;DAT_VENCIMENTO;DATE;7;Y;;6;41072;61009539;NO;Data de vencimento do lançamento.; (: )
exaprod;SITRAM2;LANCAMENTO;Lançamento da conta-corrente, pode ser débito ou crédito. Resume os valores de ICMS por contribuinte e tipo de receita em uma mesma ação fiscal.;164773731;N;18;DAT_VENCIMENTO_DAE;DATE;7;Y;;6;2783;63587628;NO;Data de pagamento do dae, será populada quando o processo do tramita for deferido.; (: )
exaprod;SITRAM2;LANCAMENTO;Lançamento da conta-corrente, pode ser débito ou crédito. Resume os valores de ICMS por contribuinte e tipo de receita em uma mesma ação fiscal.;164773731;N;15;SEQ_ACESSO;NUMBER;22;Y;0;4;11074560;73817687;NO;Chave primária, será criado sequence.;FK_ACE_R_LAN (FOREIGN KEY: ENABLED)
exaprod;SITRAM2;LANCAMENTO;Lançamento da conta-corrente, pode ser débito ou crédito. Resume os valores de ICMS por contribuinte e tipo de receita em uma mesma ação fiscal.;164773731;N;17;SEQ_CONHECIM_TRANSP;NUMBER;22;Y;0;2;2044928;162712761;NO;Conhecimento de transporte.;CKT_LANCAMENTO (C: ENABLED)
exaprod;SITRAM2;LANCAMENTO;Lançamento da conta-corrente, pode ser débito ou crédito. Resume os valores de ICMS por contribuinte e tipo de receita em uma mesma ação fiscal.;164773731;N;6;SEQ_CONTRIBUINTE_CRED;NUMBER;22;Y;0;3;29728;89317480;NO;Referência para o contribuinte credenciado responsável pelo lançamento;FK_CON_R_LAN (FOREIGN KEY: ENABLED)
exaprod;SITRAM2;LANCAMENTO;Lançamento da conta-corrente, pode ser débito ou crédito. Resume os valores de ICMS por contribuinte e tipo de receita em uma mesma ação fiscal.;164773731;N;7;SEQ_FRETE;NUMBER;22;Y;0;2;1313080;163460651;NO;Identificador único do frete cobrado.;CKT_LANCAMENTO (C: ENABLED)- FK_FRE_R_LAN (FOREIGN KEY: ENABLED)
exaprod;SITRAM2;LANCAMENTO;Lançamento da conta-corrente, pode ser débito ou crédito. Resume os valores de ICMS por contribuinte e tipo de receita em uma mesma ação fiscal.;164773731;N;1;SEQ_LANCAMENTO;NUMBER;22;N;0;11;164773731;0;NO;Identificador único da instância do lançamento.;PK_LANCAMENTO (PRIMARY KEY: ENABLED)- SYS_C00190767 (C: ENABLED)
exaprod;SITRAM2;LANCAMENTO;Lançamento da conta-corrente, pode ser débito ou crédito. Resume os valores de ICMS por contribuinte e tipo de receita em uma mesma ação fiscal.;164773731;N;3;SEQ_LANCAMENTO_ORIGEM;NUMBER;22;Y;0;0;0;164773731;NO;Identificador do lançamento (débito ou crédito) que deu origem à nova instância de lançamento.;FK_LAN_R_LAN (FOREIGN KEY: ENABLED)
exaprod;SITRAM2;LANCAMENTO;Lançamento da conta-corrente, pode ser débito ou crédito. Resume os valores de ICMS por contribuinte e tipo de receita em uma mesma ação fiscal.;164773731;N;2;SEQ_NOTA_FISCAL;NUMBER;22;Y;0;9;148783104;3374050;NO;Identificador da Nota Fiscal à qual o lançamento pertence.;CKT_LANCAMENTO (C: ENABLED)- FK_NOT_FIS_R_LAN (FOREIGN KEY: DISABLED)
exaprod;SITRAM2;LANCAMENTO;Lançamento da conta-corrente, pode ser débito ou crédito. Resume os valores de ICMS por contribuinte e tipo de receita em uma mesma ação fiscal.;164773731;N;8;SEQ_TIPO_REGIME;NUMBER;22;Y;0;2;7;151782662;NO;Identificador único de instância de Tipo de Regime.;FK_TIP_REG_R_LAN (FOREIGN KEY: ENABLED)
exaprod;SITRAM2;LANCAMENTO;Lançamento da conta-corrente, pode ser débito ou crédito. Resume os valores de ICMS por contribuinte e tipo de receita em uma mesma ação fiscal.;164773731;N;13;STA_LANCAMENTO;NUMBER;22;N;0;3;16;0;NO;Indica a situação do lançamento, se o débito foi apenas gerado, ou se seu pagamento foi confirmado, dentre outras.;CKC_STA_LAN_LAN (C: ENABLED)- SYS_C00190772 (C: ENABLED)
exaprod;SITRAM2;LANCAMENTO;Lançamento da conta-corrente, pode ser débito ou crédito. Resume os valores de ICMS por contribuinte e tipo de receita em uma mesma ação fiscal.;164773731;N;19;STA_MARGEM_LUCRO;NUMBER;22;Y;0;2;2;68721951;NO;Indica se o item trata-se de mercadoria a negociar; (: )
exaprod;SITRAM2;LANCAMENTO;Lançamento da conta-corrente, pode ser débito ou crédito. Resume os valores de ICMS por contribuinte e tipo de receita em uma mesma ação fiscal.;164773731;N;14;TIP_CREDENCIAMENTO;NUMBER;22;Y;0;3;3;0;NO;Indica o tipo de credenciamento onde o débito foi lançado.;CKC_TIP_CRE_LAN (C: ENABLED)
exaprod;SITRAM2;LANCAMENTO;Lançamento da conta-corrente, pode ser débito ou crédito. Resume os valores de ICMS por contribuinte e tipo de receita em uma mesma ação fiscal.;164773731;N;10;VLR_LANCAMENTO;NUMBER;22;N;2;5;1727744;0;NO;Valor do lançamento.;SYS_C00190771 (C: ENABLED)
exaprod;SITRAM2;LANCAMENTO;Lançamento da conta-corrente, pode ser débito ou crédito. Resume os valores de ICMS por contribuinte e tipo de receita em uma mesma ação fiscal.;164773731;N;11;VLR_PAGO;NUMBER;22;Y;2;4;1444096;0;NO;Valor já pago do lançamento. Quando é pago, sempre é pago por inteiro, mas no caso de uma alteração de NF a menor ou a maior esse valor pode se tornar diferente do valor alterado do lançamento.; (: )
exaprod;SITRAM2;LANCAMENTO_A_PAGAR;Tabela foi criada para uso do SICRED, é populada por um JOB que busca todas as Notas fiscais de todos os Lançamentos vencidos.;0;N;2;COD_RECEITA;NUMBER;22;Y;0;0;0;0;NO;Código da receita ( COD-RECEITA-CRD ); (: )
exaprod;SITRAM2;LANCAMENTO_A_PAGAR;Tabela foi criada para uso do SICRED, é populada por um JOB que busca todas as Notas fiscais de todos os Lançamentos vencidos.;0;N;4;DAT_FATO_GERADOR;TIMESTAMP(6);11;Y;6;0;0;0;NO;Data do fato gerador; (: )
exaprod;SITRAM2;LANCAMENTO_A_PAGAR;Tabela foi criada para uso do SICRED, é populada por um JOB que busca todas as Notas fiscais de todos os Lançamentos vencidos.;0;N;6;DAT_VENCIMENTO;TIMESTAMP(6);11;Y;6;0;0;0;NO;Data de vencimento atualiza, verifica se possui processos deferidos no Sanfit.; (: )
exaprod;SITRAM2;LANCAMENTO_A_PAGAR;Tabela foi criada para uso do SICRED, é populada por um JOB que busca todas as Notas fiscais de todos os Lançamentos vencidos.;0;N;3;NUM_NOTA_FISCAL;NUMBER;22;Y;0;0;0;0;NO;Numero da nota fiscal; (: )
exaprod;SITRAM2;LANCAMENTO_A_PAGAR;Tabela foi criada para uso do SICRED, é populada por um JOB que busca todas as Notas fiscais de todos os Lançamentos vencidos.;0;N;7;SEQ_CONTRIBUINTE_DES;NUMBER;22;Y;0;0;0;0;NO;Id do ContribuinteCGF; (: )
exaprod;SITRAM2;LANCAMENTO_A_PAGAR;Tabela foi criada para uso do SICRED, é populada por um JOB que busca todas as Notas fiscais de todos os Lançamentos vencidos.;0;N;1;SEQ_LANCAMENTO_A_PAGAR;NUMBER;22;N;0;0;0;0;NO;Identificador único da instância do lançamento a pagar.;PK_LANCAMENTO_A_PAGAR (PRIMARY KEY: ENABLED)- SYS_C001523518 (C: ENABLED)
exaprod;SITRAM2;LANCAMENTO_A_PAGAR;Tabela foi criada para uso do SICRED, é populada por um JOB que busca todas as Notas fiscais de todos os Lançamentos vencidos.;0;N;5;VLR_A_PAGAR;NUMBER;22;Y;2;0;0;0;NO;Valor gerado pela subtração dos campos lancamento.vlr_lancamento - lancamento.vlr_pago; (: )
exaprod;SITRAM2;LANCAMENTO_BKP;;39736947;N;16;COD_CONFIG_ORGAO;NUMBER;22;Y;0;3;1;10549484;NO;; (: )
exaprod;SITRAM2;LANCAMENTO_BKP;;39736947;N;5;COD_RECEITA;NUMBER;22;N;0;4;7;0;NO;;SYS_C001524828 (C: ENABLED)
exaprod;SITRAM2;LANCAMENTO_BKP;;39736947;N;4;COD_TIPO_LANCAMENTO;NUMBER;22;Y;0;2;2;26775555;NO;; (: )
exaprod;SITRAM2;LANCAMENTO_BKP;;39736947;N;9;DAT_LANCAMENTO;DATE;7;N;;8;28565504;0;NO;;SYS_C001524829 (C: ENABLED)
exaprod;SITRAM2;LANCAMENTO_BKP;;39736947;N;12;DAT_VENCIMENTO;DATE;7;Y;;7;4384;10072787;NO;; (: )
exaprod;SITRAM2;LANCAMENTO_BKP;;39736947;N;15;SEQ_ACESSO;NUMBER;22;Y;0;3;618112;25284880;NO;; (: )
exaprod;SITRAM2;LANCAMENTO_BKP;;39736947;N;17;SEQ_CONHECIM_TRANSP;NUMBER;22;Y;0;2;171536;39564289;NO;; (: )
exaprod;SITRAM2;LANCAMENTO_BKP;;39736947;N;6;SEQ_CONTRIBUINTE_CRED;NUMBER;22;Y;0;4;5387;17912417;NO;; (: )
exaprod;SITRAM2;LANCAMENTO_BKP;;39736947;N;7;SEQ_FRETE;NUMBER;22;Y;0;2;657308;39079639;NO;; (: )
exaprod;SITRAM2;LANCAMENTO_BKP;;39736947;N;1;SEQ_LANCAMENTO;NUMBER;22;N;0;11;39736947;0;NO;;SYS_C001524827 (C: ENABLED)
exaprod;SITRAM2;LANCAMENTO_BKP;;39736947;N;3;SEQ_LANCAMENTO_ORIGEM;NUMBER;22;Y;0;0;0;39736947;NO;; (: )
exaprod;SITRAM2;LANCAMENTO_BKP;;39736947;N;2;SEQ_NOTA_FISCAL;NUMBER;22;Y;0;9;35434496;829966;NO;; (: )
exaprod;SITRAM2;LANCAMENTO_BKP;;39736947;N;8;SEQ_TIPO_REGIME;NUMBER;22;Y;0;2;7;26775555;NO;; (: )
exaprod;SITRAM2;LANCAMENTO_BKP;;39736947;N;13;STA_LANCAMENTO;NUMBER;22;N;0;3;11;0;NO;;SYS_C001524831 (C: ENABLED)
exaprod;SITRAM2;LANCAMENTO_BKP;;39736947;N;14;TIP_CREDENCIAMENTO;NUMBER;22;Y;0;3;3;0;NO;; (: )
exaprod;SITRAM2;LANCAMENTO_BKP;;39736947;N;10;VLR_LANCAMENTO;NUMBER;22;N;2;5;965632;0;NO;;SYS_C001524830 (C: ENABLED)
exaprod;SITRAM2;LANCAMENTO_BKP;;39736947;N;11;VLR_PAGO;NUMBER;22;Y;2;4;862912;0;NO;; (: )
exaprod;SITRAM2;LANCAMENTO_HIST;Histórico da tabela de lançamentos;444813605;N;19;COD_CONFIG_ORGAO;NUMBER;22;Y;0;3;1;2044186;NO;Código do Posto ou outro Órgão Local que tenha base de dados local.; (: )
exaprod;SITRAM2;LANCAMENTO_HIST;Histórico da tabela de lançamentos;444813605;N;6;COD_RECEITA;NUMBER;22;Y;0;4;7;0;NO;Código da receita ( COD-RECEITA-CRD ); (: )
exaprod;SITRAM2;LANCAMENTO_HIST;Histórico da tabela de lançamentos;444813605;N;5;COD_TIPO_LANCAMENTO;NUMBER;22;Y;0;2;2;436004346;NO;Código do tipo de lançamento. Ex. 10.; (: )
exaprod;SITRAM2;LANCAMENTO_HIST;Histórico da tabela de lançamentos;444813605;N;10;DAT_LANCAMENTO;DATE;7;Y;;8;82173952;0;NO;Data de geração do lançamento.; (: )
exaprod;SITRAM2;LANCAMENTO_HIST;Histórico da tabela de lançamentos;444813605;N;16;DAT_MOVIMENTO;DATE;7;N;;8;90660864;0;NO;Data em que houve a alteração da nota fiscal;SYS_C001186651 (C: ENABLED)
exaprod;SITRAM2;LANCAMENTO_HIST;Histórico da tabela de lançamentos;444813605;N;13;DAT_VENCIMENTO;DATE;7;Y;;7;39280;117439510;NO;Data de vencimento do lançamento.; (: )
exaprod;SITRAM2;LANCAMENTO_HIST;Histórico da tabela de lançamentos;444813605;N;20;SEQ_ACESSO;NUMBER;22;Y;0;6;18401280;68663395;NO;Identificador da última alteração na tabela de acesso do SISSEG.; (: )
exaprod;SITRAM2;LANCAMENTO_HIST;Histórico da tabela de lançamentos;444813605;N;21;SEQ_CONHECIM_TRANSP;NUMBER;22;Y;0;2;2039296;440703467;NO;Conhecimento de transporte.; (: )
exaprod;SITRAM2;LANCAMENTO_HIST;Histórico da tabela de lançamentos;444813605;N;7;SEQ_CONTRIBUINTE_CRED;NUMBER;22;Y;0;4;30368;198552332;NO;Referência para o contribuinte credenciado responsável pelo lançamento; (: )
exaprod;SITRAM2;LANCAMENTO_HIST;Histórico da tabela de lançamentos;444813605;N;8;SEQ_FRETE;NUMBER;22;Y;0;2;1085568;442835298;NO;Identificador único do frete cobrado.; (: )
exaprod;SITRAM2;LANCAMENTO_HIST;Histórico da tabela de lançamentos;444813605;N;2;SEQ_LANCAMENTO;NUMBER;22;N;0;11;217382912;0;NO;Identificador único da instância do lançamento.;SYS_C001186650 (C: ENABLED)
exaprod;SITRAM2;LANCAMENTO_HIST;Histórico da tabela de lançamentos;444813605;N;1;SEQ_LANCAMENTO_HIST;NUMBER;22;N;0;7;444813605;0;NO;Identificador da tabela;PK_LANCAMENTO_HIST (PRIMARY KEY: ENABLED)- SYS_C001186649 (C: ENABLED)
exaprod;SITRAM2;LANCAMENTO_HIST;Histórico da tabela de lançamentos;444813605;N;4;SEQ_LANCAMENTO_ORIGEM;NUMBER;22;Y;0;0;0;444813605;NO;Identificador do lançamento (débito ou crédito) que deu origem à nova instância de lançamento.; (: )
exaprod;SITRAM2;LANCAMENTO_HIST;Histórico da tabela de lançamentos;444813605;N;3;SEQ_NOTA_FISCAL;NUMBER;22;Y;0;9;140525568;6088445;NO;Identificador da Nota Fiscal à qual o lançamento pertence.; (: )
exaprod;SITRAM2;LANCAMENTO_HIST;Histórico da tabela de lançamentos;444813605;N;9;SEQ_TIPO_REGIME;NUMBER;22;Y;0;2;7;436004346;NO;Identificador único de instância de Tipo de Regime.; (: )
exaprod;SITRAM2;LANCAMENTO_HIST;Histórico da tabela de lançamentos;444813605;N;18;SEQ_USUARIO_HIST;NUMBER;22;Y;0;5;3716;68663395;NO;Identificador do usuário responsável pela alteração.; (: )
exaprod;SITRAM2;LANCAMENTO_HIST;Histórico da tabela de lançamentos;444813605;N;14;STA_LANCAMENTO;NUMBER;22;Y;0;3;16;0;NO;Indica a situação do lançamento, se o débito foi apenas gerado, ou se seu pagamento foi confirmado, dentre outras.; (: )
exaprod;SITRAM2;LANCAMENTO_HIST;Histórico da tabela de lançamentos;444813605;N;17;STA_OPERACAO;NUMBER;22;N;0;3;3;0;NO;Operação realizada no registro da nota fiscal (Inclusão, alteração, exclusão);SYS_C001186652 (C: ENABLED)
exaprod;SITRAM2;LANCAMENTO_HIST;Histórico da tabela de lançamentos;444813605;N;15;TIP_CREDENCIAMENTO;NUMBER;22;Y;0;3;3;0;NO;Indica o tipo de credenciamento onde o débito foi lançado.; (: )
exaprod;SITRAM2;LANCAMENTO_HIST;Histórico da tabela de lançamentos;444813605;N;11;VLR_LANCAMENTO;NUMBER;22;Y;2;5;1922048;0;NO;Valor do lançamento.; (: )
exaprod;SITRAM2;LANCAMENTO_HIST;Histórico da tabela de lançamentos;444813605;N;12;VLR_PAGO;NUMBER;22;Y;2;3;1428480;0;NO;Valor já pago do lançamento. Quando é pago, sempre é pago por inteiro, mas no caso de uma alteração de NF a menor ou a maior esse valor pode se tornar diferente do valor alterado do lançamento.; (: )
exaprod;SITRAM2;LIMITE_CRED;Percentuais que limitem o crédito de origem ou ICMS destacado na Nota no momento do cálculo do ICMS a recolher.;105;N;2;COD_CNPJ_EMPRESA;NUMBER;22;Y;0;9;75;0;NO;CNPJ da empresa de fora do CE com crédito limitado.; (: )
exaprod;SITRAM2;LIMITE_CRED;Percentuais que limitem o crédito de origem ou ICMS destacado na Nota no momento do cálculo do ICMS a recolher.;105;N;8;COD_CNPJ_EMPRESA_A;VARCHAR2;14;N;;15;75;0;NO;CNPJ no formato alfanumerico conforme o novo padrao;SYS_C001568039 (C: ENABLED)
exaprod;SITRAM2;LIMITE_CRED;Percentuais que limitem o crédito de origem ou ICMS destacado na Nota no momento do cálculo do ICMS a recolher.;105;N;5;COD_UF;NUMBER;22;N;0;3;13;0;NO;UF da Empresa com glosador.;FK_UNI_FED_R_LIM_CRE (FOREIGN KEY: ENABLED)- SYS_C00190786 (C: ENABLED)
exaprod;SITRAM2;LIMITE_CRED;Percentuais que limitem o crédito de origem ou ICMS destacado na Nota no momento do cálculo do ICMS a recolher.;105;N;7;DAT_VALIDADE_FIM;DATE;7;Y;;8;12;0;NO;Data de fim da limitação de crédito.; (: )
exaprod;SITRAM2;LIMITE_CRED;Percentuais que limitem o crédito de origem ou ICMS destacado na Nota no momento do cálculo do ICMS a recolher.;105;N;6;DAT_VALIDADE_INICIO;DATE;7;N;;8;10;0;NO;Data de início da limitação de crédito.;SYS_C00190787 (C: ENABLED)
exaprod;SITRAM2;LIMITE_CRED;Percentuais que limitem o crédito de origem ou ICMS destacado na Nota no momento do cálculo do ICMS a recolher.;105;N;3;NOM_EMPRESA;VARCHAR2;60;N;;31;81;0;NO;Nome da empresa de fora do CE com crédito limitado.;SYS_C00190785 (C: ENABLED)
exaprod;SITRAM2;LIMITE_CRED;Percentuais que limitem o crédito de origem ou ICMS destacado na Nota no momento do cálculo do ICMS a recolher.;105;N;4;SEQ_CONTRIBUINTE;NUMBER;22;Y;0;2;18;83;NO;Empresa de fora do Estado que tem inscrição de contribuinte substituto.;FK_CON_R_LIM_CRE (FOREIGN KEY: ENABLED)
exaprod;SITRAM2;LIMITE_CRED;Percentuais que limitem o crédito de origem ou ICMS destacado na Nota no momento do cálculo do ICMS a recolher.;105;N;1;SEQ_LIMITE_CRED;NUMBER;22;N;0;4;105;0;NO;Identificador único de limite de crédito de origem.;PK_LIMITE_CRED (PRIMARY KEY: ENABLED)- SYS_C00190783 (C: ENABLED)
exaprod;SITRAM2;MANIFESTO_CARGA;Dados de manifesto de carga.;12027901;N;6;COD_CONFIG_ORGAO;NUMBER;22;Y;0;3;1;265271;NO;Codigo do Posto ou outro Org?o Local que tenha base de dados local.;FK_ACE_R_MAN_CAR (FOREIGN KEY: ENABLED)
exaprod;SITRAM2;MANIFESTO_CARGA;Dados de manifesto de carga.;12027901;N;3;COD_UF_DESTINO;NUMBER;22;Y;0;3;27;1296;NO;Identificador da Uf Destino da Carga.;FK_UNI_FED_R_MAN_CAR_DES (FOREIGN KEY: ENABLED)
exaprod;SITRAM2;MANIFESTO_CARGA;Dados de manifesto de carga.;12027901;N;4;COD_UF_ORIGEM;NUMBER;22;Y;0;3;28;1831;NO;Identificador da Uf Origem da Carga.;FK_UNI_FED_R_MAN_CAR_ORI (FOREIGN KEY: ENABLED)
exaprod;SITRAM2;MANIFESTO_CARGA;Dados de manifesto de carga.;12027901;N;23;COD_UNIDADE;VARCHAR2;5;Y;;2;181;8110015;NO;; (: )
exaprod;SITRAM2;MANIFESTO_CARGA;Dados de manifesto de carga.;12027901;N;22;DAT_FIM_PROCESSAMENTO;DATE;7;Y;;5;5160448;6454962;NO;Data Fim do Processamento; (: )
exaprod;SITRAM2;MANIFESTO_CARGA;Dados de manifesto de carga.;12027901;N;21;DAT_INICIO_PROCESSAMENTO;DATE;7;Y;;5;5087744;6425536;NO;Data de Inicio do processamento; (: )
exaprod;SITRAM2;MANIFESTO_CARGA;Dados de manifesto de carga.;12027901;N;15;NUM_CHAVE_ACESSO;VARCHAR2;44;Y;;45;11874304;36293;NO;Chave de acesso do MDF-e.; (: )
exaprod;SITRAM2;MANIFESTO_CARGA;Dados de manifesto de carga.;12027901;N;8;NUM_MANIFESTO_CARGA;VARCHAR2;15;N;;6;532672;0;NO;Numero do Manifesto.;SYS_C00190285 (C: ENABLED)
exaprod;SITRAM2;MANIFESTO_CARGA;Dados de manifesto de carga.;12027901;N;9;NUM_PESO_BRUTO;NUMBER;22;Y;4;5;2215936;0;NO;Peso Bruto da carga.; (: )
exaprod;SITRAM2;MANIFESTO_CARGA;Dados de manifesto de carga.;12027901;N;10;NUM_PESO_LIQUIDO;NUMBER;22;Y;4;4;4361728;3926217;NO;Peso Liquido da carga.; (: )
exaprod;SITRAM2;MANIFESTO_CARGA;Dados de manifesto de carga.;12027901;N;16;NUM_VOO;VARCHAR2;9;Y;;2;1854;11860463;NO;Número do Vôo.; (: )
exaprod;SITRAM2;MANIFESTO_CARGA;Dados de manifesto de carga.;12027901;N;17;QTD_CTES;NUMBER;22;Y;0;3;9108;3506393;NO;Quantidade de CT-es referenciados pelo MDF-e.; (: )
exaprod;SITRAM2;MANIFESTO_CARGA;Dados de manifesto de carga.;12027901;N;20;QTD_NOTAS_DE_CTE;NUMBER;22;Y;0;2;9633;6444107;NO;Quantidade Total de Notas referenciados pelo CT-es.; (: )
exaprod;SITRAM2;MANIFESTO_CARGA;Dados de manifesto de carga.;12027901;N;11;QTD_NOTAS_FISCAIS;NUMBER;22;Y;0;3;1442;936;NO;Quantidade de Notas Fiscais da carga.; (: )
exaprod;SITRAM2;MANIFESTO_CARGA;Dados de manifesto de carga.;12027901;N;18;QTD_TOTAL_CTES;NUMBER;22;Y;0;2;14132;6444107;NO;Quantidade Total de CT-es referenciados pelo MDF-e CT-es.; (: )
exaprod;SITRAM2;MANIFESTO_CARGA;Dados de manifesto de carga.;12027901;N;19;QTD_TOTAL_CTES_COM_NOTA;NUMBER;22;Y;0;2;13623;6444107;NO;Quantidade Total de CT-es referenciados pelo MDF-e CT-es. CT-es devem possuir pelo menos 1 nota.; (: )
exaprod;SITRAM2;MANIFESTO_CARGA;Dados de manifesto de carga.;12027901;N;2;SEQ_ACAO_FISCAL;NUMBER;22;N;0;8;11245568;0;NO;Identificador da Ac?o Fiscal.;FK_ACA_FIS_R_MAN_CAR (FOREIGN KEY: ENABLED)- SYS_C00190284 (C: ENABLED)
exaprod;SITRAM2;MANIFESTO_CARGA;Dados de manifesto de carga.;12027901;N;5;SEQ_ACESSO;NUMBER;22;Y;0;7;1177088;265271;NO;Identificador da ultima alterac?o na tabela de acesso do SISSEG.;FK_ACE_R_MAN_CAR (FOREIGN KEY: ENABLED)
exaprod;SITRAM2;MANIFESTO_CARGA;Dados de manifesto de carga.;12027901;N;1;SEQ_MANIFESTO_CARGA;NUMBER;22;N;0;10;12027901;0;NO;Identificador unico de instancia de Manifesto de Carga.;PK_MANIFESTO_CARGA (PRIMARY KEY: ENABLED)- SYS_C00190283 (C: ENABLED)
exaprod;SITRAM2;MANIFESTO_CARGA;Dados de manifesto de carga.;12027901;N;7;SEQ_PAIS;NUMBER;22;Y;0;4;85;0;NO;Pais origem, no caso de importac?o, ou destino, no caso de exportac?o.;FK_PAI_R_MAN_CAR (FOREIGN KEY: ENABLED)
exaprod;SITRAM2;MANIFESTO_CARGA;Dados de manifesto de carga.;12027901;N;14;STA_SELADO;NUMBER;22;Y;0;3;2;498993;NO;Indica se manifesto foi ou n?o selado.;CKC_STA_SEL_MAN_CAR (C: ENABLED)
exaprod;SITRAM2;MANIFESTO_CARGA;Dados de manifesto de carga.;12027901;N;13;TIP_ORIGEM;NUMBER;22;Y;0;3;1;0;NO;Origem das informac?es do Manifesto de Carga.;CKC_TIP_ORI_MAN_CAR (C: ENABLED)
exaprod;SITRAM2;MANIFESTO_CARGA;Dados de manifesto de carga.;12027901;N;12;VLR_TOTAL;NUMBER;22;N;2;6;6350336;0;NO;Valor total das mercadorias transportadas.;SYS_C00190286 (C: ENABLED)
exaprod;SITRAM2;MANIFESTO_CARGA_EVENTO;Registro de envios dos dados de manifesto de carga para sistemas integrados. Ex.: CIPP;5246323;N;5;DAT_EVENTO;DATE;7;N;;8;435136;0;NO;Data/Hora da ocorrência do evento.;SYS_C001533975 (C: ENABLED)
exaprod;SITRAM2;MANIFESTO_CARGA_EVENTO;Registro de envios dos dados de manifesto de carga para sistemas integrados. Ex.: CIPP;5246323;N;2;SEQ_MANIFESTO_CARGA;NUMBER;22;N;0;10;2613760;0;NO;Identificador do Manifesto Carga;FK_MAN_CAR_R_MAN_CAR_EVEN (FOREIGN KEY: ENABLED)- SYS_C001533974 (C: ENABLED)
exaprod;SITRAM2;MANIFESTO_CARGA_EVENTO;Registro de envios dos dados de manifesto de carga para sistemas integrados. Ex.: CIPP;5246323;N;1;SEQ_MANIFESTO_CARGA_EVENTO;NUMBER;22;N;0;11;5246323;0;NO;Identificador único de instância de Manifesto de Carga Evento.;PK_MANIFESTO_CARGA_EVENTO (PRIMARY KEY: ENABLED)- SYS_C001533973 (C: ENABLED)
exaprod;SITRAM2;MANIFESTO_CARGA_EVENTO;Registro de envios dos dados de manifesto de carga para sistemas integrados. Ex.: CIPP;5246323;N;3;TIP_EVENTO;NUMBER;22;Y;0;3;3;0;NO;Tipo de evento ocorrido no Manifesto Carga;CKC_TIP_EVENTO_MANIFEST (C: ENABLED)
exaprod;SITRAM2;MANIFESTO_CARGA_EVENTO;Registro de envios dos dados de manifesto de carga para sistemas integrados. Ex.: CIPP;5246323;N;4;TXT_EVENTO;VARCHAR2;512;Y;;21;6;0;NO;Descrição do evento realizado no Manifesto Carga; (: )
exaprod;SITRAM2;MENSAGEM;Mensagem prevista para os diversos tipos de entidades envolvidas em uma ac?o fiscal, como motorista, contribuinte, etc.;33203;N;6;COD_CONFIG_ORGAO;NUMBER;22;Y;0;2;1;31337;NO;Código do Posto ou outro Órgão Local que tenha base de dados local.;FK_ACE_R_MEN (FOREIGN KEY: ENABLED)
exaprod;SITRAM2;MENSAGEM;Mensagem prevista para os diversos tipos de entidades envolvidas em uma ac?o fiscal, como motorista, contribuinte, etc.;33203;N;5;SEQ_ACESSO;NUMBER;22;Y;0;2;1218;31337;NO;Chave primária, será criado sequence.;FK_ACE_R_MEN (FOREIGN KEY: ENABLED)
exaprod;SITRAM2;MENSAGEM;Mensagem prevista para os diversos tipos de entidades envolvidas em uma ac?o fiscal, como motorista, contribuinte, etc.;33203;N;1;SEQ_AVISO;NUMBER;22;N;0;5;33203;0;NO;Identificador Unico de instancia de Mensagem no SITRAM.;FK_AVI_R_MEN (FOREIGN KEY: ENABLED)- PK_MENSAGEM (PRIMARY KEY: ENABLED)- SYS_C00190292 (C: ENABLED)
exaprod;SITRAM2;MENSAGEM;Mensagem prevista para os diversos tipos de entidades envolvidas em uma ac?o fiscal, como motorista, contribuinte, etc.;33203;N;2;SEQ_CONDICAO;NUMBER;22;N;0;5;33203;0;NO;Condic?o a qual a mensagem esta sujeita.;FK_CON_R_MEN (FOREIGN KEY: ENABLED)- SYS_C00190293 (C: ENABLED)
exaprod;SITRAM2;MENSAGEM;Mensagem prevista para os diversos tipos de entidades envolvidas em uma ac?o fiscal, como motorista, contribuinte, etc.;33203;N;4;STA_INATIVAR_PRIMEIRO_USO;NUMBER;22;N;0;3;2;0;NO;Indica se a mensagem deve ser inativada na primeira aparic?o no sistema.;CKC_STA_INA_PRI_MEN (C: ENABLED)- SYS_C00190295 (C: ENABLED)
exaprod;SITRAM2;MENSAGEM;Mensagem prevista para os diversos tipos de entidades envolvidas em uma ac?o fiscal, como motorista, contribuinte, etc.;33203;N;3;TIP_TELA;NUMBER;22;N;0;3;3;0;NO;Indica em qual tela a mensagem deve ser verificada. As telas que utilizam mensagens devem ser enumeradas no dominio TIP_TELA.;CKC_TIP_TEL_MEN (C: ENABLED)- SYS_C00190294 (C: ENABLED)
exaprod;SITRAM2;MUNICIPIO_DISTANCIA;Distancia de um municipio a outro.;944382;N;3;COD_MUNICIPIO_DES;NUMBER;22;N;0;5;4219;0;NO;CODIGO DO MUNICIPIO Destino.;FK_MUN_R_MUN_DIS_DES (FOREIGN KEY: ENABLED)- SYS_C00190303 (C: ENABLED)
exaprod;SITRAM2;MUNICIPIO_DISTANCIA;Distancia de um municipio a outro.;944382;N;5;COD_MUNICIPIO_ORI;NUMBER;22;N;0;5;182;0;NO;CODIGO DO MUNICIPIO Destino.;FK_MUN_R_MUN_DIS_ORI (FOREIGN KEY: ENABLED)- SYS_C00190305 (C: ENABLED)
exaprod;SITRAM2;MUNICIPIO_DISTANCIA;Distancia de um municipio a outro.;944382;N;2;COD_UF_DES;NUMBER;22;N;0;3;27;0;NO;CODIGO DA UF Destino.;FK_MUN_R_MUN_DIS_DES (FOREIGN KEY: ENABLED)- SYS_C00190302 (C: ENABLED)
exaprod;SITRAM2;MUNICIPIO_DISTANCIA;Distancia de um municipio a outro.;944382;N;4;COD_UF_ORI;NUMBER;22;N;0;3;1;0;NO;CODIGO DA UF Origem.;FK_MUN_R_MUN_DIS_ORI (FOREIGN KEY: ENABLED)- SYS_C00190304 (C: ENABLED)
exaprod;SITRAM2;MUNICIPIO_DISTANCIA;Distancia de um municipio a outro.;944382;N;1;SEQ_MUNICIPIO_DISTANCIA;NUMBER;22;N;0;6;944382;0;NO;Identificar unico da distancia entre dois municipios.;PK_MUNICIPIO_DISTANCIA (PRIMARY KEY: ENABLED)- SYS_C00190301 (C: ENABLED)
exaprod;SITRAM2;MUNICIPIO_DISTANCIA;Distancia de um municipio a outro.;944382;N;6;STA_PENDENTE;NUMBER;22;Y;0;3;2;0;NO;Indica se o cadastro ainda esta pendente de aprovac?o.;CKC_STA_PEN_MUN_DIS (C: ENABLED)
exaprod;SITRAM2;MUNICIPIO_DISTANCIA;Distancia de um municipio a outro.;944382;N;7;VLR_DISTANCIA;NUMBER;22;N;2;5;370656;0;NO;Distancia entre as duas cidades.;SYS_C00190306 (C: ENABLED)
exaprod;SITRAM2;NOTA_FISCAL;Nota Fiscal (vers?o oficial) do SITRAM.;457615597;N;48;COD_BARRAS_AUX;VARCHAR2;36;Y;;2;243120;457345047;NO;"codigo de barras auxiliar do DANFE de 36 caracteres que tem a seguinte composic?o:
                                           UF  tpEmis  CNPJ   vNF    ICMSp    ICMSs     DD   DV
Quantidade de caracteres  02      01      14         14       01            01        02    01"; (: )
exaprod;SITRAM2;NOTA_FISCAL;Nota Fiscal (vers?o oficial) do SITRAM.;457615597;N;69;COD_CAE_PRIM_EMI;NUMBER;22;Y;0;2;1568;402801509;NO;Código de Atividade Econômica;FK_CAE_R_NOT_FIS (FOREIGN KEY: ENABLED)
exaprod;SITRAM2;NOTA_FISCAL;Nota Fiscal (vers?o oficial) do SITRAM.;457615597;N;6;COD_CFOP;NUMBER;22;Y;0;4;457;0;NO;CFOP da Nota Fiscal,;FK_CFO_R_NOT_FIS (FOREIGN KEY: ENABLED)
exaprod;SITRAM2;NOTA_FISCAL;Nota Fiscal (vers?o oficial) do SITRAM.;457615597;N;5;COD_CONFIG_ORGAO;NUMBER;22;Y;0;2;1;306084691;NO;Codigo do Posto ou outro Org?o Local que tenha base de dados local.;FK_ACE_R_NOT_FIS (FOREIGN KEY: ENABLED)
exaprod;SITRAM2;NOTA_FISCAL;Nota Fiscal (vers?o oficial) do SITRAM.;457615597;N;57;COD_CPF_RESP_RECEB;NUMBER;22;Y;0;2;3;457615591;NO;CPF da pessoa que recebeu a nota fiscal na unidade fiscal.; (: )
exaprod;SITRAM2;NOTA_FISCAL;Nota Fiscal (vers?o oficial) do SITRAM.;457615597;N;63;COD_CRT;NUMBER;22;Y;0;3;4;26760752;NO;Código do CRT.;FK_CRT_R_NOT_FIS (FOREIGN KEY: ENABLED)
exaprod;SITRAM2;NOTA_FISCAL;Nota Fiscal (vers?o oficial) do SITRAM.;457615597;N;25;COD_DESTINATARIO;NUMBER;22;Y;0;8;24240128;660609;NO;CPF, CNPJ ou IE do destinatario.; (: )
exaprod;SITRAM2;NOTA_FISCAL;Nota Fiscal (vers?o oficial) do SITRAM.;457615597;N;81;COD_DESTINATARIO_A;VARCHAR2;14;Y;;13;25202688;660494;NO;CNPJ no formato alfanumerico conforme o novo padrao; (: )
exaprod;SITRAM2;NOTA_FISCAL;Nota Fiscal (vers?o oficial) do SITRAM.;457615597;N;22;COD_EMITENTE;NUMBER;22;Y;0;9;1225216;712075;NO;CPF, CNPJ ou IE do emitente.; (: )
exaprod;SITRAM2;NOTA_FISCAL;Nota Fiscal (vers?o oficial) do SITRAM.;457615597;N;82;COD_EMITENTE_A;VARCHAR2;14;Y;;14;1184256;711960;NO;CNPJ no formato alfanumerico conforme o novo padrao; (: )
exaprod;SITRAM2;NOTA_FISCAL;Nota Fiscal (vers?o oficial) do SITRAM.;457615597;N;72;COD_FINALIDADE;NUMBER;22;Y;0;3;5;72418046;NO;Código da Finalidade das notas referenciadas.; (: )
exaprod;SITRAM2;NOTA_FISCAL;Nota Fiscal (vers?o oficial) do SITRAM.;457615597;N;32;COD_ORGAO_LOCAL;NUMBER;22;N;0;6;68;0;NO;Codigo do org?o local onde a nota fiscal foi digitada ou incorporada.;FK_ORG_LOC_R_NOT_FIS (FOREIGN KEY: ENABLED)- SYS_C001506635 (C: ENABLED)
exaprod;SITRAM2;NOTA_FISCAL;Nota Fiscal (vers?o oficial) do SITRAM.;457615597;N;29;COD_UF_DESTINATARIO;NUMBER;22;Y;0;3;28;0;NO;Codigo da Uf do Destinatario;FK_UNI_FED_R_NOT_FIS_DES (FOREIGN KEY: ENABLED)
exaprod;SITRAM2;NOTA_FISCAL;Nota Fiscal (vers?o oficial) do SITRAM.;457615597;N;28;COD_UF_EMITENTE;NUMBER;22;Y;0;3;28;0;NO;Codigo da Uf do Emitente;FK_UNI_FED_R_NOT_FIS_EMI (FOREIGN KEY: ENABLED)
exaprod;SITRAM2;NOTA_FISCAL;Nota Fiscal (vers?o oficial) do SITRAM.;457615597;N;11;DAT_EMISSAO;DATE;7;N;;8;138313728;0;NO;Data de Emiss?o da Nota Fiscal.;SYS_C001506631 (C: ENABLED)
exaprod;SITRAM2;NOTA_FISCAL;Nota Fiscal (vers?o oficial) do SITRAM.;457615597;N;66;DAT_FATO_GERADOR;DATE;7;Y;;8;117415936;0;NO;Data do fato gerador; (: )
exaprod;SITRAM2;NOTA_FISCAL;Nota Fiscal (vers?o oficial) do SITRAM.;457615597;N;33;DAT_INCLUSAO;DATE;7;N;;8;130736128;0;NO;Data de inclus?o da Nota Fiscal no sistema.;SYS_C001506636 (C: ENABLED)
exaprod;SITRAM2;NOTA_FISCAL;Nota Fiscal (vers?o oficial) do SITRAM.;457615597;N;80;DAT_REJEICAO;DATE;7;Y;;2;435712;453921965;NO;Data de Rejeição da Nota Fiscal;NOTA_FISCAL_UK1 (UNIQUE: ENABLED)
exaprod;SITRAM2;NOTA_FISCAL;Nota Fiscal (vers?o oficial) do SITRAM.;457615597;N;51;DSC_JUSTIFICATIVA_ALTERACAO;VARCHAR2;1024;Y;;2;415200;456455908;NO;; (: )
exaprod;SITRAM2;NOTA_FISCAL;Nota Fiscal (vers?o oficial) do SITRAM.;457615597;N;52;DSC_JUSTIFICATIVA_RETORNO;VARCHAR2;1024;Y;;0;0;457615597;NO;; (: )
exaprod;SITRAM2;NOTA_FISCAL;Nota Fiscal (vers?o oficial) do SITRAM.;457615597;N;40;DSC_JUSTIFICATIVA_STATUS;VARCHAR2;1024;Y;;3;385920;444199506;NO;Justificativa de mudanc?o de situac?o da nota fiscal, para alguns casos, como retida, liberada, autuada e rejeitada.; (: )
exaprod;SITRAM2;NOTA_FISCAL;Nota Fiscal (vers?o oficial) do SITRAM.;457615597;N;73;DSC_JUSTIFIC_CANCELAR_DIFAL;VARCHAR2;1024;Y;;2;5579;457582001;NO;Justificativa de cancelamento do DIFAL do frete; (: )
exaprod;SITRAM2;NOTA_FISCAL;Nota Fiscal (vers?o oficial) do SITRAM.;457615597;N;26;NOM_DESTINATARIO;VARCHAR2;60;Y;;28;32202752;62982;NO;Nome do destinatario.; (: )
exaprod;SITRAM2;NOTA_FISCAL;Nota Fiscal (vers?o oficial) do SITRAM.;457615597;N;23;NOM_EMITENTE;VARCHAR2;60;Y;;32;1717248;30724;NO;Nome do emitente.; (: )
exaprod;SITRAM2;NOTA_FISCAL;Nota Fiscal (vers?o oficial) do SITRAM.;457615597;N;34;NOM_EMPRESA_EXTERNA;VARCHAR2;60;Y;;2;56936;456242738;NO;Nome da empresa importadora ou exportadora. Utilizada apenas nas operac?es de importac?o ou exportac?o.; (: )
exaprod;SITRAM2;NOTA_FISCAL;Nota Fiscal (vers?o oficial) do SITRAM.;457615597;N;58;NOM_RESP_RECEB;VARCHAR2;60;Y;;2;3;457615591;NO;Nome da pessoa que recebeu a nota fiscal na unidade fiscal.; (: )
exaprod;SITRAM2;NOTA_FISCAL;Nota Fiscal (vers?o oficial) do SITRAM.;457615597;N;46;NUM_AUTO_INFRACAO;NUMBER;22;Y;0;2;12759;457583991;NO;Numero do auto de infrac?o.; (: )
exaprod;SITRAM2;NOTA_FISCAL;Nota Fiscal (vers?o oficial) do SITRAM.;457615597;N;76;NUM_CONTAINER;VARCHAR2;44;Y;;2;208560;457015754;NO;Numero do container ao qual pertence a Nota Fiscal; (: )
exaprod;SITRAM2;NOTA_FISCAL;Nota Fiscal (vers?o oficial) do SITRAM.;457615597;N;39;NUM_CONTRATO_COMODATO;VARCHAR2;20;Y;;0;0;457615597;NO;Numero de Contrato para Nota Fiscal de Remessa de Bem Comodato.; (: )
exaprod;SITRAM2;NOTA_FISCAL;Nota Fiscal (vers?o oficial) do SITRAM.;457615597;N;42;NUM_DANFE;VARCHAR2;100;Y;;45;438435840;829817;NO;ID da NFE, chave de acesso;NOTA_FISCAL_UK1 (UNIQUE: ENABLED)
exaprod;SITRAM2;NOTA_FISCAL;Nota Fiscal (vers?o oficial) do SITRAM.;457615597;N;37;NUM_DEVOLUCOES;NUMBER;22;Y;0;2;1;847243;NO;Numero de vezes que a Nota Fiscal apareceu em operac?es de devoluc?o.; (: )
exaprod;SITRAM2;NOTA_FISCAL;Nota Fiscal (vers?o oficial) do SITRAM.;457615597;N;49;NUM_FORM_SEGURANCA;NUMBER;22;Y;0;2;10245;457605168;NO;"Formularios de Seguranca ? Documento Auxiliar ? FS-DA - o numero de
formulario representado em codigo de barras."; (: )
exaprod;SITRAM2;NOTA_FISCAL;Nota Fiscal (vers?o oficial) do SITRAM.;457615597;N;61;NUM_IEST;NUMBER;22;Y;0;3;36832;344911566;NO;Inscrição Estadual do Substituto Tributário do Emitente; (: )
exaprod;SITRAM2;NOTA_FISCAL;Nota Fiscal (vers?o oficial) do SITRAM.;457615597;N;8;NUM_NOTA_FISCAL;NUMBER;22;N;0;6;36106240;0;NO;Numero da Nota Fiscal.;SYS_C001506630 (C: ENABLED)
exaprod;SITRAM2;NOTA_FISCAL;Nota Fiscal (vers?o oficial) do SITRAM.;457615597;N;10;NUM_SERIE;VARCHAR2;4;Y;;3;2158;1057597;NO;Numero de serie da Nota Fiscal.; (: )
exaprod;SITRAM2;NOTA_FISCAL;Nota Fiscal (vers?o oficial) do SITRAM.;457615597;N;45;NUM_TERMO_RETENCAO;NUMBER;22;Y;0;2;18630;457576464;NO;Numero do termo de retenc?o.; (: )
exaprod;SITRAM2;NOTA_FISCAL;Nota Fiscal (vers?o oficial) do SITRAM.;457615597;N;68;NUM_TOAF;NUMBER;22;Y;0;2;460;457614806;NO;Número do Termo de Ocorrência de Ação Fiscal.; (: )
exaprod;SITRAM2;NOTA_FISCAL;Nota Fiscal (vers?o oficial) do SITRAM.;457615597;N;2;SEQ_ACAO_FISCAL;NUMBER;22;Y;0;9;39481344;54;NO;Identificador da Ac?o Fiscal a qual a Nota faz parte.;FK_ACA_FIS_R_NOT_FIS (FOREIGN KEY: ENABLED)- NOTA_FISCAL_UK1 (UNIQUE: ENABLED)
exaprod;SITRAM2;NOTA_FISCAL;Nota Fiscal (vers?o oficial) do SITRAM.;457615597;N;4;SEQ_ACESSO;NUMBER;22;Y;0;3;20443136;323961607;NO;Identificador da ultima alterac?o na tabela de acesso do SISSEG.;FK_ACE_R_NOT_FIS (FOREIGN KEY: ENABLED)
exaprod;SITRAM2;NOTA_FISCAL;Nota Fiscal (vers?o oficial) do SITRAM.;457615597;N;27;SEQ_AUTOR;NUMBER;22;Y;0;6;1406;0;NO;Autor da Nota Fiscal;FK_USU_R_NOT_FIS_AUT (FOREIGN KEY: ENABLED)
exaprod;SITRAM2;NOTA_FISCAL;Nota Fiscal (vers?o oficial) do SITRAM.;457615597;N;3;SEQ_CONHECIM_TRANSP;NUMBER;22;Y;0;9;293830656;80941447;NO;Identificador do Conhecimento ao qual a Nota pode pertencer.;FK_CON_TRA_R_NOT_FIS (FOREIGN KEY: ENABLED)
exaprod;SITRAM2;NOTA_FISCAL;Nota Fiscal (vers?o oficial) do SITRAM.;457615597;N;31;SEQ_CONTRIBUINTE_DES;NUMBER;22;Y;0;2;297600;365684636;NO;Destinatario da nota, caso seja contribuinte com IE.;FK_CON_R_NOT_FIS_DES (FOREIGN KEY: ENABLED)
exaprod;SITRAM2;NOTA_FISCAL;Nota Fiscal (vers?o oficial) do SITRAM.;457615597;N;30;SEQ_CONTRIBUINTE_EMI;NUMBER;22;Y;0;3;66784;250825441;NO;Emitente da nota, caso seja contribuinte com IE.;FK_CON_R_NOT_FIS_EMI (FOREIGN KEY: ENABLED)
exaprod;SITRAM2;NOTA_FISCAL;Nota Fiscal (vers?o oficial) do SITRAM.;457615597;N;56;SEQ_FRETE_AUTONOMO;NUMBER;22;Y;0;2;41628;457558087;NO;Identificador único de instância de frete autônomo.;FK_FRETE_AUT_R_NOTA_FIS (FOREIGN KEY: ENABLED)
exaprod;SITRAM2;NOTA_FISCAL;Nota Fiscal (vers?o oficial) do SITRAM.;457615597;N;67;SEQ_MANIFESTO_CARGA;NUMBER;22;Y;0;9;11216896;84569090;NO;Identificador único de instância de Manifesto de Carga.;FK_NOT_FIS_R_MAN_CAR (FOREIGN KEY: ENABLED)
exaprod;SITRAM2;NOTA_FISCAL;Nota Fiscal (vers?o oficial) do SITRAM.;457615597;N;1;SEQ_NOTA_FISCAL;NUMBER;22;N;0;9;457615597;0;NO;Identificador unico de instancia de Nota Fiscal.;PK_NOTA_FISCAL (PRIMARY KEY: ENABLED)- SYS_C001506629 (C: ENABLED)
exaprod;SITRAM2;NOTA_FISCAL;Nota Fiscal (vers?o oficial) do SITRAM.;457615597;N;7;SEQ_PAIS;NUMBER;22;Y;0;2;230;456242751;NO;Pais importador ou exportador da mercadoria.;FK_PAI_R_NOT_FIS (FOREIGN KEY: ENABLED)
exaprod;SITRAM2;NOTA_FISCAL;Nota Fiscal (vers?o oficial) do SITRAM.;457615597;N;74;SEQ_USUARIO_WEB;NUMBER;22;Y;0;0;0;457615597;NO;Seq do usuário da internet; (: )
exaprod;SITRAM2;NOTA_FISCAL;Nota Fiscal (vers?o oficial) do SITRAM.;457615597;N;41;STA_ALTERACAO;NUMBER;22;N;0;3;2;0;NO;Indica se a nota fiscal foi alterada. As mudancas de status n?o devem alterar esse indicador, e sim qualquer mudanca de campo na nota ou nos seus itens.;CKC_STA_ALT_NOT_FIS (C: ENABLED)- SYS_C001506637 (C: ENABLED)
exaprod;SITRAM2;NOTA_FISCAL;Nota Fiscal (vers?o oficial) do SITRAM.;457615597;N;79;STA_ALTERADA;NUMBER;22;Y;0;2;1;457554297;NO;Indica se a nota fiscal teve os campos awb e container do cte alterados.; (: )
exaprod;SITRAM2;NOTA_FISCAL;Nota Fiscal (vers?o oficial) do SITRAM.;457615597;N;77;STA_CONTAINER_MANUAL;NUMBER;22;Y;0;2;2;239721052;NO;Status para indicar que container foi inserido manualmente; (: )
exaprod;SITRAM2;NOTA_FISCAL;Nota Fiscal (vers?o oficial) do SITRAM.;457615597;N;20;STA_CRED_ORIGEM;NUMBER;22;N;0;3;2;0;NO;Indica se credito de origem veio retido.;CKC_STA_CRE_ORI_NOT_FIS (C: ENABLED)- SYS_C001506634 (C: ENABLED)
exaprod;SITRAM2;NOTA_FISCAL;Nota Fiscal (vers?o oficial) do SITRAM.;457615597;N;38;STA_DEVOLUCAO_TOTAL;NUMBER;22;Y;0;2;1;457615589;NO;Indica se, em alguma operac?o de devoluc?o, a nota foi totalmente devolvida.;CKC_STA_DEV_TOT_NOT_FIS (C: ENABLED)
exaprod;SITRAM2;NOTA_FISCAL;Nota Fiscal (vers?o oficial) do SITRAM.;457615597;N;59;STA_ENTREGUE;NUMBER;22;Y;0;3;2;1887;NO;Indica que a nota fiscal foi entregue; (: )
exaprod;SITRAM2;NOTA_FISCAL;Nota Fiscal (vers?o oficial) do SITRAM.;457615597;N;65;STA_MANTER_CRED_T;NUMBER;22;Y;0;2;2;457391178;NO;Se verdadeiro, indica que serão mantidos os lançamentos para a transportadora que possui o Cred-T; (: )
exaprod;SITRAM2;NOTA_FISCAL;Nota Fiscal (vers?o oficial) do SITRAM.;457615597;N;44;STA_NFE_ALTERADA;NUMBER;22;Y;0;2;2;636572;NO;Indica se a NFE carregada na Nota fiscal foi alterada.;CKC_STA_NFE_ALT_NOT_FIS (C: ENABLED)
exaprod;SITRAM2;NOTA_FISCAL;Nota Fiscal (vers?o oficial) do SITRAM.;457615597;N;62;STA_NFE_CARTA_CORRECAO;NUMBER;22;Y;0;2;2;21641763;NO;Indica que a NF-e possui carta de correção.;CKC_STA_NFE_CARTA_CORRECAO (C: ENABLED)
exaprod;SITRAM2;NOTA_FISCAL;Nota Fiscal (vers?o oficial) do SITRAM.;457615597;N;43;STA_NFE_PASSAGEM;NUMBER;22;Y;0;3;3;776322;NO;Indica se a passagem da NFE foi realizada com sucesso a partir do SITRAM.;CKC_STA_NFE_PAS_NOT_FIS (C: ENABLED)
exaprod;SITRAM2;NOTA_FISCAL;Nota Fiscal (vers?o oficial) do SITRAM.;457615597;N;12;STA_NOTA_FISCAL;NUMBER;22;N;0;4;10;0;NO;Situac?o em que a Nota Fiscal se encontra;CKC_STA_NOT_FIS_NOT_FIS (C: ENABLED)- SYS_C001506632 (C: ENABLED)
exaprod;SITRAM2;NOTA_FISCAL;Nota Fiscal (vers?o oficial) do SITRAM.;457615597;N;47;STA_RETORNO;NUMBER;22;N;0;3;2;0;NO;Indica se a nota fiscal e de retorno;CKC_STA_RET_NOT_FIS (C: ENABLED)- SYS_C001506638 (C: ENABLED)
exaprod;SITRAM2;NOTA_FISCAL;Nota Fiscal (vers?o oficial) do SITRAM.;457615597;N;36;STA_SELADA;NUMBER;22;Y;0;3;2;1899;NO;Indica se nota fiscal foi ou n?o selada;CKC_STA_SEL_NOT_FIS (C: ENABLED)
exaprod;SITRAM2;NOTA_FISCAL;Nota Fiscal (vers?o oficial) do SITRAM.;457615597;N;78;STA_TIPO_DIGITACAO;NUMBER;22;Y;0;2;2;254885646;NO;Indica se a nota foi selada de forma manual (digitada) ou automática (pelo processamento).; (: )
exaprod;SITRAM2;NOTA_FISCAL;Nota Fiscal (vers?o oficial) do SITRAM.;457615597;N;75;TIP_ALTER_CONTRIB;NUMBER;22;Y;0;2;2;95487335;NO;Tipo de alteração contribuinte se O-Nao contribuinte e 1-Contribunte que alterou; (: )
exaprod;SITRAM2;NOTA_FISCAL;Nota Fiscal (vers?o oficial) do SITRAM.;457615597;N;24;TIP_DESTINATARIO;NUMBER;22;Y;0;3;3;586440;NO;Tipo do destinatario: PF, PJ sem CGF e PJ com CGF.;CKC_TIP_DES_NOT_FIS (C: ENABLED)
exaprod;SITRAM2;NOTA_FISCAL;Nota Fiscal (vers?o oficial) do SITRAM.;457615597;N;21;TIP_EMITENTE;NUMBER;22;Y;0;3;3;711959;NO;Tipo do emitente: PF, PJ sem CGF e PJ com CGF.;CKC_TIP_EMI_NOT_FIS (C: ENABLED)
exaprod;SITRAM2;NOTA_FISCAL;Nota Fiscal (vers?o oficial) do SITRAM.;457615597;N;9;TIP_MODELO_DOCUMENTO;NUMBER;22;Y;0;4;13;0;NO;Modelo do documento, como por exemplo, Nota Fiscal Modelo 1.;CKC_TIP_MOD_DOC_NOT_FIS (C: ENABLED)
exaprod;SITRAM2;NOTA_FISCAL;Nota Fiscal (vers?o oficial) do SITRAM.;457615597;N;35;TIP_ORIGEM;NUMBER;22;Y;0;3;2;0;NO;Origem das informac?es da Nota Fiscal.;CKC_TIP_ORI_NOT_FIS (C: ENABLED)
exaprod;SITRAM2;NOTA_FISCAL;Nota Fiscal (vers?o oficial) do SITRAM.;457615597;N;60;TXT_CPL_INFO_ADIC;VARCHAR2;4000;Y;;246;257130496;48968168;NO;Informação complementar da NF-e; (: )
exaprod;SITRAM2;NOTA_FISCAL;Nota Fiscal (vers?o oficial) do SITRAM.;457615597;N;64;TXT_FISCO_INFO_ADIC;VARCHAR2;2000;Y;;41;19539968;331129395;NO;Informação complementar da NF-e com informações de interesse ao fisco ; (: )
exaprod;SITRAM2;NOTA_FISCAL;Nota Fiscal (vers?o oficial) do SITRAM.;457615597;N;18;VLR_BC;NUMBER;22;Y;6;4;7680000;490554;NO;Valor total da Base de Calculo do imposto, informada na NF.; (: )
exaprod;SITRAM2;NOTA_FISCAL;Nota Fiscal (vers?o oficial) do SITRAM.;457615597;N;16;VLR_BC_SUBSTITUICAO;NUMBER;22;Y;2;3;2785792;1058574;NO;Base de Calculo de Substituic?o Tributaria informada na NF.; (: )
exaprod;SITRAM2;NOTA_FISCAL;Nota Fiscal (vers?o oficial) do SITRAM.;457615597;N;50;VLR_DESCONTO;NUMBER;22;Y;2;3;1006336;7698161;NO;; (: )
exaprod;SITRAM2;NOTA_FISCAL;Nota Fiscal (vers?o oficial) do SITRAM.;457615597;N;54;VLR_FRETE;NUMBER;22;Y;2;3;370880;7710620;NO;; (: )
exaprod;SITRAM2;NOTA_FISCAL;Nota Fiscal (vers?o oficial) do SITRAM.;457615597;N;19;VLR_ICMS_DEST;NUMBER;22;Y;2;4;2207232;458861;NO;Valor Total do ICMS calculado para a Nota Fiscal.; (: )
exaprod;SITRAM2;NOTA_FISCAL;Nota Fiscal (vers?o oficial) do SITRAM.;457615597;N;53;VLR_ICMS_SEGURO;NUMBER;22;Y;2;2;39712;7712733;NO;; (: )
exaprod;SITRAM2;NOTA_FISCAL;Nota Fiscal (vers?o oficial) do SITRAM.;457615597;N;17;VLR_ICMS_SUBST;NUMBER;22;Y;2;3;1085824;1082644;NO;ICMS calculado com codigo de receita de substituic?o.; (: )
exaprod;SITRAM2;NOTA_FISCAL;Nota Fiscal (vers?o oficial) do SITRAM.;457615597;N;70;VLR_ICMS_UF_DEST;NUMBER;22;Y;2;2;408000;248964841;NO;Valor do ICMS de partilha para a UF do destinatário; (: )
exaprod;SITRAM2;NOTA_FISCAL;Nota Fiscal (vers?o oficial) do SITRAM.;457615597;N;71;VLR_ICMS_UF_REMET;NUMBER;22;Y;2;2;60368;264988460;NO;Valor do ICMS de partilha para a UF do remetente.; (: )
exaprod;SITRAM2;NOTA_FISCAL;Nota Fiscal (vers?o oficial) do SITRAM.;457615597;N;55;VLR_IPI;NUMBER;22;Y;2;3;1002496;9335813;NO;Valor do IPI.; (: )
exaprod;SITRAM2;NOTA_FISCAL;Nota Fiscal (vers?o oficial) do SITRAM.;457615597;N;15;VLR_OUT_DESP;NUMBER;22;Y;2;3;294560;1079689;NO;Valor de Outras Despesas que entra para a base de calculo.; (: )
exaprod;SITRAM2;NOTA_FISCAL;Nota Fiscal (vers?o oficial) do SITRAM.;457615597;N;13;VLR_TOTAL_NOTA;NUMBER;22;N;2;5;9086976;0;NO;Valor Total da Nota Fiscal.;SYS_C001506633 (C: ENABLED)
exaprod;SITRAM2;NOTA_FISCAL;Nota Fiscal (vers?o oficial) do SITRAM.;457615597;N;14;VLR_TOTAL_PRODUTOS;NUMBER;22;Y;2;5;8938496;317731;NO;Valor Total dos Produtos que foram digitados na Nota Fiscal.; (: )
exaprod;SITRAM2;NOTA_FISCAL_ECOMMERCE;Tabela para guardar as NFEs provenientes do NFE-Integrações para o projeto de Selagem E-Commerce.;109244949;N;5;DAT_EMISSAO;DATE;7;N;;8;7673;0;NO;Data de emissão na nota, deve ser preenchida pelo DFE integrações.;SYS_C001543669 (C: ENABLED)
exaprod;SITRAM2;NOTA_FISCAL_ECOMMERCE;Tabela para guardar as NFEs provenientes do NFE-Integrações para o projeto de Selagem E-Commerce.;109244949;N;3;DAT_ENVIO_FILA;DATE;7;Y;;3;6627328;88776763;NO;Data/hora do envio para processamento na fila.; (: )
exaprod;SITRAM2;NOTA_FISCAL_ECOMMERCE;Tabela para guardar as NFEs provenientes do NFE-Integrações para o projeto de Selagem E-Commerce.;109244949;N;11;DAT_EXECUCAO;DATE;7;Y;;2;450304;95647245;NO;Data/hora de execucao pelo job/sp.; (: )
exaprod;SITRAM2;NOTA_FISCAL_ECOMMERCE;Tabela para guardar as NFEs provenientes do NFE-Integrações para o projeto de Selagem E-Commerce.;109244949;N;4;DAT_INCLUSAO;DATE;7;N;;8;43577344;0;NO;Data/hora da inclusão da nota fiscal ecommerce, oriunda do NFE-integrações;SYS_C001543668 (C: ENABLED)
exaprod;SITRAM2;NOTA_FISCAL_ECOMMERCE;Tabela para guardar as NFEs provenientes do NFE-Integrações para o projeto de Selagem E-Commerce.;109244949;N;10;DSC_ERRO;VARCHAR2;100;Y;;2;1403;109237623;NO;Descrição do erro de incorporação da NF; (: )
exaprod;SITRAM2;NOTA_FISCAL_ECOMMERCE;Tabela para guardar as NFEs provenientes do NFE-Integrações para o projeto de Selagem E-Commerce.;109244949;N;6;NOM_USUARIO_INCLUSAO;VARCHAR2;100;N;;5;2;0;NO;Usuário que fez a inclusão da nota, usuário do DFE.;SYS_C001543670 (C: ENABLED)
exaprod;SITRAM2;NOTA_FISCAL_ECOMMERCE;Tabela para guardar as NFEs provenientes do NFE-Integrações para o projeto de Selagem E-Commerce.;109244949;N;2;NUM_CHAVE;VARCHAR2;100;N;;45;88907776;0;NO;Refere-se à chave da nota fiscal.;SYS_C001543667 (C: ENABLED)
exaprod;SITRAM2;NOTA_FISCAL_ECOMMERCE;Tabela para guardar as NFEs provenientes do NFE-Integrações para o projeto de Selagem E-Commerce.;109244949;N;9;SEQ_ACAO_FISCAL;NUMBER;22;Y;0;3;19505152;89477376;NO;;FK_ACA_FIS_R_NOT_FIS_ECOM (FOREIGN KEY: ENABLED)
exaprod;SITRAM2;NOTA_FISCAL_ECOMMERCE;Tabela para guardar as NFEs provenientes do NFE-Integrações para o projeto de Selagem E-Commerce.;109244949;N;1;SEQ_NOTA_FISCAL_ECOMMERCE;NUMBER;22;N;0;7;109244949;0;NO;Identificador único de instância de Nota Fiscal de E-commerce;PK_NOTA_FISCAL_ECOMMERCE (PRIMARY KEY: ENABLED)- SYS_C001543666 (C: ENABLED)
exaprod;SITRAM2;NOTA_FISCAL_ECOMMERCE;Tabela para guardar as NFEs provenientes do NFE-Integrações para o projeto de Selagem E-Commerce.;109244949;N;8;SEQ_NOTA_FISCAL_FILA;NUMBER;22;Y;0;2;48432;109196400;NO;Chave estrangeira para informar a linha da NOTA_FISCAL_FILA em que a nota e-commerce será processada.;FK_NOTA_FIS_FK_NOT_FI_NOTA_FIS (FOREIGN KEY: ENABLED)
exaprod;SITRAM2;NOTA_FISCAL_ECOMMERCE;Tabela para guardar as NFEs provenientes do NFE-Integrações para o projeto de Selagem E-Commerce.;109244949;N;7;STA_NOTA_FISCAL_ECOMMERCE;NUMBER;22;N;;3;8;0;NO;"Status da Nota Fiscal. 
0 - Inicial (ainda não avaliada)
1 - Enviada para processamento
2 - NFe Cancelada
3 - Selada no SITRAM
4 - Destinatario Contribuinte
5 - Destinatario sem CPF/CNPJ
9 - Erro";CKC_STA_NOTA_FISCAL_E_NOTA_FIS (C: ENABLED)- SYS_C001543671 (C: ENABLED)
exaprod;SITRAM2;NOTA_FISCAL_EVENTO;Registro de mudanca de status da Nota Fiscal;1428835699;N;4;COD_ORGAO_LOCAL;NUMBER;22;Y;0;5;93;348324154;NO;Org?o Local onde o evento ocorreu.;FK_ORG_LOC_R_NOT_FIS_EVE (FOREIGN KEY: ENABLED)
exaprod;SITRAM2;NOTA_FISCAL_EVENTO;Registro de mudanca de status da Nota Fiscal;1428835699;N;5;DAT_EVENTO;DATE;7;N;;8;218972160;0;NO;Data/Hora da ocorrencia do evento.;SYS_C00190330 (C: ENABLED)
exaprod;SITRAM2;NOTA_FISCAL_EVENTO;Registro de mudanca de status da Nota Fiscal;1428835699;N;2;SEQ_NOTA_FISCAL;NUMBER;22;N;0;9;450101248;0;NO;Identificador unico da Nota Fiscal do evento;FK_NOT_FIS_R_NOT_FIS_EVE (FOREIGN KEY: ENABLED)- SYS_C00190328 (C: ENABLED)
exaprod;SITRAM2;NOTA_FISCAL_EVENTO;Registro de mudanca de status da Nota Fiscal;1428835699;N;1;SEQ_NOTA_FISCAL_EVENTO;NUMBER;22;N;0;11;1428835699;0;NO;Identificador unico de evento da nota fiscal.;PK_NOTA_FISCAL_EVENTO (PRIMARY KEY: ENABLED)- SYS_C00190327 (C: ENABLED)
exaprod;SITRAM2;NOTA_FISCAL_EVENTO;Registro de mudanca de status da Nota Fiscal;1428835699;N;3;SEQ_USUARIO;NUMBER;22;Y;0;5;4230;420699379;NO;Usuario autor do evento. Quando NULL significa que foi uma ac?o disparada pelo proprio sistema.;FK_USU_R_NOT_FIS_EVE (FOREIGN KEY: ENABLED)
exaprod;SITRAM2;NOTA_FISCAL_EVENTO;Registro de mudanca de status da Nota Fiscal;1428835699;N;7;STA_NOTA_FISCAL;NUMBER;22;N;0;4;10;0;NO;Situac?o em que ficou a nota fiscal, apos a ac?o do usuario.;CKC_STA_NOT_FIS_NOT_FIS_EVE (C: ENABLED)- SYS_C00190332 (C: ENABLED)
exaprod;SITRAM2;NOTA_FISCAL_EVENTO;Registro de mudanca de status da Nota Fiscal;1428835699;N;8;TIP_EVENTO;NUMBER;22;Y;0;2;41;764331244;NO;Tipo do Evento da nota fiscal.; (: )
exaprod;SITRAM2;NOTA_FISCAL_EVENTO;Registro de mudanca de status da Nota Fiscal;1428835699;N;6;TXT_EVENTO;VARCHAR2;512;N;;51;102014976;0;NO;Texto explicativo do evento.;SYS_C00190331 (C: ENABLED)
exaprod;SITRAM2;NOTA_FISCAL_FILA;Tabela criada para gerenciar a fila de nota fiscal;318659836;N;9;COD_CONFIG_ORGAO;NUMBER;22;Y;0;3;1;10;NO;Código do Posto ou outro Órgão Local que tenha base de dados local.;FK_NOT_FIS_FIL_R_ACE (FOREIGN KEY: ENABLED)
exaprod;SITRAM2;NOTA_FISCAL_FILA;Tabela criada para gerenciar a fila de nota fiscal;318659836;N;10;COD_ORGAO_LOCAL;NUMBER;22;Y;0;6;45;51878;NO;CÓDIGO DO ÓRGÃO LOCAL;FK_NOT_FIS_FIL_R_ORG_LOC (FOREIGN KEY: ENABLED)
exaprod;SITRAM2;NOTA_FISCAL_FILA;Tabela criada para gerenciar a fila de nota fiscal;318659836;N;13;DAT_FIM_PROCESSAMENTO;DATE;7;Y;;8;47976448;1943867;NO;Data fim do processamento; (: )
exaprod;SITRAM2;NOTA_FISCAL_FILA;Tabela criada para gerenciar a fila de nota fiscal;318659836;N;4;DAT_INCLUSAO;DATE;7;N;;8;32174080;0;NO;Data/Hora da ocorrência do evento.;SYS_C001526331 (C: ENABLED)
exaprod;SITRAM2;NOTA_FISCAL_FILA;Tabela criada para gerenciar a fila de nota fiscal;318659836;N;12;DAT_INICIO_PROCESSAMENTO;DATE;7;Y;;8;43520000;1889834;NO;Data Inicio de processamento.; (: )
exaprod;SITRAM2;NOTA_FISCAL_FILA;Tabela criada para gerenciar a fila de nota fiscal;318659836;N;16;DSC_ERRO;VARCHAR2;1024;Y;;2;376608;315144504;NO;Descrição do erro; (: )
exaprod;SITRAM2;NOTA_FISCAL_FILA;Tabela criada para gerenciar a fila de nota fiscal;318659836;N;14;NOM_HOSTNAME;VARCHAR2;50;Y;;41;34;232667;NO;Nome do servidor onde foi processado por ultimo; (: )
exaprod;SITRAM2;NOTA_FISCAL_FILA;Tabela criada para gerenciar a fila de nota fiscal;318659836;N;6;NUM_CHAVE;VARCHAR2;100;Y;;45;301268992;39617;NO;Refere-se à chave da nota fiscal; (: )
exaprod;SITRAM2;NOTA_FISCAL_FILA;Tabela criada para gerenciar a fila de nota fiscal;318659836;N;15;QTD_TENTATIVAS_PROCESSAMENTO;NUMBER;22;Y;0;3;341;228830;NO;Quantidade de tentativas de processamento; (: )
exaprod;SITRAM2;NOTA_FISCAL_FILA;Tabela criada para gerenciar a fila de nota fiscal;318659836;N;2;SEQ_ACAO_FISCAL;NUMBER;22;N;0;8;28248064;0;NO;Identificador único de instância de Ação Fiscal.;FK_NOT_FIS_FIL_R_ACA_FIS (FOREIGN KEY: ENABLED)- SYS_C001526330 (C: ENABLED)
exaprod;SITRAM2;NOTA_FISCAL_FILA;Tabela criada para gerenciar a fila de nota fiscal;318659836;N;8;SEQ_ACESSO;NUMBER;22;Y;0;7;24199168;10;NO;Identificador da última alteração na tabela de acesso do SISSEG.;FK_NOT_FIS_FIL_R_ACE (FOREIGN KEY: ENABLED)
exaprod;SITRAM2;NOTA_FISCAL_FILA;Tabela criada para gerenciar a fila de nota fiscal;318659836;N;11;SEQ_CONHECIM_TRANSP;NUMBER;22;Y;0;9;232194048;38179268;NO;Identificador único de instância de Conhecimento de Transporte.;FK_NOT_FIS_FIL_R_CON_TRA (FOREIGN KEY: ENABLED)
exaprod;SITRAM2;NOTA_FISCAL_FILA;Tabela criada para gerenciar a fila de nota fiscal;318659836;N;7;SEQ_MANIFESTO_CARGA;NUMBER;22;Y;0;10;5783040;30750649;NO;Identificador único de instância de Manifesto de Carga.;FK_NOT_FIS_FIL_R_MAN_CAR (FOREIGN KEY: ENABLED)
exaprod;SITRAM2;NOTA_FISCAL_FILA;Tabela criada para gerenciar a fila de nota fiscal;318659836;N;3;SEQ_NOTA_FISCAL;NUMBER;22;Y;0;9;312737792;3198615;NO;Identificador único de instância de Nota Fiscal.;FK_NOT_FIS_FIL_R_NOT_FIS (FOREIGN KEY: ENABLED)
exaprod;SITRAM2;NOTA_FISCAL_FILA;Tabela criada para gerenciar a fila de nota fiscal;318659836;N;1;SEQ_NOTA_FISCAL_FILA;NUMBER;22;N;0;7;318659836;0;NO;Identificador único da tabela nota fiscal fila;PK_NOTA_FISCAL_FILA (PRIMARY KEY: ENABLED)- SYS_C001526329 (C: ENABLED)
exaprod;SITRAM2;NOTA_FISCAL_FILA;Tabela criada para gerenciar a fila de nota fiscal;318659836;N;5;STA_NOTA_FISCAL_FILA;NUMBER;22;N;0;3;7;0;NO;situacao da nota;SYS_C001526332 (C: ENABLED)
exaprod;SITRAM2;NOTA_FISCAL_HIST;Histórico da Nota Fiscal;1407574026;N;60;COD_BARRAS_AUX;VARCHAR2;36;Y;;2;178960;1406853053;NO;"código de barras auxiliar do DANFE de 36 caracteres que tem a seguinte composição:
                                           UF  tpEmis  CNPJ   vNF    ICMSp    ICMSs     DD   DV
Quantidade de caracteres  02      01      14         14       01            01        02    01"; (: )
exaprod;SITRAM2;NOTA_FISCAL_HIST;Histórico da Nota Fiscal;1407574026;N;73;COD_CAE_PRIM_EMI;NUMBER;22;Y;0;0;0;1407574026;NO;Código de Atividade Econômica; (: )
exaprod;SITRAM2;NOTA_FISCAL_HIST;Histórico da Nota Fiscal;1407574026;N;12;COD_CFOP;NUMBER;22;Y;0;4;431;0;NO;CFOP da Nota Fiscal,; (: )
exaprod;SITRAM2;NOTA_FISCAL_HIST;Histórico da Nota Fiscal;1407574026;N;11;COD_CONFIG_ORGAO;NUMBER;22;Y;0;3;1;372919534;NO;Código do Posto ou outro Órgão Local que tenha base de dados local.; (: )
exaprod;SITRAM2;NOTA_FISCAL_HIST;Histórico da Nota Fiscal;1407574026;N;63;COD_CPF_RESP_RECEB;NUMBER;22;Y;0;0;0;1407574026;NO;CPF da pessoa que recebeu a nota fiscal na unidade fiscal.; (: )
exaprod;SITRAM2;NOTA_FISCAL_HIST;Histórico da Nota Fiscal;1407574026;N;43;COD_CRT;NUMBER;22;Y;0;3;4;2019723;NO;Código do CRT.; (: )
exaprod;SITRAM2;NOTA_FISCAL_HIST;Histórico da Nota Fiscal;1407574026;N;34;COD_DESTINATARIO;NUMBER;22;Y;0;8;23662592;1497942;NO;CPF, CNPJ ou IE do destinatário.; (: )
exaprod;SITRAM2;NOTA_FISCAL_HIST;Histórico da Nota Fiscal;1407574026;N;76;COD_DESTINATARIO_A;VARCHAR2;14;Y;;2;3955712;1371488216;NO;CNPJ no formato alfanumerico conforme o novo padrao; (: )
exaprod;SITRAM2;NOTA_FISCAL_HIST;Histórico da Nota Fiscal;1407574026;N;31;COD_EMITENTE;NUMBER;22;Y;0;9;1159168;2243093;NO;CPF, CNPJ ou IE do emitente.; (: )
exaprod;SITRAM2;NOTA_FISCAL_HIST;Histórico da Nota Fiscal;1407574026;N;77;COD_EMITENTE_A;VARCHAR2;14;Y;;2;395264;1371516206;NO;CNPJ no formato alfanumerico conforme o novo padrao; (: )
exaprod;SITRAM2;NOTA_FISCAL_HIST;Histórico da Nota Fiscal;1407574026;N;39;COD_ORGAO_LOCAL;NUMBER;22;N;0;6;68;0;NO;Código do órgão local onde a nota fiscal foi digitada ou incorporada.;SYS_C001506579 (C: ENABLED)
exaprod;SITRAM2;NOTA_FISCAL_HIST;Histórico da Nota Fiscal;1407574026;N;40;COD_UF_DESTINATARIO;NUMBER;22;Y;0;3;28;0;NO;UF do destinatário.; (: )
exaprod;SITRAM2;NOTA_FISCAL_HIST;Histórico da Nota Fiscal;1407574026;N;41;COD_UF_EMITENTE;NUMBER;22;Y;0;3;28;0;NO;UF do emitente.; (: )
exaprod;SITRAM2;NOTA_FISCAL_HIST;Histórico da Nota Fiscal;1407574026;N;17;DAT_EMISSAO;DATE;7;N;;8;136626176;0;NO;Data de Emissão da Nota Fiscal.;SYS_C001506575 (C: ENABLED)
exaprod;SITRAM2;NOTA_FISCAL_HIST;Histórico da Nota Fiscal;1407574026;N;71;DAT_FATO_GERADOR;DATE;7;Y;;8;98426880;0;NO;Data do fato gerador; (: )
exaprod;SITRAM2;NOTA_FISCAL_HIST;Histórico da Nota Fiscal;1407574026;N;9;DAT_INCLUSAO;DATE;7;N;;8;103997440;0;NO;Data de inclusão da Nota Fiscal no sistema.;SYS_C001506573 (C: ENABLED)
exaprod;SITRAM2;NOTA_FISCAL_HIST;Histórico da Nota Fiscal;1407574026;N;2;DAT_MOVIMENTO;DATE;7;N;;8;190660608;0;NO;Data em que houve a alteração da nota fiscal;SYS_C001506570 (C: ENABLED)
exaprod;SITRAM2;NOTA_FISCAL_HIST;Histórico da Nota Fiscal;1407574026;N;51;DSC_JUSTIFICATIVA_ALTERACAO;VARCHAR2;1024;Y;;2;350624;1406318886;NO;Justificativa de alteração da nota cuja ação esteja homologada; (: )
exaprod;SITRAM2;NOTA_FISCAL_HIST;Histórico da Nota Fiscal;1407574026;N;50;DSC_JUSTIFICATIVA_RETORNO;VARCHAR2;1024;Y;;0;0;1407574026;NO;Justificativa de retorno da Nota Fiscal; (: )
exaprod;SITRAM2;NOTA_FISCAL_HIST;Histórico da Nota Fiscal;1407574026;N;52;DSC_JUSTIFICATIVA_STATUS;VARCHAR2;1024;Y;;2;353056;1393578355;NO;Justificativa de mudança de situação da nota fiscal, para alguns casos, como retida, liberada, autuada e rejeitada.; (: )
exaprod;SITRAM2;NOTA_FISCAL_HIST;Histórico da Nota Fiscal;1407574026;N;35;NOM_DESTINATARIO;VARCHAR2;60;Y;;28;30896128;46353;NO;Nome do destinatário.; (: )
exaprod;SITRAM2;NOTA_FISCAL_HIST;Histórico da Nota Fiscal;1407574026;N;32;NOM_EMITENTE;VARCHAR2;60;Y;;32;1538048;90356;NO;Nome do emitente.; (: )
exaprod;SITRAM2;NOTA_FISCAL_HIST;Histórico da Nota Fiscal;1407574026;N;8;NOM_EMPRESA_EXTERNA;VARCHAR2;60;Y;;2;47256;1403833474;NO;Nome da empresa importadora ou exportadora. Utilizada apenas nas operações de importação ou exportação.; (: )
exaprod;SITRAM2;NOTA_FISCAL_HIST;Histórico da Nota Fiscal;1407574026;N;64;NOM_RESP_RECEB;VARCHAR2;60;Y;;0;0;1407574026;NO;Nome da pessoa que recebeu a nota fiscal na unidade fiscal.; (: )
exaprod;SITRAM2;NOTA_FISCAL_HIST;Histórico da Nota Fiscal;1407574026;N;58;NUM_AUTO_INFRACAO;NUMBER;22;Y;0;2;12529;1407519771;NO;Número do auto de infração.; (: )
exaprod;SITRAM2;NOTA_FISCAL_HIST;Histórico da Nota Fiscal;1407574026;N;49;NUM_CONTRATO_COMODATO;VARCHAR2;20;Y;;0;0;1407574026;NO;Número de Contrato para Nota Fiscal de Remessa de Bem Comodato.; (: )
exaprod;SITRAM2;NOTA_FISCAL_HIST;Histórico da Nota Fiscal;1407574026;N;54;NUM_DANFE;VARCHAR2;100;Y;;45;400850944;1065541;NO;ID da NFE, chave de acesso; (: )
exaprod;SITRAM2;NOTA_FISCAL_HIST;Histórico da Nota Fiscal;1407574026;N;47;NUM_DEVOLUCOES;NUMBER;22;Y;0;2;1;33891;NO;Número de vezes que a Nota Fiscal apareceu em operações de devolução.; (: )
exaprod;SITRAM2;NOTA_FISCAL_HIST;Histórico da Nota Fiscal;1407574026;N;61;NUM_FORM_SEGURANCA;NUMBER;22;Y;0;2;3474;1407560245;NO;"Formulários de Segurança - Documento Auxiliar - FS-DA - o número de
formulário representado em código de barras."; (: )
exaprod;SITRAM2;NOTA_FISCAL_HIST;Histórico da Nota Fiscal;1407574026;N;66;NUM_IEST;NUMBER;22;Y;0;3;36672;1068303902;NO;Inscrição Estadual do Substituto Tributário do Emitente; (: )
exaprod;SITRAM2;NOTA_FISCAL_HIST;Histórico da Nota Fiscal;1407574026;N;14;NUM_NOTA_FISCAL;NUMBER;22;N;0;6;35860480;0;NO;Número da Nota Fiscal.;SYS_C001506574 (C: ENABLED)
exaprod;SITRAM2;NOTA_FISCAL_HIST;Histórico da Nota Fiscal;1407574026;N;16;NUM_SERIE;VARCHAR2;4;Y;;3;1286;19002;NO;Número de série da Nota Fiscal.; (: )
exaprod;SITRAM2;NOTA_FISCAL_HIST;Histórico da Nota Fiscal;1407574026;N;57;NUM_TERMO_RETENCAO;NUMBER;22;Y;0;2;15324;1407459723;NO;Número do termo de retenção.; (: )
exaprod;SITRAM2;NOTA_FISCAL_HIST;Histórico da Nota Fiscal;1407574026;N;72;NUM_TOAF;NUMBER;22;Y;0;0;0;1407574026;NO;Número do Termo de Ocorrência de Ação Fiscal.; (: )
exaprod;SITRAM2;NOTA_FISCAL_HIST;Histórico da Nota Fiscal;1407574026;N;6;SEQ_ACAO_FISCAL;NUMBER;22;Y;0;8;35745792;17;NO;Identificador da Ação Fiscal à qual a Nota faz parte.; (: )
exaprod;SITRAM2;NOTA_FISCAL_HIST;Histórico da Nota Fiscal;1407574026;N;10;SEQ_ACESSO;NUMBER;22;Y;0;5;31299584;407289847;NO;Identificador da última alteração na tabela de acesso do SISSEG.; (: )
exaprod;SITRAM2;NOTA_FISCAL_HIST;Histórico da Nota Fiscal;1407574026;N;36;SEQ_AUTOR;NUMBER;22;Y;0;6;1337;0;NO;Autor da Nota Fiscal; (: )
exaprod;SITRAM2;NOTA_FISCAL_HIST;Histórico da Nota Fiscal;1407574026;N;7;SEQ_CONHECIM_TRANSP;NUMBER;22;Y;0;9;302186496;185820131;NO;Identificador do Conhecimento ao qual a Nota pode pertencer.; (: )
exaprod;SITRAM2;NOTA_FISCAL_HIST;Histórico da Nota Fiscal;1407574026;N;38;SEQ_CONTRIBUINTE_DES;NUMBER;22;Y;0;2;277888;1063085068;NO;Destinatário da nota, caso seja contribuinte com IE.; (: )
exaprod;SITRAM2;NOTA_FISCAL_HIST;Histórico da Nota Fiscal;1407574026;N;37;SEQ_CONTRIBUINTE_EMI;NUMBER;22;Y;0;3;58704;829347357;NO;Emitente da nota, caso seja contribuinte com IE.; (: )
exaprod;SITRAM2;NOTA_FISCAL_HIST;Histórico da Nota Fiscal;1407574026;N;42;SEQ_FRETE_AUTONOMO;NUMBER;22;Y;0;2;28944;1407471652;NO;Identificador único de instância de frete autônomo.; (: )
exaprod;SITRAM2;NOTA_FISCAL_HIST;Histórico da Nota Fiscal;1407574026;N;44;SEQ_MANIFESTO_CARGA;NUMBER;22;Y;0;10;11175936;144382107;NO;Identificador único de instância de Manifesto de Carga.; (: )
exaprod;SITRAM2;NOTA_FISCAL_HIST;Histórico da Nota Fiscal;1407574026;N;5;SEQ_NOTA_FISCAL;NUMBER;22;N;0;9;414187520;0;NO;Identificador único de instância de Nota Fiscal.;SYS_C001506572 (C: ENABLED)
exaprod;SITRAM2;NOTA_FISCAL_HIST;Histórico da Nota Fiscal;1407574026;N;1;SEQ_NOTA_FISCAL_HIST;NUMBER;22;N;0;7;1407574026;0;NO;Identificador único de instância de Histórico da Nota Fiscal.;PK_NOTA_FISCAL_HIST (PRIMARY KEY: ENABLED)- SYS_C001506569 (C: ENABLED)
exaprod;SITRAM2;NOTA_FISCAL_HIST;Histórico da Nota Fiscal;1407574026;N;13;SEQ_PAIS;NUMBER;22;Y;0;2;224;1403833480;NO;País importador ou exportador da mercadoria.; (: )
exaprod;SITRAM2;NOTA_FISCAL_HIST;Histórico da Nota Fiscal;1407574026;N;4;SEQ_USUARIO_HIST;NUMBER;22;Y;0;5;3348;407289847;NO;Identificador do usuário responsável pela alteração.; (: )
exaprod;SITRAM2;NOTA_FISCAL_HIST;Histórico da Nota Fiscal;1407574026;N;74;SEQ_USUARIO_WEB;NUMBER;22;Y;0;0;0;1407574026;NO;Seq do usuário da internet; (: )
exaprod;SITRAM2;NOTA_FISCAL_HIST;Histórico da Nota Fiscal;1407574026;N;53;STA_ALTERACAO;NUMBER;22;N;0;3;2;0;NO;Indica se a nota fiscal foi alterada. As mudanças de status não devem alterar esse indicador, e sim qualquer mudança de campo na nota ou nos seus itens.;SYS_C001506580 (C: ENABLED)
exaprod;SITRAM2;NOTA_FISCAL_HIST;Histórico da Nota Fiscal;1407574026;N;29;STA_CRED_ORIGEM;NUMBER;22;N;0;3;2;0;NO;Indica se crédito de origem veio retido.;SYS_C001506578 (C: ENABLED)
exaprod;SITRAM2;NOTA_FISCAL_HIST;Histórico da Nota Fiscal;1407574026;N;48;STA_DEVOLUCAO_TOTAL;NUMBER;22;Y;0;0;0;1407574026;NO;Indica se, em alguma operação de devolução, a nota foi totalmente devolvida.; (: )
exaprod;SITRAM2;NOTA_FISCAL_HIST;Histórico da Nota Fiscal;1407574026;N;65;STA_ENTREGUE;NUMBER;22;Y;0;3;2;3897;NO;Indica que a nota fiscal foi entregue; (: )
exaprod;SITRAM2;NOTA_FISCAL_HIST;Histórico da Nota Fiscal;1407574026;N;70;STA_MANTER_CRED_T;NUMBER;22;Y;0;2;2;1407177304;NO;Se verdadeiro, indica que serão mantidos os lançamentos para a transportadora que possui o Cred-T; (: )
exaprod;SITRAM2;NOTA_FISCAL_HIST;Histórico da Nota Fiscal;1407574026;N;56;STA_NFE_ALTERADA;NUMBER;22;Y;0;2;2;639389;NO;Indica se a NFE carregada na Nota fiscal foi alterada.; (: )
exaprod;SITRAM2;NOTA_FISCAL_HIST;Histórico da Nota Fiscal;1407574026;N;67;STA_NFE_CARTA_CORRECAO;NUMBER;22;Y;0;3;2;5357;NO;Indica que a NF-e possui carta de correção.; (: )
exaprod;SITRAM2;NOTA_FISCAL_HIST;Histórico da Nota Fiscal;1407574026;N;55;STA_NFE_PASSAGEM;NUMBER;22;Y;0;3;3;1066078;NO;Indica se a passagem da NFE foi realizada com sucesso a partir do SITRAM.; (: )
exaprod;SITRAM2;NOTA_FISCAL_HIST;Histórico da Nota Fiscal;1407574026;N;18;STA_NOTA_FISCAL;NUMBER;22;N;0;3;9;0;NO;Situação em que a Nota Fiscal se encontra;SYS_C001506576 (C: ENABLED)
exaprod;SITRAM2;NOTA_FISCAL_HIST;Histórico da Nota Fiscal;1407574026;N;3;STA_OPERACAO;NUMBER;22;N;0;3;3;0;NO;Operação realizada no registro da nota fiscal (Inclusão, alteração, exclusão);SYS_C001506571 (C: ENABLED)
exaprod;SITRAM2;NOTA_FISCAL_HIST;Histórico da Nota Fiscal;1407574026;N;59;STA_RETORNO;NUMBER;22;N;0;3;2;0;NO;Indica se a nota fiscal é de retorno;SYS_C001506581 (C: ENABLED)
exaprod;SITRAM2;NOTA_FISCAL_HIST;Histórico da Nota Fiscal;1407574026;N;46;STA_SELADA;NUMBER;22;Y;0;3;2;3904;NO;Indica se nota fiscal foi ou não selada; (: )
exaprod;SITRAM2;NOTA_FISCAL_HIST;Histórico da Nota Fiscal;1407574026;N;75;TIP_ALTER_CONTRIB;NUMBER;22;Y;0;2;2;609238292;NO;Tipo de alteração contribuinte se O-Nao contribuinte e 1-Contribunte que alterou; (: )
exaprod;SITRAM2;NOTA_FISCAL_HIST;Histórico da Nota Fiscal;1407574026;N;33;TIP_DESTINATARIO;NUMBER;22;Y;0;3;3;1414593;NO;Tipo do destinatário: PF, PJ sem CGF e PJ com CGF.; (: )
exaprod;SITRAM2;NOTA_FISCAL_HIST;Histórico da Nota Fiscal;1407574026;N;30;TIP_EMITENTE;NUMBER;22;Y;0;3;3;2242510;NO;Tipo do emitente: PF, PJ sem CGF e PJ com CGF.; (: )
exaprod;SITRAM2;NOTA_FISCAL_HIST;Histórico da Nota Fiscal;1407574026;N;15;TIP_MODELO_DOCUMENTO;NUMBER;22;Y;0;4;5;0;NO;Modelo do documento, como por exemplo, Nota Fiscal Modelo 1.; (: )
exaprod;SITRAM2;NOTA_FISCAL_HIST;Histórico da Nota Fiscal;1407574026;N;45;TIP_ORIGEM;NUMBER;22;Y;0;3;2;0;NO;Origem das informações da Nota Fiscal.; (: )
exaprod;SITRAM2;NOTA_FISCAL_HIST;Histórico da Nota Fiscal;1407574026;N;68;TXT_CPL_INFO_ADIC;VARCHAR2;4000;Y;;262;248119296;80970968;NO;Informação complementar da NF-e; (: )
exaprod;SITRAM2;NOTA_FISCAL_HIST;Histórico da Nota Fiscal;1407574026;N;69;TXT_FISCO_INFO_ADIC;VARCHAR2;2000;Y;;42;19093504;1015244146;NO;Informação complementar da NF-e com informações de interesse ao fisco ; (: )
exaprod;SITRAM2;NOTA_FISCAL_HIST;Histórico da Nota Fiscal;1407574026;N;25;VLR_BC;NUMBER;22;Y;6;4;7232512;484095;NO;Valor total da Base de Cálculo do imposto, informada na NF.; (: )
exaprod;SITRAM2;NOTA_FISCAL_HIST;Histórico da Nota Fiscal;1407574026;N;23;VLR_BC_SUBSTITUICAO;NUMBER;22;Y;2;3;2523136;871686;NO;Base de Cálculo de Substituição Tributária informada na NF.; (: )
exaprod;SITRAM2;NOTA_FISCAL_HIST;Histórico da Nota Fiscal;1407574026;N;28;VLR_DESCONTO;NUMBER;22;Y;2;3;927744;1042456;NO;Valor do desconto.; (: )
exaprod;SITRAM2;NOTA_FISCAL_HIST;Histórico da Nota Fiscal;1407574026;N;27;VLR_FRETE;NUMBER;22;Y;2;3;345856;986753;NO;O valorFrete faz parte da Base de Cálculo do ICMS a ser cobrando na entrada da mercadoria no Estado.; (: )
exaprod;SITRAM2;NOTA_FISCAL_HIST;Histórico da Nota Fiscal;1407574026;N;26;VLR_ICMS_DEST;NUMBER;22;Y;2;4;2130944;512240;NO;Valor Total do ICMS calculado para a Nota Fiscal.; (: )
exaprod;SITRAM2;NOTA_FISCAL_HIST;Histórico da Nota Fiscal;1407574026;N;21;VLR_ICMS_SEGURO;NUMBER;22;Y;2;3;36064;1047356;NO;Valor do seguro que entra para a base de cálculo do imposto.; (: )
exaprod;SITRAM2;NOTA_FISCAL_HIST;Histórico da Nota Fiscal;1407574026;N;24;VLR_ICMS_SUBST;NUMBER;22;Y;2;3;1008640;880628;NO;ICMS calculado com código de receita de substituição.; (: )
exaprod;SITRAM2;NOTA_FISCAL_HIST;Histórico da Nota Fiscal;1407574026;N;62;VLR_IPI;NUMBER;22;Y;2;3;959744;1021122;NO;Valor do IPI.; (: )
exaprod;SITRAM2;NOTA_FISCAL_HIST;Histórico da Nota Fiscal;1407574026;N;22;VLR_OUT_DESP;NUMBER;22;Y;2;3;266336;942996;NO;Valor de Outras Despesas que entra para a base de cálculo.; (: )
exaprod;SITRAM2;NOTA_FISCAL_HIST;Histórico da Nota Fiscal;1407574026;N;19;VLR_TOTAL_NOTA;NUMBER;22;N;2;5;8636416;0;NO;Valor Total da Nota Fiscal.;SYS_C001506577 (C: ENABLED)
exaprod;SITRAM2;NOTA_FISCAL_HIST;Histórico da Nota Fiscal;1407574026;N;20;VLR_TOTAL_PRODUTOS;NUMBER;22;Y;2;5;8439808;10228;NO;Valor Total dos Produtos que foram digitados na Nota Fiscal.; (: )
exaprod;SITRAM2;NOTA_FISCAL_ITEM;Cada produto contido nos itens da nota fiscal.;2898757153;N;10;COD_CFOP;NUMBER;22;Y;0;4;461;0;NO;CFOP do item da NF.;FK_CFO_R_NOT_FIS_ITE (FOREIGN KEY: ENABLED)
exaprod;SITRAM2;NOTA_FISCAL_ITEM;Cada produto contido nos itens da nota fiscal.;2898757153;N;4;COD_CONFIG_ORGAO;NUMBER;22;Y;0;3;1;5413708;NO;Codigo do Posto ou outro Org?o Local que tenha base de dados local.;FK_ACE_R_NOT_FIS_ITE (FOREIGN KEY: ENABLED)
exaprod;SITRAM2;NOTA_FISCAL_ITEM;Cada produto contido nos itens da nota fiscal.;2898757153;N;39;COD_CSOSN;NUMBER;22;Y;0;2;16;2667063111;NO;Código do CSOSN.;FK_CSOSN_R_NOT_FIS_ITE (FOREIGN KEY: DISABLED)
exaprod;SITRAM2;NOTA_FISCAL_ITEM;Cada produto contido nos itens da nota fiscal.;2898757153;N;5;COD_NCM;NUMBER;22;Y;0;6;11872;6584121;NO;Identificador do codigo de NCM do item.;FK_NCM_R_NOT_FIS_ITE (FOREIGN KEY: ENABLED)
exaprod;SITRAM2;NOTA_FISCAL_ITEM;Cada produto contido nos itens da nota fiscal.;2898757153;N;37;COD_PRODUTO_CEVR;VARCHAR2;11;Y;;3;6532;1613365007;NO;Código informado pelo CEVR.; (: )
exaprod;SITRAM2;NOTA_FISCAL_ITEM;Cada produto contido nos itens da nota fiscal.;2898757153;N;50;COD_UF_SUBSTITUICAO_VEICULO;NUMBER;22;Y;0;2;27;2898529893;NO;; (: )
exaprod;SITRAM2;NOTA_FISCAL_ITEM;Cada produto contido nos itens da nota fiscal.;2898757153;N;52;DSC_IDENTIFICACAO_CATEGORIA;VARCHAR2;120;Y;;14;12;1874258403;NO;Identificação da categoria de produto do COFIP.; (: )
exaprod;SITRAM2;NOTA_FISCAL_ITEM;Cada produto contido nos itens da nota fiscal.;2898757153;N;23;DSC_PRODUTO;VARCHAR2;800;Y;;38;131973120;42;NO;Descric?o do produto para o caso de exportac?o/exportac?o indireta.; (: )
exaprod;SITRAM2;NOTA_FISCAL_ITEM;Cada produto contido nos itens da nota fiscal.;2898757153;N;31;DSC_PRODUTO_SUGESTAO;VARCHAR2;800;Y;;2;641;2898755863;NO;Sugestão de nome do produto a ser utilizado pelo sistema CEVR.; (: )
exaprod;SITRAM2;NOTA_FISCAL_ITEM;Cada produto contido nos itens da nota fiscal.;2898757153;N;44;DSC_UNIDADE;VARCHAR2;6;Y;;3;20464;282542178;NO;unidade de comercialização; (: )
exaprod;SITRAM2;NOTA_FISCAL_ITEM;Cada produto contido nos itens da nota fiscal.;2898757153;N;56;DSC_UNIDADE_COM;VARCHAR2;6;Y;;2;13152;2067843204;NO;Unidade comercial; (: )
exaprod;SITRAM2;NOTA_FISCAL_ITEM;Cada produto contido nos itens da nota fiscal.;2898757153;N;59;DSC_UNIDADE_TRIB;VARCHAR2;6;Y;;2;13084;2067355031;NO;Unidade tributável; (: )
exaprod;SITRAM2;NOTA_FISCAL_ITEM;Cada produto contido nos itens da nota fiscal.;2898757153;N;48;MODALIDADE_BC_ICMS_ST;NUMBER;22;Y;0;2;8;2288723320;NO;; (: )
exaprod;SITRAM2;NOTA_FISCAL_ITEM;Cada produto contido nos itens da nota fiscal.;2898757153;N;45;NUM_CEST;NUMBER;22;Y;0;3;11956;1560612681;NO;Código de Especificação da Substituição Tributária; (: )
exaprod;SITRAM2;NOTA_FISCAL_ITEM;Cada produto contido nos itens da nota fiscal.;2898757153;N;34;NUM_ITEM;NUMBER;22;Y;0;4;982;4354434;NO;Sequencial do item dentro da nota fiscal.; (: )
exaprod;SITRAM2;NOTA_FISCAL_ITEM;Cada produto contido nos itens da nota fiscal.;2898757153;N;11;QTD_ITEM;NUMBER;22;N;8;4;1520896;0;NO;Quantidade do produto na linha de item.;SYS_C001506487 (C: ENABLED)
exaprod;SITRAM2;NOTA_FISCAL_ITEM;Cada produto contido nos itens da nota fiscal.;2898757153;N;57;QTD_ITEM_COM;NUMBER;22;Y;8;2;730112;2067355030;NO;Quantidade comercial; (: )
exaprod;SITRAM2;NOTA_FISCAL_ITEM;Cada produto contido nos itens da nota fiscal.;2898757153;N;60;QTD_ITEM_TRIB;NUMBER;22;Y;8;2;778240;2067355030;NO;Quantidade tributável; (: )
exaprod;SITRAM2;NOTA_FISCAL_ITEM;Cada produto contido nos itens da nota fiscal.;2898757153;N;55;QTD_PRODUTO_CEVR;NUMBER;22;Y;8;2;769024;2097761886;NO;Quantidade do produto na linha de item informado pelo CEVR; (: )
exaprod;SITRAM2;NOTA_FISCAL_ITEM;Cada produto contido nos itens da nota fiscal.;2898757153;N;3;SEQ_ACESSO;NUMBER;22;Y;0;7;29470720;5413708;NO;Identificador da ultima alterac?o na tabela de acesso do SISSEG.;FK_ACE_R_NOT_FIS_ITE (FOREIGN KEY: ENABLED)
exaprod;SITRAM2;NOTA_FISCAL_ITEM;Cada produto contido nos itens da nota fiscal.;2898757153;N;2;SEQ_NOTA_FISCAL;NUMBER;22;N;0;9;431849472;0;NO;Identificador da Nota Fiscal.;FK_NOT_FIS_R_NOT_FIS_ITE (FOREIGN KEY: ENABLED)- SYS_C001506486 (C: ENABLED)
exaprod;SITRAM2;NOTA_FISCAL_ITEM;Cada produto contido nos itens da nota fiscal.;2898757153;N;1;SEQ_NOTA_FISCAL_ITEM;NUMBER;22;N;0;11;2898757153;0;NO;Identificador unico da instancia de item da nota fiscal.;PK_NOTA_FISCAL_ITEM (PRIMARY KEY: DISABLED)- SYS_C001506485 (C: ENABLED)
exaprod;SITRAM2;NOTA_FISCAL_ITEM;Cada produto contido nos itens da nota fiscal.;2898757153;N;7;SEQ_PROC_DOCUMENTO;NUMBER;22;Y;0;0;0;2898757153;NO;Identificador de processo ou documento relacionado a alguma excec?o do calculo do ICMS (ex. termo de acordo ou mandado).;FK_PRO_DOC_R_NOT_FIS_ITE (FOREIGN KEY: ENABLED)
exaprod;SITRAM2;NOTA_FISCAL_ITEM;Cada produto contido nos itens da nota fiscal.;2898757153;N;24;SEQ_PRODUTO;NUMBER;22;Y;0;3;9116;1546131250;NO;;FK_PRO_R_NOT_FIS_ITE (FOREIGN KEY: ENABLED)
exaprod;SITRAM2;NOTA_FISCAL_ITEM;Cada produto contido nos itens da nota fiscal.;2898757153;N;8;SEQ_SITUACAO_TRIBUTARIA_A;NUMBER;22;Y;0;3;9;242131;NO;Sequence de Situacao Tributaria A.;FK_SIT_TRI_A_R_NOT_FIS_ITE (FOREIGN KEY: ENABLED)
exaprod;SITRAM2;NOTA_FISCAL_ITEM;Cada produto contido nos itens da nota fiscal.;2898757153;N;9;SEQ_SITUACAO_TRIBUTARIA_B;NUMBER;22;Y;0;3;15;231916360;NO;Sequence de Situacao Tributaria B.;FK_SIT_TRI_B_R_NOT_FIS_ITE (FOREIGN KEY: ENABLED)
exaprod;SITRAM2;NOTA_FISCAL_ITEM;Cada produto contido nos itens da nota fiscal.;2898757153;N;6;SEQ_TIPO_REGIME;NUMBER;22;Y;0;2;5;1955326129;NO;Tipo de Regime que foi aplicado ao item no momento do calculo;FK_TIP_REG_R_NOTA_ITEM (FOREIGN KEY: ENABLED)
exaprod;SITRAM2;NOTA_FISCAL_ITEM;Cada produto contido nos itens da nota fiscal.;2898757153;N;53;SEQ_USUARIO_WEB;NUMBER;22;Y;0;0;0;2898757153;NO;Seq do usuário da internet; (: )
exaprod;SITRAM2;NOTA_FISCAL_ITEM;Cada produto contido nos itens da nota fiscal.;2898757153;N;35;STA_ATIVO_FIXO;NUMBER;22;Y;0;3;2;1112963;NO;Indica se o produto será utilizado como ativo pelo contribuinte comprador.; (: )
exaprod;SITRAM2;NOTA_FISCAL_ITEM;Cada produto contido nos itens da nota fiscal.;2898757153;N;33;STA_CEVR;NUMBER;22;Y;0;3;2;0;NO;Indica se o item veio do CEVR.;CKC_STA_CEV_NOT_FIS (C: ENABLED)
exaprod;SITRAM2;NOTA_FISCAL_ITEM;Cada produto contido nos itens da nota fiscal.;2898757153;N;29;STA_COBRANCA_FORCADA;NUMBER;22;Y;0;2;2;2870107007;NO;; (: )
exaprod;SITRAM2;NOTA_FISCAL_ITEM;Cada produto contido nos itens da nota fiscal.;2898757153;N;22;STA_CONSUMO;NUMBER;22;N;0;3;2;0;NO;Indica se o produto sera utilizado como consumo pelo contribuinte comprador.;CKC_STA_CON_NOT_FIS_ITE (C: ENABLED)- SYS_C001506490 (C: ENABLED)
exaprod;SITRAM2;NOTA_FISCAL_ITEM;Cada produto contido nos itens da nota fiscal.;2898757153;N;32;STA_CREDITO_ORIGEM;NUMBER;22;Y;0;3;2;97272;NO;Indica se o item possui crédito de origem.; (: )
exaprod;SITRAM2;NOTA_FISCAL_ITEM;Cada produto contido nos itens da nota fiscal.;2898757153;N;25;STA_HOSPITALAR;NUMBER;22;N;0;3;2;0;NO;;CKC_STA_HOSPITALAR_NOTA_FIS (C: ENABLED)- SYS_C001506491 (C: ENABLED)
exaprod;SITRAM2;NOTA_FISCAL_ITEM;Cada produto contido nos itens da nota fiscal.;2898757153;N;16;STA_INSUMO;NUMBER;22;N;0;3;2;0;NO;Indica se o produto sera utilizado como insumo pelo contribuinte comprador.;CKC_STA_INS_NOT_FIS_ITE (C: ENABLED)- SYS_C001506488 (C: ENABLED)
exaprod;SITRAM2;NOTA_FISCAL_ITEM;Cada produto contido nos itens da nota fiscal.;2898757153;N;27;STA_MARGEM_LUCRO;NUMBER;22;N;0;3;2;0;NO;;CKC_STA_MARGEM_LUCRO_NOTA_FIS (C: ENABLED)- SYS_C001506493 (C: ENABLED)
exaprod;SITRAM2;NOTA_FISCAL_ITEM;Cada produto contido nos itens da nota fiscal.;2898757153;N;26;STA_OBRA;NUMBER;22;N;0;3;2;0;NO;;CKC_STA_OBRA_NOTA_FIS (C: ENABLED)- SYS_C001506492 (C: ENABLED)
exaprod;SITRAM2;NOTA_FISCAL_ITEM;Cada produto contido nos itens da nota fiscal.;2898757153;N;63;STA_ORI_UNI;NUMBER;22;Y;0;2;4;2067354581;NO;Origem da informação de unidade; (: )
exaprod;SITRAM2;NOTA_FISCAL_ITEM;Cada produto contido nos itens da nota fiscal.;2898757153;N;36;STA_PADRAO_CEVR;NUMBER;22;Y;0;3;2;0;NO;Indicador de utilização do padrão de conversão do CEVR.;CKC_STA_PADRAO_CEVR (C: ENABLED)
exaprod;SITRAM2;NOTA_FISCAL_ITEM;Cada produto contido nos itens da nota fiscal.;2898757153;N;17;STA_PIS_COFINS;NUMBER;22;N;0;3;2;0;NO;Indica se deve ser aplicada reduc?o de PIS/COFINS ao item.;CKC_STA_PIS_COF_NOT_FIS_ITE (C: ENABLED)- SYS_C001506489 (C: ENABLED)
exaprod;SITRAM2;NOTA_FISCAL_ITEM;Cada produto contido nos itens da nota fiscal.;2898757153;N;64;STA_PROD_SEM_UNI;NUMBER;22;Y;0;2;2;2064480207;NO;Indica se produto esta sem unidade; (: )
exaprod;SITRAM2;NOTA_FISCAL_ITEM;Cada produto contido nos itens da nota fiscal.;2898757153;N;62;STA_UNI_ALT_PROD;NUMBER;22;Y;0;2;2;2067355030;NO;Indica se o item deve a unidade alterada automaticamente pela informação do cadastro do produto.; (: )
exaprod;SITRAM2;NOTA_FISCAL_ITEM;Cada produto contido nos itens da nota fiscal.;2898757153;N;54;TIP_ALTER_CONTRIB;NUMBER;22;Y;0;2;2;1077886903;NO;Tipo de alteração contribuinte se O-Nao contribuinte e 1-Contribunte que alterou; (: )
exaprod;SITRAM2;NOTA_FISCAL_ITEM;Cada produto contido nos itens da nota fiscal.;2898757153;N;38;TIP_COBRANCA;NUMBER;22;Y;0;3;3;626;NO;Tipo de cobranca do item.;CKC_TIP_COBRANCA_NOTA_FIS (C: ENABLED)
exaprod;SITRAM2;NOTA_FISCAL_ITEM;Cada produto contido nos itens da nota fiscal.;2898757153;N;49;TIP_OP_VEICULO;NUMBER;22;Y;0;2;4;2897126136;NO;; (: )
exaprod;SITRAM2;NOTA_FISCAL_ITEM;Cada produto contido nos itens da nota fiscal.;2898757153;N;40;VLR_ALIQUOTA;NUMBER;22;Y;4;3;1658;463236432;NO;Aliquota do ICMS; (: )
exaprod;SITRAM2;NOTA_FISCAL_ITEM;Cada produto contido nos itens da nota fiscal.;2898757153;N;51;VLR_ALIQUOTA_IPI;NUMBER;22;Y;2;2;1230;2334448689;NO;; (: )
exaprod;SITRAM2;NOTA_FISCAL_ITEM;Cada produto contido nos itens da nota fiscal.;2898757153;N;41;VLR_BC;NUMBER;22;Y;2;4;5741568;463201272;NO;Valor da Base de Calculo do ICMS; (: )
exaprod;SITRAM2;NOTA_FISCAL_ITEM;Cada produto contido nos itens da nota fiscal.;2898757153;N;46;VLR_BC_ICMS_ST;NUMBER;22;Y;2;2;1679616;2288408352;NO;; (: )
exaprod;SITRAM2;NOTA_FISCAL_ITEM;Cada produto contido nos itens da nota fiscal.;2898757153;N;18;VLR_DESCONTO;NUMBER;22;Y;6;2;940032;2443062888;NO;Desconto que deve ser aplicado ao valor total do item antes do calculo do ICMS.; (: )
exaprod;SITRAM2;NOTA_FISCAL_ITEM;Cada produto contido nos itens da nota fiscal.;2898757153;N;19;VLR_DESCONTO_PERC;NUMBER;22;Y;2;2;57;4541027;NO;Porcentagem relativa ao desconto que deve ser aplicado ao valor total do item antes do calculo do ICMS.; (: )
exaprod;SITRAM2;NOTA_FISCAL_ITEM;Cada produto contido nos itens da nota fiscal.;2898757153;N;20;VLR_FECOP;NUMBER;22;Y;6;3;182560;1041851;NO;Valor de FECOP calculado dependendo do produto.; (: )
exaprod;SITRAM2;NOTA_FISCAL_ITEM;Cada produto contido nos itens da nota fiscal.;2898757153;N;30;VLR_FECOP_PADRAO;NUMBER;22;Y;6;2;38840;2634639010;NO;; (: )
exaprod;SITRAM2;NOTA_FISCAL_ITEM;Cada produto contido nos itens da nota fiscal.;2898757153;N;13;VLR_ICMS;NUMBER;22;Y;6;3;1355008;1667816565;NO;Valor a ser cobrado do ICMS.; (: )
exaprod;SITRAM2;NOTA_FISCAL_ITEM;Cada produto contido nos itens da nota fiscal.;2898757153;N;15;VLR_ICMS_DESTACADO;NUMBER;22;Y;6;4;2600960;383007588;NO;Valor do ICMS Destacado para o item. Pode ser obtido pelo rateio do ICMS Destacado na Nota Fiscal entre os produtos cobrados.; (: )
exaprod;SITRAM2;NOTA_FISCAL_ITEM;Cada produto contido nos itens da nota fiscal.;2898757153;N;21;VLR_ICMS_FRETE;NUMBER;22;Y;6;2;3082240;2603621803;NO;Valor calculado do ICMS Frete para o Item.; (: )
exaprod;SITRAM2;NOTA_FISCAL_ITEM;Cada produto contido nos itens da nota fiscal.;2898757153;N;14;VLR_ICMS_PADRAO;NUMBER;22;Y;6;2;463104;2764286343;NO;Valor que seria cobrado de ICMS caso a rotina padr?o seja utilizada no calculo, ou seja, nenhum tipo de regra de excec?o foi utilizada.; (: )
exaprod;SITRAM2;NOTA_FISCAL_ITEM;Cada produto contido nos itens da nota fiscal.;2898757153;N;47;VLR_ICMS_ST;NUMBER;22;Y;2;2;827136;2288407989;NO;; (: )
exaprod;SITRAM2;NOTA_FISCAL_ITEM;Cada produto contido nos itens da nota fiscal.;2898757153;N;12;VLR_IPI;NUMBER;22;Y;6;2;817792;2111275519;NO;Valor do IPI que veio com o produto.; (: )
exaprod;SITRAM2;NOTA_FISCAL_ITEM;Cada produto contido nos itens da nota fiscal.;2898757153;N;43;VLR_REDUCAO_BC_PERC;NUMBER;22;Y;4;2;6922;2840325900;NO;; (: )
exaprod;SITRAM2;NOTA_FISCAL_ITEM;Cada produto contido nos itens da nota fiscal.;2898757153;N;28;VLR_TOTAL;NUMBER;22;Y;6;5;6981632;2185;NO;; (: )
exaprod;SITRAM2;NOTA_FISCAL_ITEM;Cada produto contido nos itens da nota fiscal.;2898757153;N;42;VLR_UNIT;NUMBER;22;Y;10;5;18460672;80144665;NO;Valor unitário de comercialização; (: )
exaprod;SITRAM2;NOTA_FISCAL_ITEM;Cada produto contido nos itens da nota fiscal.;2898757153;N;58;VLR_UNIT_COM;NUMBER;22;Y;10;2;7675904;2067355017;NO;Valor unitário comercial; (: )
exaprod;SITRAM2;NOTA_FISCAL_ITEM;Cada produto contido nos itens da nota fiscal.;2898757153;N;61;VLR_UNIT_TRIB;NUMBER;22;Y;10;2;8150016;2067355030;NO;Valor unitário tributável; (: )
exaprod;SITRAM2;NOTA_FISCAL_ITEM_HIST;Hístórico do item da nota fiscal;2777599749;N;12;COD_CFOP;NUMBER;22;Y;0;4;444;0;NO;CFOP do item da NF.; (: )
exaprod;SITRAM2;NOTA_FISCAL_ITEM_HIST;Hístórico do item da nota fiscal;2777599749;N;6;COD_CONFIG_ORGAO;NUMBER;22;Y;0;3;1;6068185;NO;Código do Posto ou outro Órgão Local que tenha base de dados local.; (: )
exaprod;SITRAM2;NOTA_FISCAL_ITEM_HIST;Hístórico do item da nota fiscal;2777599749;N;13;COD_CSOSN;NUMBER;22;Y;0;2;16;2550043947;NO;Código do CSOSN.; (: )
exaprod;SITRAM2;NOTA_FISCAL_ITEM_HIST;Hístórico do item da nota fiscal;2777599749;N;7;COD_NCM;NUMBER;22;Y;0;6;11632;1934926;NO;Identificador do código de NCM do item.; (: )
exaprod;SITRAM2;NOTA_FISCAL_ITEM_HIST;Hístórico do item da nota fiscal;2777599749;N;39;COD_PRODUTO_CEVR;VARCHAR2;11;Y;;3;6142;1499832617;NO;Código informado pelo CEVR.; (: )
exaprod;SITRAM2;NOTA_FISCAL_ITEM_HIST;Hístórico do item da nota fiscal;2777599749;N;45;DAT_MOVIMENTO;DATE;7;N;;8;109502464;0;NO;Data em que houve a alteração da nota fiscal;SYS_C001506566 (C: ENABLED)
exaprod;SITRAM2;NOTA_FISCAL_ITEM_HIST;Hístórico do item da nota fiscal;2777599749;N;28;DSC_PRODUTO;VARCHAR2;800;Y;;39;118620160;0;NO;Descrição do produto para o caso de exportação/exportação indireta.; (: )
exaprod;SITRAM2;NOTA_FISCAL_ITEM_HIST;Hístórico do item da nota fiscal;2777599749;N;34;DSC_PRODUTO_SUGESTAO;VARCHAR2;800;Y;;2;338;2777598953;NO;Sugestão de nome do produto a ser utilizado pelo sistema CEVR.; (: )
exaprod;SITRAM2;NOTA_FISCAL_ITEM_HIST;Hístórico do item da nota fiscal;2777599749;N;48;NUM_CEST;NUMBER;22;Y;0;0;0;2777599749;NO;Código de Especificação da Substituição Tributária; (: )
exaprod;SITRAM2;NOTA_FISCAL_ITEM_HIST;Hístórico do item da nota fiscal;2777599749;N;37;NUM_ITEM;NUMBER;22;Y;0;4;981;253362;NO;Sequencial do item dentro da nota fiscal.; (: )
exaprod;SITRAM2;NOTA_FISCAL_ITEM_HIST;Hístórico do item da nota fiscal;2777599749;N;14;QTD_ITEM;NUMBER;22;Y;8;4;1507584;0;NO;Quantidade do produto na linha de item.; (: )
exaprod;SITRAM2;NOTA_FISCAL_ITEM_HIST;Hístórico do item da nota fiscal;2777599749;N;5;SEQ_ACESSO;NUMBER;22;Y;0;7;28653568;6068185;NO;Identificador da última alteração na tabela de acesso do SISSEG.; (: )
exaprod;SITRAM2;NOTA_FISCAL_ITEM_HIST;Hístórico do item da nota fiscal;2777599749;N;3;SEQ_NOTA_FISCAL;NUMBER;22;Y;0;9;405307392;0;NO;Identificador da Nota Fiscal.; (: )
exaprod;SITRAM2;NOTA_FISCAL_ITEM_HIST;Hístórico do item da nota fiscal;2777599749;N;2;SEQ_NOTA_FISCAL_ITEM;NUMBER;22;N;0;11;2681733120;0;NO;Identificador único da instância de item da nota fiscal.;SYS_C001506565 (C: ENABLED)
exaprod;SITRAM2;NOTA_FISCAL_ITEM_HIST;Hístórico do item da nota fiscal;2777599749;N;1;SEQ_NOTA_FISCAL_ITEM_HIST;NUMBER;22;N;0;7;2777599749;0;NO;Identificador da tabela;PK_NOTA_FISCAL_ITEM_HIST (PRIMARY KEY: ENABLED)- SYS_C001506564 (C: ENABLED)
exaprod;SITRAM2;NOTA_FISCAL_ITEM_HIST;Hístórico do item da nota fiscal;2777599749;N;9;SEQ_PROC_DOCUMENTO;NUMBER;22;Y;0;0;0;2777599749;NO;Identificador de processo ou documento relacionado a alguma exceção do cálculo do ICMS (ex. termo de acordo ou mandado).; (: )
exaprod;SITRAM2;NOTA_FISCAL_ITEM_HIST;Hístórico do item da nota fiscal;2777599749;N;4;SEQ_PRODUTO;NUMBER;22;Y;0;3;8508;1475910373;NO;Identificador único de instância de Produto.; (: )
exaprod;SITRAM2;NOTA_FISCAL_ITEM_HIST;Hístórico do item da nota fiscal;2777599749;N;10;SEQ_SITUACAO_TRIBUTARIA_A;NUMBER;22;Y;0;3;9;107347;NO;Sequence de Situacao Tributaria A.; (: )
exaprod;SITRAM2;NOTA_FISCAL_ITEM_HIST;Hístórico do item da nota fiscal;2777599749;N;11;SEQ_SITUACAO_TRIBUTARIA_B;NUMBER;22;Y;0;3;15;227645011;NO;Sequence de Situacao Tributaria B.; (: )
exaprod;SITRAM2;NOTA_FISCAL_ITEM_HIST;Hístórico do item da nota fiscal;2777599749;N;8;SEQ_TIPO_REGIME;NUMBER;22;Y;0;2;5;2738621998;NO;Tipo de Regime que foi aplicado ao item no momento do cálculo; (: )
exaprod;SITRAM2;NOTA_FISCAL_ITEM_HIST;Hístórico do item da nota fiscal;2777599749;N;47;SEQ_USUARIO_HIST;NUMBER;22;Y;0;6;3139;6068185;NO;Identificador do usuário responsável pela alteração.; (: )
exaprod;SITRAM2;NOTA_FISCAL_ITEM_HIST;Hístórico do item da nota fiscal;2777599749;N;49;SEQ_USUARIO_WEB;NUMBER;22;Y;0;0;0;2777599749;NO;Seq do usuário da internet; (: )
exaprod;SITRAM2;NOTA_FISCAL_ITEM_HIST;Hístórico do item da nota fiscal;2777599749;N;29;STA_ATIVO_FIXO;NUMBER;22;Y;0;3;2;52;NO;Indica se o produto será utilizado como ativo pelo contribuinte comprador.; (: )
exaprod;SITRAM2;NOTA_FISCAL_ITEM_HIST;Hístórico do item da nota fiscal;2777599749;N;36;STA_CEVR;NUMBER;22;Y;0;3;2;0;NO;Indica se o item veio do CEVR.; (: )
exaprod;SITRAM2;NOTA_FISCAL_ITEM_HIST;Hístórico do item da nota fiscal;2777599749;N;33;STA_COBRANCA_FORCADA;NUMBER;22;Y;0;2;2;2777594810;NO;Indica que o ICMS do item deverá ser calculado sempre, ou seja não permite que o cálculo do item caia na regra sem cobrança.; (: )
exaprod;SITRAM2;NOTA_FISCAL_ITEM_HIST;Hístórico do item da nota fiscal;2777599749;N;27;STA_CONSUMO;NUMBER;22;Y;0;3;2;0;NO;Indica se o produto será utilizado como consumo pelo contribuinte comprador.; (: )
exaprod;SITRAM2;NOTA_FISCAL_ITEM_HIST;Hístórico do item da nota fiscal;2777599749;N;35;STA_CREDITO_ORIGEM;NUMBER;22;Y;0;3;2;16;NO;Indica se o item possui crédito de origem.; (: )
exaprod;SITRAM2;NOTA_FISCAL_ITEM_HIST;Hístórico do item da nota fiscal;2777599749;N;30;STA_HOSPITALAR;NUMBER;22;Y;0;3;2;0;NO;Destinado a Hospital; (: )
exaprod;SITRAM2;NOTA_FISCAL_ITEM_HIST;Hístórico do item da nota fiscal;2777599749;N;20;STA_INSUMO;NUMBER;22;Y;0;3;2;0;NO;Indica se o produto será utilizado como insumo pelo contribuinte comprador.; (: )
exaprod;SITRAM2;NOTA_FISCAL_ITEM_HIST;Hístórico do item da nota fiscal;2777599749;N;32;STA_MARGEM_LUCRO;NUMBER;22;Y;0;3;2;0;NO;Indica se o item trata-se de mercadoria a negociar; (: )
exaprod;SITRAM2;NOTA_FISCAL_ITEM_HIST;Hístórico do item da nota fiscal;2777599749;N;31;STA_OBRA;NUMBER;22;Y;0;3;2;0;NO;Indica se o Item é ou não de Obra; (: )
exaprod;SITRAM2;NOTA_FISCAL_ITEM_HIST;Hístórico do item da nota fiscal;2777599749;N;46;STA_OPERACAO;NUMBER;22;N;0;3;3;0;NO;Operação realizada no registro da nota fiscal (Inclusão, alteração, exclusão);SYS_C001506567 (C: ENABLED)
exaprod;SITRAM2;NOTA_FISCAL_ITEM_HIST;Hístórico do item da nota fiscal;2777599749;N;38;STA_PADRAO_CEVR;NUMBER;22;Y;0;3;2;0;NO;Indicador de utilização do padrão de conversão do CEVR.; (: )
exaprod;SITRAM2;NOTA_FISCAL_ITEM_HIST;Hístórico do item da nota fiscal;2777599749;N;21;STA_PIS_COFINS;NUMBER;22;Y;0;3;2;0;NO;Indica se deve ser aplicada redução de PIS/COFINS ao item.; (: )
exaprod;SITRAM2;NOTA_FISCAL_ITEM_HIST;Hístórico do item da nota fiscal;2777599749;N;50;TIP_ALTER_CONTRIB;NUMBER;22;Y;0;2;2;2722994788;NO;Tipo de alteração contribuinte se O-Nao contribuinte e 1-Contribunte que alterou; (: )
exaprod;SITRAM2;NOTA_FISCAL_ITEM_HIST;Hístórico do item da nota fiscal;2777599749;N;40;TIP_COBRANCA;NUMBER;22;Y;0;3;3;0;NO;Tipo de cobranca do item.; (: )
exaprod;SITRAM2;NOTA_FISCAL_ITEM_HIST;Hístórico do item da nota fiscal;2777599749;N;41;VLR_ALIQUOTA;NUMBER;22;Y;4;3;1565;379192522;NO;Aliquota do ICMS; (: )
exaprod;SITRAM2;NOTA_FISCAL_ITEM_HIST;Hístórico do item da nota fiscal;2777599749;N;42;VLR_BC;NUMBER;22;Y;2;4;5634048;379158990;NO;Valor da Base de C[alculo do ICMS; (: )
exaprod;SITRAM2;NOTA_FISCAL_ITEM_HIST;Hístórico do item da nota fiscal;2777599749;N;22;VLR_DESCONTO;NUMBER;22;Y;6;2;886784;2391441220;NO;Desconto que deve ser aplicado ao valor total do item antes do cálculo do ICMS.; (: )
exaprod;SITRAM2;NOTA_FISCAL_ITEM_HIST;Hístórico do item da nota fiscal;2777599749;N;23;VLR_DESCONTO_PERC;NUMBER;22;Y;2;2;1;496080;NO;Porcentagem relativa ao desconto que deve ser aplicado ao valor total do item antes do cálculo do ICMS.; (: )
exaprod;SITRAM2;NOTA_FISCAL_ITEM_HIST;Hístórico do item da nota fiscal;2777599749;N;24;VLR_FECOP;NUMBER;22;Y;6;3;189440;646793;NO;Valor de FECOP calculado dependendo do produto.; (: )
exaprod;SITRAM2;NOTA_FISCAL_ITEM_HIST;Hístórico do item da nota fiscal;2777599749;N;25;VLR_FECOP_PADRAO;NUMBER;22;Y;6;2;19300;2694524058;NO;Valor que seria cobrado de FECOP se não houvesse liminar.; (: )
exaprod;SITRAM2;NOTA_FISCAL_ITEM_HIST;Hístórico do item da nota fiscal;2777599749;N;17;VLR_ICMS;NUMBER;22;Y;6;2;870912;2702335801;NO;Valor a ser cobrado do ICMS.; (: )
exaprod;SITRAM2;NOTA_FISCAL_ITEM_HIST;Hístórico do item da nota fiscal;2777599749;N;19;VLR_ICMS_DESTACADO;NUMBER;22;Y;6;4;1675776;379181075;NO;Valor do ICMS Destacado para o item. Pode ser obtido pelo rateio do ICMS Destacado na Nota Fiscal entre os produtos cobrados.; (: )
exaprod;SITRAM2;NOTA_FISCAL_ITEM_HIST;Hístórico do item da nota fiscal;2777599749;N;26;VLR_ICMS_FRETE;NUMBER;22;Y;6;2;1101952;2676077358;NO;Valor calculado do ICMS Frete para o Item.; (: )
exaprod;SITRAM2;NOTA_FISCAL_ITEM_HIST;Hístórico do item da nota fiscal;2777599749;N;18;VLR_ICMS_PADRAO;NUMBER;22;Y;6;2;147520;2770038090;NO;Valor que seria cobrado de ICMS caso a rotina padrão seja utilizada no cálculo, ou seja, nenhum tipo de regra de exceção foi utilizada.; (: )
exaprod;SITRAM2;NOTA_FISCAL_ITEM_HIST;Hístórico do item da nota fiscal;2777599749;N;16;VLR_IPI;NUMBER;22;Y;6;2;783616;2027743577;NO;Valor do IPI que veio com o produto.; (: )
exaprod;SITRAM2;NOTA_FISCAL_ITEM_HIST;Hístórico do item da nota fiscal;2777599749;N;44;VLR_REDUCAO_BC_PERC;NUMBER;22;Y;4;2;7376;2722137467;NO;Percentual da redução de BC do ICMS Normal.; (: )
exaprod;SITRAM2;NOTA_FISCAL_ITEM_HIST;Hístórico do item da nota fiscal;2777599749;N;15;VLR_TOTAL;NUMBER;22;Y;6;5;6687744;2451;NO;Valor Total do Item. É digitado.; (: )
exaprod;SITRAM2;NOTA_FISCAL_ITEM_HIST;Hístórico do item da nota fiscal;2777599749;N;43;VLR_UNIT_COM;NUMBER;22;Y;10;5;20363264;2104638;NO;"Valor unitário de comercializa;ão"; (: )
exaprod;SITRAM2;NOTA_FISCAL_TRANSF_RESP;Tabela de relacionamento que representa as transferências de responsabilidade de uma nota fiscal.;39;N;1;SEQ_NOTA_FISCAL;NUMBER;22;N;0;9;35;0;NO;Identificador único de instância de Nota Fiscal.;FK_NOT_FIS_R_NOT_FIS_TRA_RES (FOREIGN KEY: ENABLED)- PK_NOTA_FISCAL_TRANSF_RESP (PRIMARY KEY: ENABLED)- SYS_C001502611 (C: ENABLED)
exaprod;SITRAM2;NOTA_FISCAL_TRANSF_RESP;Tabela de relacionamento que representa as transferências de responsabilidade de uma nota fiscal.;39;N;2;SEQ_TRANSF_RESPONSABILIDADE;NUMBER;22;N;0;9;39;0;NO;Identificador único de instância de Transferência de Responsabilidade.;FK_TRA_RES_R_NOT_FIS_TRA_RES (FOREIGN KEY: ENABLED)- PK_NOTA_FISCAL_TRANSF_RESP (PRIMARY KEY: ENABLED)- SYS_C001502612 (C: ENABLED)
exaprod;SITRAM2;NOTA_OP_ANTERIOR;Associac?o entre Nota Fiscal com CFOP que necessita da digitac?o de nota fiscal correspondente a operac?o anterior (ex. Devoluc?o).;30536813;N;5;COD_CONFIG_ORGAO;NUMBER;22;Y;0;3;1;70343;NO;Codigo do Posto ou outro Org?o Local que tenha base de dados local.;FK_ACE_R_NOT_OP_ANT (FOREIGN KEY: ENABLED)
exaprod;SITRAM2;NOTA_OP_ANTERIOR;Associac?o entre Nota Fiscal com CFOP que necessita da digitac?o de nota fiscal correspondente a operac?o anterior (ex. Devoluc?o).;30536813;N;9;COD_EMITENTE;NUMBER;22;Y;0;9;168656;1280790;NO;Código do emitente da NF-e anterior.; (: )
exaprod;SITRAM2;NOTA_OP_ANTERIOR;Associac?o entre Nota Fiscal com CFOP que necessita da digitac?o de nota fiscal correspondente a operac?o anterior (ex. Devoluc?o).;30536813;N;12;COD_EMITENTE_A;VARCHAR2;14;Y;;15;172032;1287755;NO;CNPJ no formato alfanumerico conforme o novo padrao; (: )
exaprod;SITRAM2;NOTA_OP_ANTERIOR;Associac?o entre Nota Fiscal com CFOP que necessita da digitac?o de nota fiscal correspondente a operac?o anterior (ex. Devoluc?o).;30536813;N;10;COD_FINALIDADE;NUMBER;22;Y;0;3;5;2482484;NO;Código da Finalidade das notas referenciadas.; (: )
exaprod;SITRAM2;NOTA_OP_ANTERIOR;Associac?o entre Nota Fiscal com CFOP que necessita da digitac?o de nota fiscal correspondente a operac?o anterior (ex. Devoluc?o).;30536813;N;7;DAT_EMISSAO;DATE;7;Y;;8;10317824;281320;NO;Data de emiss?o da nota fiscal anterior.; (: )
exaprod;SITRAM2;NOTA_OP_ANTERIOR;Associac?o entre Nota Fiscal com CFOP que necessita da digitac?o de nota fiscal correspondente a operac?o anterior (ex. Devoluc?o).;30536813;N;8;NUM_CHAVE_ACESSO;VARCHAR2;44;Y;;44;17713152;1165060;NO;Chave de acesso da NF-e anterior.; (: )
exaprod;SITRAM2;NOTA_OP_ANTERIOR;Associac?o entre Nota Fiscal com CFOP que necessita da digitac?o de nota fiscal correspondente a operac?o anterior (ex. Devoluc?o).;30536813;N;6;NUM_NOTA_FISCAL;NUMBER;22;N;0;6;7002624;0;NO;Numero da nota fiscal digitada no posto como NF da operac?o origem da devoluc?o.;SYS_C00190340 (C: ENABLED)
exaprod;SITRAM2;NOTA_OP_ANTERIOR;Associac?o entre Nota Fiscal com CFOP que necessita da digitac?o de nota fiscal correspondente a operac?o anterior (ex. Devoluc?o).;30536813;N;4;SEQ_ACESSO;NUMBER;22;Y;0;7;2462976;70343;NO;Identificac?o do ultimo acesso do registro, a partir do SISSEG.;FK_ACE_R_NOT_OP_ANT (FOREIGN KEY: ENABLED)
exaprod;SITRAM2;NOTA_OP_ANTERIOR;Associac?o entre Nota Fiscal com CFOP que necessita da digitac?o de nota fiscal correspondente a operac?o anterior (ex. Devoluc?o).;30536813;N;2;SEQ_NOTA_FISCAL;NUMBER;22;Y;0;9;16130048;0;NO;Identificador da Nota Fiscal com CFOP que exige a informac?o das notas fiscais da operac?o anterior. Ex. Nota Fiscal com CFOP de devoluc?o ou venda em consignac?o.;FK_NOT_FIS_R_NOT_OP_ANT (FOREIGN KEY: ENABLED)
exaprod;SITRAM2;NOTA_OP_ANTERIOR;Associac?o entre Nota Fiscal com CFOP que necessita da digitac?o de nota fiscal correspondente a operac?o anterior (ex. Devoluc?o).;30536813;N;1;SEQ_NOTA_OP_ANTERIOR;NUMBER;22;N;0;10;30536813;0;NO;Identificador unico da NF da operac?o anterior.;PK_NOTA_OP_ANTERIOR (PRIMARY KEY: ENABLED)- SYS_C00190339 (C: ENABLED)
exaprod;SITRAM2;NOTA_OP_ANTERIOR;Associac?o entre Nota Fiscal com CFOP que necessita da digitac?o de nota fiscal correspondente a operac?o anterior (ex. Devoluc?o).;30536813;N;3;SEQ_NOTA_OP_ORI;NUMBER;22;Y;0;2;478144;29687759;NO;Identificador da Nota Fiscal selada na operac?o original. Trazido pelo webservice disparado a partir do posto fiscal. Tornada chave estrangeira quando chega na sede, via sincronismo.; (: )
exaprod;SITRAM2;NOTA_OP_ANTERIOR;Associac?o entre Nota Fiscal com CFOP que necessita da digitac?o de nota fiscal correspondente a operac?o anterior (ex. Devoluc?o).;30536813;N;11;VLR_TOTAL_NOTA;NUMBER;22;Y;2;5;2070912;2645434;NO;Valor total da nota fiscal.; (: )
exaprod;SITRAM2;NOTIFICACAO_CONTRIBUINTE;Tabela sera usada para o envio de e-mail para notificar o contribuinte quando sua ação for processada.;1;N;6;DAT_CRIACAO;DATE;7;N;;8;1;0;NO;Data de Criação da notificação;SYS_C001526933 (C: ENABLED)
exaprod;SITRAM2;NOTIFICACAO_CONTRIBUINTE;Tabela sera usada para o envio de e-mail para notificar o contribuinte quando sua ação for processada.;1;N;8;DAT_EMAIL_HOMOLOGADO;DATE;7;Y;;8;1;0;NO;Data em que o e-mail de homologado foi enviado.; (: )
exaprod;SITRAM2;NOTIFICACAO_CONTRIBUINTE;Tabela sera usada para o envio de e-mail para notificar o contribuinte quando sua ação for processada.;1;N;7;DAT_EMAIL_PROCESSADO;DATE;7;Y;;8;1;0;NO;Data em que o e-mail de processado foi enviado.; (: )
exaprod;SITRAM2;NOTIFICACAO_CONTRIBUINTE;Tabela sera usada para o envio de e-mail para notificar o contribuinte quando sua ação for processada.;1;N;5;DSC_EMAIL;VARCHAR2;100;N;;41;1;0;NO;E-mail do contribuinte;SYS_C001526932 (C: ENABLED)
exaprod;SITRAM2;NOTIFICACAO_CONTRIBUINTE;Tabela sera usada para o envio de e-mail para notificar o contribuinte quando sua ação for processada.;1;N;2;SEQ_ACAO_FISCAL;NUMBER;22;N;0;8;1;0;NO;Identificador da acao fiscal;FK_ACA_FIS_R_NOT_CON (FOREIGN KEY: ENABLED)- SYS_C001526929 (C: ENABLED)
exaprod;SITRAM2;NOTIFICACAO_CONTRIBUINTE;Tabela sera usada para o envio de e-mail para notificar o contribuinte quando sua ação for processada.;1;N;9;SEQ_CONTRIBUINTE;NUMBER;22;Y;0;6;1;0;NO;Identificador contribuinte; (: )
exaprod;SITRAM2;NOTIFICACAO_CONTRIBUINTE;Tabela sera usada para o envio de e-mail para notificar o contribuinte quando sua ação for processada.;1;N;1;SEQ_NOTIFICACAO_CONTRIBUINTE;NUMBER;22;N;0;3;1;0;NO;Identificador único de instância da notificacao;PK_NOTIFICACAO_CONTRIBUINTE (PRIMARY KEY: ENABLED)- SYS_C001526928 (C: ENABLED)
exaprod;SITRAM2;NOTIFICACAO_CONTRIBUINTE;Tabela sera usada para o envio de e-mail para notificar o contribuinte quando sua ação for processada.;1;N;4;STA_ENVIO_EMAIL_HOMOLOGADO;NUMBER;22;N;0;3;1;0;NO;Checky para saber se o e-mail de homologado ja foi enviado;SYS_C001526931 (C: ENABLED)
exaprod;SITRAM2;NOTIFICACAO_CONTRIBUINTE;Tabela sera usada para o envio de e-mail para notificar o contribuinte quando sua ação for processada.;1;N;3;STA_ENVIO_EMAIL_PROCESSADO;NUMBER;22;N;0;3;1;0;NO;Checky para saber se o e-mail de processado ja foi enviado;SYS_C001526930 (C: ENABLED)
exaprod;SITRAM2;ORGAO_ATIVO;Tabela para guardar CNPJ de orgaos ativos do estado;953;N;2;CNPJ;VARCHAR2;14;Y;;15;953;0;NO;; (: )
exaprod;SITRAM2;ORGAO_ATIVO;Tabela para guardar CNPJ de orgaos ativos do estado;953;N;1;SEQ_ORGAO_ATIVO;NUMBER;22;N;;5;953;0;NO;;PK_ORGAO_ATIVO (PRIMARY KEY: ENABLED)- SYS_C001542186 (C: ENABLED)
exaprod;SITRAM2;PARAMETRO;Conjunto de parametros definidos para o SITRAM.;1191;N;2;COD_PARAMETRO;VARCHAR2;20;N;;20;125;0;NO;Codigo do Parametro.;SYS_C00190343 (C: ENABLED)
exaprod;SITRAM2;PARAMETRO;Conjunto de parametros definidos para o SITRAM.;1191;N;8;DAT_VALIDADE_FIM;DATE;7;Y;;8;729;126;NO;Data de fim de validade do parametro.; (: )
exaprod;SITRAM2;PARAMETRO;Conjunto de parametros definidos para o SITRAM.;1191;N;7;DAT_VALIDADE_INICIO;DATE;7;N;;8;787;0;NO;Data de inicio de validade do parametro.;SYS_C00190347 (C: ENABLED)
exaprod;SITRAM2;PARAMETRO;Conjunto de parametros definidos para o SITRAM.;1191;N;3;DSC_PARAMETRO;VARCHAR2;255;N;;56;124;0;NO;Descric?o do parametro.;SYS_C00190344 (C: ENABLED)
exaprod;SITRAM2;PARAMETRO;Conjunto de parametros definidos para o SITRAM.;1191;N;1;SEQ_PARAMETRO;NUMBER;22;N;0;4;1191;0;NO;Identificador da Instancia de Parametro;PK_PARAMETRO (PRIMARY KEY: ENABLED)- SYS_C00190342 (C: ENABLED)
exaprod;SITRAM2;PARAMETRO;Conjunto de parametros definidos para o SITRAM.;1191;N;6;STA_SOMENTE_LEITURA;NUMBER;22;N;0;3;2;0;NO;Campo que identifica se a tupla e ou n?o read-only.;SYS_C00190895 (C: ENABLED)
exaprod;SITRAM2;PARAMETRO;Conjunto de parametros definidos para o SITRAM.;1191;N;5;TIP_PARAMETRO;NUMBER;22;N;0;3;5;0;NO;Tipo do Parametro;CKC_TIP_PAR_PAR (C: ENABLED)- SYS_C00190346 (C: ENABLED)
exaprod;SITRAM2;PARAMETRO;Conjunto de parametros definidos para o SITRAM.;1191;N;4;VLR_PARAMETRO;VARCHAR2;255;N;;8;188;0;NO;Valor do parametro.;SYS_C00190345 (C: ENABLED)
exaprod;SITRAM2;PAUTA;Tabela que representa uma Pauta de uma Configuração de Produto.;66775;N;5;DSC_CRITERIO;VARCHAR2;1024;Y;;2;15;66585;NO;Critério que indica a aplicação da pauta.; (: )
exaprod;SITRAM2;PAUTA;Tabela que representa uma Pauta de uma Configuração de Produto.;66775;N;2;DSC_PAUTA;VARCHAR2;100;Y;;4;729;62084;NO;Informa a Descrição de uma Pauta.; (: )
exaprod;SITRAM2;PAUTA;Tabela que representa uma Pauta de uma Configuração de Produto.;66775;N;1;SEQ_PAUTA;NUMBER;22;N;0;5;66775;0;NO;Identificador Único de uma Pauta;PK_PAUTA (PRIMARY KEY: ENABLED)- SYS_C00190791 (C: ENABLED)
exaprod;SITRAM2;PAUTA;Tabela que representa uma Pauta de uma Configuração de Produto.;66775;N;4;SEQ_VERSAO_CONFIGURACAO;NUMBER;22;N;0;5;66384;0;NO;Identificador Único de uma configuração;FK_VER_CON_R_PAU (FOREIGN KEY: ENABLED)- SYS_C00190793 (C: ENABLED)
exaprod;SITRAM2;PAUTA;Tabela que representa uma Pauta de uma Configuração de Produto.;66775;N;3;VLR_PAUTA;NUMBER;22;N;6;4;8431;0;NO;Informa o Valor de uma Pauta.;SYS_C001517082 (C: ENABLED)
exaprod;SITRAM2;PAUTA_UF;Relacionamento entre Pauta  e Unidade Federativa;1800008;N;2;COD_UF;NUMBER;22;N;0;3;28;0;NO;UF da Pauta.;FK_UF_R_PAU_UF (FOREIGN KEY: ENABLED)- PK_PAUTA_UF (PRIMARY KEY: ENABLED)- SYS_C00190796 (C: ENABLED)
exaprod;SITRAM2;PAUTA_UF;Relacionamento entre Pauta  e Unidade Federativa;1800008;N;1;SEQ_PAUTA;NUMBER;22;N;0;5;67840;0;NO;Identificador Único de uma Pauta;FK_PAU_R_PAU_UF (FOREIGN KEY: ENABLED)- PK_PAUTA_UF (PRIMARY KEY: ENABLED)- SYS_C00190795 (C: ENABLED)
exaprod;SITRAM2;PENDENCIA_INFORMACAO_TRANSPORT;Informacao destinada ao transportador relacionado a uma pendencia;45002;N;5;DAT_CRIACAO;DATE;7;Y;;8;39568;0;NO;data da criacao da informacao; (: )
exaprod;SITRAM2;PENDENCIA_INFORMACAO_TRANSPORT;Informacao destinada ao transportador relacionado a uma pendencia;45002;N;4;MENSAGEM;VARCHAR2;255;Y;;34;37824;181;NO;Mensagem destinada ao tomador; (: )
exaprod;SITRAM2;PENDENCIA_INFORMACAO_TRANSPORT;Informacao destinada ao transportador relacionado a uma pendencia;45002;N;2;SEQ_ACAO_FISCAL_PEND;NUMBER;22;Y;0;11;23154;0;NO;Identificador único de instância de Pendência de Ação Fiscal.;FK_PENDENCI_FK_ACA_FI_ACAO_FIS (FOREIGN KEY: ENABLED)
exaprod;SITRAM2;PENDENCIA_INFORMACAO_TRANSPORT;Informacao destinada ao transportador relacionado a uma pendencia;45002;N;1;SEQ_PENDENCIA_INFORMACAO_TRANS;NUMBER;22;N;0;5;45002;0;NO;Sequencial da informacao;PK_PENDENCIA_INFORMACAO_TRANSP (PRIMARY KEY: ENABLED)- SYS_C001561531 (C: ENABLED)
exaprod;SITRAM2;PENDENCIA_INFORMACAO_TRANSPORT;Informacao destinada ao transportador relacionado a uma pendencia;45002;N;3;SEQ_USUARIO;NUMBER;22;Y;0;6;63;0;NO;Seqüencial do usuário;FK_PENDENCI_FK_USU (FOREIGN KEY: ENABLED)
exaprod;SITRAM2;PROCESSO;Tabela que armazena dados de processos assincronos;9493;N;5;DAT_FIM;DATE;7;Y;;8;9047;367;NO;Data de encerramento do processo; (: )
exaprod;SITRAM2;PROCESSO;Tabela que armazena dados de processos assincronos;9493;N;4;DAT_INICIO;DATE;7;N;;8;9485;0;NO;Data de inicio do processo.;SYS_C001555034 (C: ENABLED)
exaprod;SITRAM2;PROCESSO;Tabela que armazena dados de processos assincronos;9493;N;3;DSC_ENTRADA;VARCHAR2;512;N;;199;9034;0;NO;Informacoes de entrada do processo;SYS_C001555033 (C: ENABLED)
exaprod;SITRAM2;PROCESSO;Tabela que armazena dados de processos assincronos;9493;N;7;DSC_ERRO;VARCHAR2;1024;Y;;84;18;3441;NO;; (: )
exaprod;SITRAM2;PROCESSO;Tabela que armazena dados de processos assincronos;9493;N;1;SEQ_PROCESSO;NUMBER;22;N;0;8;9493;0;NO;Sequencial do processo;PK_PROCESSO (PRIMARY KEY: ENABLED)- SYS_C001555031 (C: ENABLED)
exaprod;SITRAM2;PROCESSO;Tabela que armazena dados de processos assincronos;9493;N;6;STA_PROCESSO;NUMBER;22;N;0;3;4;0;NO;Situação do processo;SYS_C001555035 (C: ENABLED)
exaprod;SITRAM2;PROCESSO;Tabela que armazena dados de processos assincronos;9493;N;2;TIP_PROCESSO;NUMBER;22;N;0;3;7;0;NO;Tipo do processo;SYS_C001555032 (C: ENABLED)
exaprod;SITRAM2;PROCESSO_EXTERNO;Tabela que representa processos externos para notas fiscais do sitram;949916;N;5;DAT_ENTRADA_PROCESSO;DATE;7;Y;;8;215888;0;NO;Data de entrada do processo; (: )
exaprod;SITRAM2;PROCESSO_EXTERNO;Tabela que representa processos externos para notas fiscais do sitram;949916;N;6;DAT_FINALIZACAO_PROCESSO;DATE;7;Y;;8;197552;0;NO;Data de finalização do processo; (: )
exaprod;SITRAM2;PROCESSO_EXTERNO;Tabela que representa processos externos para notas fiscais do sitram;949916;N;7;DSC_SITUACAO;VARCHAR2;100;Y;;17;8;0;NO;Descrição da situação do processo; (: )
exaprod;SITRAM2;PROCESSO_EXTERNO;Tabela que representa processos externos para notas fiscais do sitram;949916;N;4;NUM_ANO_PROCESSO;NUMBER;22;N;0;4;4;0;NO;Ano do processo;PK_PROCESSO_EXTERNO (PRIMARY KEY: ENABLED)- SYS_C001527130 (C: ENABLED)
exaprod;SITRAM2;PROCESSO_EXTERNO;Tabela que representa processos externos para notas fiscais do sitram;949916;N;2;NUM_CHAVE_ACESSO;VARCHAR2;100;Y;;45;913280;80;NO;Chave de acesso da nota fiscal; (: )
exaprod;SITRAM2;PROCESSO_EXTERNO;Tabela que representa processos externos para notas fiscais do sitram;949916;N;3;NUM_PROCESSO;VARCHAR2;20;N;;9;222144;0;NO;Número do processo;PK_PROCESSO_EXTERNO (PRIMARY KEY: ENABLED)- SYS_C001527129 (C: ENABLED)
exaprod;SITRAM2;PROCESSO_EXTERNO;Tabela que representa processos externos para notas fiscais do sitram;949916;N;1;SEQ_NOTA_FISCAL;NUMBER;22;N;0;9;907840;0;NO;Sequencial da nota fiscal;PK_PROCESSO_EXTERNO (PRIMARY KEY: ENABLED)- SYS_C001527128 (C: ENABLED)
exaprod;SITRAM2;PROCESSO_ITEM;Tabela de itens de um processo assíncrono;5651530;N;4;DAT_FIM;DATE;7;Y;;8;1025920;162916;NO;Data fim do processamento do item; (: )
exaprod;SITRAM2;PROCESSO_ITEM;Tabela de itens de um processo assíncrono;5651530;N;3;DAT_INICIO;DATE;7;N;;8;819328;0;NO;Data de incio do processamento do item;SYS_C001555039 (C: ENABLED)
exaprod;SITRAM2;PROCESSO_ITEM;Tabela de itens de um processo assíncrono;5651530;N;6;DSC_ERRO;VARCHAR2;1024;Y;;0;0;5651530;NO;; (: )
exaprod;SITRAM2;PROCESSO_ITEM;Tabela de itens de um processo assíncrono;5651530;N;2;SEQ_PROCESSO;NUMBER;22;N;0;8;3445;0;NO;Sequencial do processo;FK_PROC_R_ITEM (FOREIGN KEY: ENABLED)- SYS_C001555038 (C: ENABLED)
exaprod;SITRAM2;PROCESSO_ITEM;Tabela de itens de um processo assíncrono;5651530;N;1;SEQ_PROCESSO_ITEM;NUMBER;22;N;0;6;5651530;0;NO;Sequencial do item;PK_PROCESSO_ITEM (PRIMARY KEY: ENABLED)- SYS_C001555037 (C: ENABLED)
exaprod;SITRAM2;PROCESSO_ITEM;Tabela de itens de um processo assíncrono;5651530;N;5;STA_ITEM_PROCESSO;NUMBER;22;N;0;3;3;0;NO;Situacao de processamento do item;SYS_C001555040 (C: ENABLED)
exaprod;SITRAM2;PROCESSO_RESULTADO;;221154;N;2;SEQ_PROCESSO;NUMBER;22;N;0;8;2565;0;NO;Sequencial do processo;FK_PRO_R_PROCR (FOREIGN KEY: ENABLED)- SYS_C001555053 (C: ENABLED)
exaprod;SITRAM2;PROCESSO_RESULTADO;;221154;N;1;SEQ_PROC_RESULT;NUMBER;22;N;0;5;221154;0;NO;Sequencial do processo resultado;PK_PROCESSO_RESULTADO (PRIMARY KEY: ENABLED)- SYS_C001555052 (C: ENABLED)
exaprod;SITRAM2;PROC_ITEM_NOTA_DAE;;5492183;N;4;COD_RECEITA;NUMBER;22;N;0;4;5;0;NO;Codigo receita;SYS_C001555046 (C: ENABLED)
exaprod;SITRAM2;PROC_ITEM_NOTA_DAE;;5492183;N;6;DAT_PAGAMENTO;DATE;7;Y;;8;255;0;NO;Data de pagamento; (: )
exaprod;SITRAM2;PROC_ITEM_NOTA_DAE;;5492183;N;5;DAT_VENCIMENTO;DATE;7;Y;;8;1157;315;NO;Data de vencimento; (: )
exaprod;SITRAM2;PROC_ITEM_NOTA_DAE;;5492183;N;3;SEQ_NOTA_FISCAL;NUMBER;22;N;0;9;2770688;0;NO;Identificador único de instância de Nota Fiscal.;FK_PROC_ITE_FK_PNDAE__NOTA_FIS (FOREIGN KEY: ENABLED)- SYS_C001555045 (C: ENABLED)
exaprod;SITRAM2;PROC_ITEM_NOTA_DAE;;5492183;N;2;SEQ_PROCESSO_ITEM;NUMBER;22;N;0;6;5492183;0;NO;Sequencial do processo item;FK_PNTD_R_PIT (FOREIGN KEY: ENABLED)- SYS_C001555044 (C: ENABLED)
exaprod;SITRAM2;PROC_ITEM_NOTA_DAE;;5492183;N;1;SEQ_PROC_IT_NOTA_DAE;NUMBER;22;N;0;6;5492183;0;NO;Sequencial do item nota DAE;PK_PROC_ITEM_NOTA_DAE (PRIMARY KEY: ENABLED)- SYS_C001555043 (C: ENABLED)
exaprod;SITRAM2;PROC_ITEM_NOTA_DAE;;5492183;N;9;VLR_JUROS;NUMBER;22;N;2;3;7364;0;NO;Valor juros;SYS_C001555049 (C: ENABLED)
exaprod;SITRAM2;PROC_ITEM_NOTA_DAE;;5492183;N;8;VLR_MULTA;NUMBER;22;N;2;4;7498;0;NO;Valor multa;SYS_C001555048 (C: ENABLED)
exaprod;SITRAM2;PROC_ITEM_NOTA_DAE;;5492183;N;7;VLR_PRINCIPAL;NUMBER;22;N;2;5;30056;0;NO;Valor principal;SYS_C001555047 (C: ENABLED)
exaprod;SITRAM2;PROC_RESULT_NF_DAE;Tabela que armazena resultados com DAE de nota;221155;N;3;SEQ_DAE_EMITIDO;NUMBER;22;Y;0;7;220288;0;NO;;FK_PROC_RES_FK_PRDAE_DAE_EMIT (FOREIGN KEY: ENABLED)
exaprod;SITRAM2;PROC_RESULT_NF_DAE;Tabela que armazena resultados com DAE de nota;221155;N;1;SEQ_PROC_RES_NF_DAE;NUMBER;22;N;0;5;221155;0;NO;Sequencial do resultado por DAE;PK_PROC_RESULT_NF_DAE (PRIMARY KEY: ENABLED)- SYS_C001555056 (C: ENABLED)
exaprod;SITRAM2;PROC_RESULT_NF_DAE;Tabela que armazena resultados com DAE de nota;221155;N;2;SEQ_PROC_RESULT;NUMBER;22;N;0;5;221155;0;NO;Sequencial do processo resultado;FK_PRDAE_R_PRES (FOREIGN KEY: ENABLED)- SYS_C001555057 (C: ENABLED)
exaprod;SITRAM2;PRODUTO;Dados básicos de produto.;14539;N;3;COD_PRODUTO;VARCHAR2;11;N;;7;14539;0;NO;Campo que identifica o produto no sitram (Grupo do produto com o código do produto);PRODUTO_UK1 (UNIQUE: ENABLED)- SYS_C00190798 (C: ENABLED)
exaprod;SITRAM2;PRODUTO;Dados básicos de produto.;14539;N;5;DSC_UNIDADE_COMPLEMENTO;VARCHAR2;10;Y;;2;96;13988;NO;Complemento para definição da unidade de Produto (ex. 10 caixas, 100 kg, pacotes com 24 de 1 kg).; (: )
exaprod;SITRAM2;PRODUTO;Dados básicos de produto.;14539;N;2;SEQ_CONFIGURACAO;NUMBER;22;Y;0;5;14539;0;NO;Identificador Único de uma Configuracao.;FK_CON_R_PRO (FOREIGN KEY: ENABLED)
exaprod;SITRAM2;PRODUTO;Dados básicos de produto.;14539;N;1;SEQ_PRODUTO;NUMBER;22;N;0;5;14539;0;NO;Identificador único de instância de Produto.;PK_PRODUTO (PRIMARY KEY: ENABLED)- SYS_C00190797 (C: ENABLED)
exaprod;SITRAM2;PRODUTO;Dados básicos de produto.;14539;N;4;TIP_UNIDADE;NUMBER;22;Y;0;3;14;3;NO;Tipo de unidade do Produto (ex. m3, caixa, etc.).;CKC_TIP_UNI_PRO (C: ENABLED)
exaprod;SITRAM2;PRODUTO_NCM;Associac?o entre Produto e codigos de NCM. A relac?o e N x N.;0;N;1;COD_NCM;NUMBER;22;N;0;0;0;0;NO;Codigo da NCM;FK_NCM_R_PRO_NCM (FOREIGN KEY: ENABLED)- PK_PRODUTO_NCM (PRIMARY KEY: ENABLED)- SYS_C00190355 (C: ENABLED)
exaprod;SITRAM2;PRODUTO_NCM;Associac?o entre Produto e codigos de NCM. A relac?o e N x N.;0;N;2;SEQ_PRODUTO;NUMBER;22;N;0;0;0;0;NO;Identificador unico de instancia de Produto.;FK_PRO_R_PRO_NCM (FOREIGN KEY: ENABLED)- PK_PRODUTO_NCM (PRIMARY KEY: ENABLED)- SYS_C00190356 (C: ENABLED)
exaprod;SITRAM2;SOLICITACAO_SANFIT;Tabela utilizada para extração de dados do SANFIT;108696;N;2;COD_MOTIVO;NUMBER;22;N;0;4;5;0;NO;Código do motivo da alteração da nota fiscal no SANFIT;SYS_C001520739 (C: ENABLED)
exaprod;SITRAM2;SOLICITACAO_SANFIT;Tabela utilizada para extração de dados do SANFIT;108696;N;4;DAT_HORA_CADASTRO;TIMESTAMP(6);11;N;6;11;41552;0;NO;Data e hora de entrada do processo no SANFIT;SYS_C001520741 (C: ENABLED)
exaprod;SITRAM2;SOLICITACAO_SANFIT;Tabela utilizada para extração de dados do SANFIT;108696;N;1;DSC_CHAVE_ACESSO;VARCHAR2;50;N;;45;104736;0;NO;Chave de acesso da nota fiscal;SYS_C001520738 (C: ENABLED)
exaprod;SITRAM2;SOLICITACAO_SANFIT;Tabela utilizada para extração de dados do SANFIT;108696;N;3;DSC_SITUACAO;VARCHAR2;50;N;;13;10;0;NO;Situação do processo no SANFIT;SYS_C001520740 (C: ENABLED)
exaprod;SITRAM2;SOLICITACAO_SANFIT;Tabela utilizada para extração de dados do SANFIT;108696;N;6;NUM_ANO_PROCESSO;NUMBER;22;Y;0;4;4;0;NO;Ano do Processo do SANFIT (VIPRO) associado ao documento fiscal; (: )
exaprod;SITRAM2;SOLICITACAO_SANFIT;Tabela utilizada para extração de dados do SANFIT;108696;N;5;NUM_PROCESSO;VARCHAR2;8;Y;;9;41840;0;NO;Número do Processo do SANFIT (VIPRO) associado ao documento fiscal; (: )
exaprod;SITRAM2;TIPO_ACAO;Tipo de ac?o a ser tomada pelo fiscal diante da ocorrencia de uma mensagem.;30;N;2;DSC_TIPO_ACAO;VARCHAR2;100;N;;33;30;0;NO;Descric?o do tipo de ac?o.;SYS_C00190378 (C: ENABLED)
exaprod;SITRAM2;TIPO_ACAO;Tipo de ac?o a ser tomada pelo fiscal diante da ocorrencia de uma mensagem.;30;N;1;SEQ_TIPO_ACAO;NUMBER;22;N;0;3;30;0;NO;Identificador unico de tipo de ac?o a ser tomada pelo fiscal.;PK_TIPO_ACAO (PRIMARY KEY: ENABLED)- SYS_C00190377 (C: ENABLED)
exaprod;SITRAM2;TIPO_ACAO;Tipo de ac?o a ser tomada pelo fiscal diante da ocorrencia de uma mensagem.;30;N;3;STA_ATIVO;NUMBER;22;N;0;3;1;0;NO;Indica se o tipo de ac?o pode ou n?o ser utilizado nas novas mensagens.;CKC_STA_ATI_TIP_ACA (C: ENABLED)- SYS_C00190379 (C: ENABLED)
exaprod;SITRAM2;TIPO_ACAO_RELATO;Relatos sugeridos para cada tipo de ac?o que pode ser tomada pelo fiscal, na ocorrencia de determinada mensagem.;77;N;3;DSC_RELATO_PRELIMINAR;VARCHAR2;1024;N;;59;77;0;NO;Modelo do relato que o fiscal deve preencher.;SYS_C00190382 (C: ENABLED)
exaprod;SITRAM2;TIPO_ACAO_RELATO;Relatos sugeridos para cada tipo de ac?o que pode ser tomada pelo fiscal, na ocorrencia de determinada mensagem.;77;N;2;SEQ_TIPO_ACAO;NUMBER;22;N;0;3;26;0;NO;Identificador do tipo de ac?o a ser tomada pelo fiscal.;FK_TIP_ACA_R_TIP_ACA_REL (FOREIGN KEY: ENABLED)- SYS_C00190381 (C: ENABLED)
exaprod;SITRAM2;TIPO_ACAO_RELATO;Relatos sugeridos para cada tipo de ac?o que pode ser tomada pelo fiscal, na ocorrencia de determinada mensagem.;77;N;1;SEQ_TIPO_ACAO_RELATO;NUMBER;22;N;0;3;77;0;NO;Identificador unico de instancia de Relato para Tipo de Ac?o.;PK_TIPO_ACAO_RELATO (PRIMARY KEY: ENABLED)- SYS_C00190380 (C: ENABLED)
exaprod;SITRAM2;TIPO_LANCAMENTO;Tipo de lancamento (credito ou debito) que pode acontencer na conta-corrente do contribuinte.;3;N;1;COD_TIPO_LANCAMENTO;NUMBER;22;N;0;4;3;0;NO;Codigo do tipo de lancamento. Ex. 10.;PK_TIPO_LANCAMENTO (PRIMARY KEY: ENABLED)- SYS_C00190383 (C: ENABLED)
exaprod;SITRAM2;TIPO_LANCAMENTO;Tipo de lancamento (credito ou debito) que pode acontencer na conta-corrente do contribuinte.;3;N;2;DSC_TIPO_LANCAMENTO;VARCHAR2;100;N;;16;3;0;NO;Descric?o do tipo de lancamento. Ex. Debito de ICMS.;SYS_C00190384 (C: ENABLED)
exaprod;SITRAM2;TIPO_LANCAMENTO;Tipo de lancamento (credito ou debito) que pode acontencer na conta-corrente do contribuinte.;3;N;3;STA_CREDITO;NUMBER;22;N;0;3;2;0;NO;Indica se e credito. Caso igual a 1 significa Credito. Caso igual a 0 significa debito.;CKC_STA_CRE_TIP_LAN (C: ENABLED)- SYS_C00190385 (C: ENABLED)
exaprod;SITRAM2;TIPO_REGIME;Tipo de Regime de Tributação. Ex. Substituição, Antecipação, Diferencial de Alíquota etc.;8;N;2;COD_RECEITA;NUMBER;22;N;0;4;8;0;NO;Código da receita ( COD-RECEITA-CRD );FK_COD_REC_R_TIP_REG (FOREIGN KEY: ENABLED)- SYS_C00190804 (C: ENABLED)
exaprod;SITRAM2;TIPO_REGIME;Tipo de Regime de Tributação. Ex. Substituição, Antecipação, Diferencial de Alíquota etc.;8;N;4;DSC_ABREVIATURA;VARCHAR2;4;N;;5;8;0;NO;Abreviação do tipo de regime.;SYS_C00190806 (C: ENABLED)
exaprod;SITRAM2;TIPO_REGIME;Tipo de Regime de Tributação. Ex. Substituição, Antecipação, Diferencial de Alíquota etc.;8;N;3;NOM_TIP_REGIME;VARCHAR2;50;N;;15;8;0;NO;Nome do tipo de regime.;SYS_C00190805 (C: ENABLED)
exaprod;SITRAM2;TIPO_REGIME;Tipo de Regime de Tributação. Ex. Substituição, Antecipação, Diferencial de Alíquota etc.;8;N;1;SEQ_TIPO_REGIME;NUMBER;22;N;0;3;8;0;NO;Identificador único de instância de Tipo de Regime.;PK_TIPO_REGIME (PRIMARY KEY: ENABLED)- SYS_C00190803 (C: ENABLED)
exaprod;SITRAM2;TIPO_RESPOSTA;Tipo de resposta que o fiscal deve fornecer diante da ocorrencia de uma determinada mensagem.;12;N;2;DSC_TIPO_RESPOSTA;VARCHAR2;100;N;;27;12;0;NO;Descric?o do tipo de resposta.;SYS_C00190393 (C: ENABLED)
exaprod;SITRAM2;TIPO_RESPOSTA;Tipo de resposta que o fiscal deve fornecer diante da ocorrencia de uma determinada mensagem.;12;N;1;SEQ_TIPO_RESPOSTA;NUMBER;22;N;0;3;12;0;NO;Identificador unico de tipo de resposta a ser respondida pelo fiscal na ocorrencia de mensagem.;PK_TIPO_RESPOSTA (PRIMARY KEY: ENABLED)- SYS_C00190392 (C: ENABLED)
exaprod;SITRAM2;TIPO_RESPOSTA;Tipo de resposta que o fiscal deve fornecer diante da ocorrencia de uma determinada mensagem.;12;N;3;STA_ATIVO;NUMBER;22;N;0;3;1;0;NO;Indica se o tipo de resposta pode ou n?o ser utilizado nas novas mensagens.;CKC_STA_ATI_TIP_RES (C: ENABLED)- SYS_C00190394 (C: ENABLED)
exaprod;SITRAM2;TRANSF_RESPONSABILIDADE;Transferência de Responsabilidade das notas fiscais.;39;N;4;DAT_TRANSF_RESPONSABILIDADE;DATE;7;N;;8;15;0;NO;;SYS_C001502608 (C: ENABLED)
exaprod;SITRAM2;TRANSF_RESPONSABILIDADE;Transferência de Responsabilidade das notas fiscais.;39;N;3;NUM_PLACA_PRINCIPAL;VARCHAR2;7;Y;;8;10;1;NO;Número da placa primária. ; (: )
exaprod;SITRAM2;TRANSF_RESPONSABILIDADE;Transferência de Responsabilidade das notas fiscais.;39;N;2;SEQ_RESP_TRANSF;NUMBER;22;N;0;6;11;0;NO;Identificador único de instância de Pessoa no Cadastro.;FK_PES_R_TRA_RES (FOREIGN KEY: ENABLED)- SYS_C001502607 (C: ENABLED)
exaprod;SITRAM2;TRANSF_RESPONSABILIDADE;Transferência de Responsabilidade das notas fiscais.;39;N;1;SEQ_TRANSF_RESPONSABILIDADE;NUMBER;22;N;0;9;39;0;NO;Identificador único de instância de Transferência de Responsabilidade.;PK_TRANSF_RESPONSABILIDADE (PRIMARY KEY: ENABLED)- SYS_C001502606 (C: ENABLED)
exaprod;SITRAM2;TRANSITO_LIVRE;Tabela que representa dados relacionados ao Transito Livre;25382523;N;6;COD_CNPJ_TRANSPORTADORA;NUMBER;22;Y;0;9;25328;1004722;NO;CNPJ da transportadora responsavel; (: )
exaprod;SITRAM2;TRANSITO_LIVRE;Tabela que representa dados relacionados ao Transito Livre;25382523;N;14;COD_CNPJ_TRANSPORTADORA_A;VARCHAR2;14;Y;;15;26144;1004537;NO;CNPJ no formato alfanumerico conforme o novo padrao; (: )
exaprod;SITRAM2;TRANSITO_LIVRE;Tabela que representa dados relacionados ao Transito Livre;25382523;N;12;COD_CONFIG_ORGAO;NUMBER;22;Y;0;2;1;19536583;NO;Orgao do Acesso;FK_TRA_LIV_R_ACE (FOREIGN KEY: ENABLED)
exaprod;SITRAM2;TRANSITO_LIVRE;Tabela que representa dados relacionados ao Transito Livre;25382523;N;8;COD_CPF_MOTORISTA;VARCHAR2;11;Y;;11;161312;2306371;NO;Motorista responsavel; (: )
exaprod;SITRAM2;TRANSITO_LIVRE;Tabela que representa dados relacionados ao Transito Livre;25382523;N;13;COD_ORGAO_LOCAL;NUMBER;22;Y;0;4;39;11933163;NO;Código do orgão local;FK_TRA_LIV_R_ORG_LOC (FOREIGN KEY: ENABLED)
exaprod;SITRAM2;TRANSITO_LIVRE;Tabela que representa dados relacionados ao Transito Livre;25382523;N;10;DAT_TRANSITO_LIVRE;TIMESTAMP(6);11;Y;6;11;25063424;0;NO;Data do cadastro do Transito Livre; (: )
exaprod;SITRAM2;TRANSITO_LIVRE;Tabela que representa dados relacionados ao Transito Livre;25382523;N;9;NOM_MOTORISTA;VARCHAR2;60;Y;;24;180256;2306371;NO;Nome do motorista responsavel; (: )
exaprod;SITRAM2;TRANSITO_LIVRE;Tabela que representa dados relacionados ao Transito Livre;25382523;N;7;NOM_TRANSPORTADORA;VARCHAR2;60;Y;;28;34192;1004451;NO;Nome da transportadora responsavel; (: )
exaprod;SITRAM2;TRANSITO_LIVRE;Tabela que representa dados relacionados ao Transito Livre;25382523;N;4;NUM_PLACA_PRINCIPAL;VARCHAR2;7;Y;;8;183552;2306778;NO;Placa do Motorista; (: )
exaprod;SITRAM2;TRANSITO_LIVRE;Tabela que representa dados relacionados ao Transito Livre;25382523;N;11;SEQ_ACESSO;NUMBER;22;Y;0;3;162880;19536583;NO;Foreign Key Acesso;FK_TRA_LIV_R_ACE (FOREIGN KEY: ENABLED)
exaprod;SITRAM2;TRANSITO_LIVRE;Tabela que representa dados relacionados ao Transito Livre;25382523;N;5;SEQ_CONTR_TRANSPORTADORA;NUMBER;22;Y;0;2;255;23861035;NO;Sequencial identificador do Contribuinte;FK_TRA_LIV_R_CON (FOREIGN KEY: ENABLED)
exaprod;SITRAM2;TRANSITO_LIVRE;Tabela que representa dados relacionados ao Transito Livre;25382523;N;2;SEQ_NOTA_FISCAL;NUMBER;22;Y;0;9;25382523;0;NO;Identificador único de instância de Nota Fiscal.;FK_TRA_LIV_R_NOT_FIS (FOREIGN KEY: ENABLED)- TRANSITO_LIVRE_UK1 (UNIQUE: ENABLED)
exaprod;SITRAM2;TRANSITO_LIVRE;Tabela que representa dados relacionados ao Transito Livre;25382523;N;1;SEQ_TRANSITO_LIVRE;NUMBER;22;N;0;6;25382523;0;NO;ID;PK_TRANSITO_LIVRE (PRIMARY KEY: ENABLED)- SYS_C001523239 (C: ENABLED)
exaprod;SITRAM2;TRANSITO_LIVRE;Tabela que representa dados relacionados ao Transito Livre;25382523;N;3;STA_TRANSITO_LIVRE;NUMBER;22;Y;0;3;7;0;NO;Status do Transito Livre; (: )
exaprod;SITRAM2;TRANSITO_LIVRE_HIST;Tabela que representa dados de histórico relacionados ao Transito Livre;61622745;N;5;COD_CNPJ_TRANSPORTADORA;NUMBER;22;Y;0;9;25320;2654321;NO;CNPJ da transportadora responsavel; (: )
exaprod;SITRAM2;TRANSITO_LIVRE_HIST;Tabela que representa dados de histórico relacionados ao Transito Livre;61622745;N;17;COD_CNPJ_TRANSPORTADORA_A;VARCHAR2;14;Y;;15;25848;4215386;NO;CNPJ no formato alfanumerico conforme o novo padrao; (: )
exaprod;SITRAM2;TRANSITO_LIVRE_HIST;Tabela que representa dados de histórico relacionados ao Transito Livre;61622745;N;15;COD_CONFIG_ORGAO;NUMBER;22;Y;0;2;1;55796546;NO;Orgao do Acesso;FK_TRA_LIV_HIS_R_ACE (FOREIGN KEY: ENABLED)
exaprod;SITRAM2;TRANSITO_LIVRE_HIST;Tabela que representa dados de histórico relacionados ao Transito Livre;61622745;N;7;COD_CPF_MOTORISTA;VARCHAR2;11;Y;;11;161344;3753829;NO;CPF do motorista responsavel; (: )
exaprod;SITRAM2;TRANSITO_LIVRE_HIST;Tabela que representa dados de histórico relacionados ao Transito Livre;61622745;N;16;COD_ORGAO_LOCAL;NUMBER;22;Y;0;3;39;48189873;NO;Código do orgão local;FK_TRA_LIV_HIS_R_ORG_LOC (FOREIGN KEY: ENABLED)
exaprod;SITRAM2;TRANSITO_LIVRE_HIST;Tabela que representa dados de histórico relacionados ao Transito Livre;61622745;N;13;DAT_OPERACAO;DATE;7;Y;;8;13635584;0;NO;Data da operação.; (: )
exaprod;SITRAM2;TRANSITO_LIVRE_HIST;Tabela que representa dados de histórico relacionados ao Transito Livre;61622745;N;9;DAT_TRANSITO_LIVRE;TIMESTAMP(6);11;Y;6;11;25884672;0;NO;Data do cadastro do Transito Livre; (: )
exaprod;SITRAM2;TRANSITO_LIVRE_HIST;Tabela que representa dados de histórico relacionados ao Transito Livre;61622745;N;8;NOM_MOTORISTA;VARCHAR2;60;Y;;25;176960;3753829;NO;Nome do motorista responsavel; (: )
exaprod;SITRAM2;TRANSITO_LIVRE_HIST;Tabela que representa dados de histórico relacionados ao Transito Livre;61622745;N;6;NOM_TRANSPORTADORA;VARCHAR2;60;Y;;28;34152;2653790;NO;Nome da transportadora responsavel; (: )
exaprod;SITRAM2;TRANSITO_LIVRE_HIST;Tabela que representa dados de histórico relacionados ao Transito Livre;61622745;N;3;NUM_PLACA_PRINCIPAL;VARCHAR2;7;Y;;8;183520;3756296;NO;Placa do Motorista; (: )
exaprod;SITRAM2;TRANSITO_LIVRE_HIST;Tabela que representa dados de histórico relacionados ao Transito Livre;61622745;N;14;SEQ_ACESSO;NUMBER;22;Y;0;2;163136;55796546;NO;Foreign Key Acesso;FK_TRA_LIV_HIS_R_ACE (FOREIGN KEY: ENABLED)
exaprod;SITRAM2;TRANSITO_LIVRE_HIST;Tabela que representa dados de histórico relacionados ao Transito Livre;61622745;N;4;SEQ_CONTR_TRANSPORTADORA;NUMBER;22;Y;0;2;237;59588624;NO;Sequencial identificador do Contribuinte;FK_TRA_LIV_HIS_R_CON (FOREIGN KEY: ENABLED)
exaprod;SITRAM2;TRANSITO_LIVRE_HIST;Tabela que representa dados de histórico relacionados ao Transito Livre;61622745;N;11;SEQ_NOTA_FISCAL;NUMBER;22;Y;0;9;25257984;0;NO;Identificador único de instância de Nota Fiscal.;FK_TRA_LIV_HIST_R_NOT_FIS (FOREIGN KEY: ENABLED)
exaprod;SITRAM2;TRANSITO_LIVRE_HIST;Tabela que representa dados de histórico relacionados ao Transito Livre;61622745;N;10;SEQ_TRANSITO_LIVRE;NUMBER;22;Y;0;6;25114624;0;NO;Foreign Key do Transito Livre pai;FK_TRA_LIV_HIST_R_TRA_LIV (FOREIGN KEY: ENABLED)
exaprod;SITRAM2;TRANSITO_LIVRE_HIST;Tabela que representa dados de histórico relacionados ao Transito Livre;61622745;N;1;SEQ_TRANSITO_LIVRE_HIST;NUMBER;22;N;0;6;61622745;0;NO;ID;PK_TRANSITO_LIVRE_HIST (PRIMARY KEY: ENABLED)- SYS_C001523251 (C: ENABLED)
exaprod;SITRAM2;TRANSITO_LIVRE_HIST;Tabela que representa dados de histórico relacionados ao Transito Livre;61622745;N;12;STA_OPERACAO;NUMBER;22;Y;0;3;2;0;NO;Identifica a operação.; (: )
exaprod;SITRAM2;TRANSITO_LIVRE_HIST;Tabela que representa dados de histórico relacionados ao Transito Livre;61622745;N;2;STA_TRANSITO_LIVRE_HIST;NUMBER;22;Y;0;3;7;0;NO;Status do Transito Livre; (: )
exaprod;SITRAM2;TRANSITO_LIVRE_JUSTIFICATIVA;Tabela de relacionamento entre TRANSITO_LIVRE e JUSTIFICATIVA;818395;N;2;SEQ_JUSTIFICATIVA;NUMBER;22;N;0;5;816704;0;NO;Foreign Key Justificativa;FK_TRA_LIV_JUS_R_JUS (FOREIGN KEY: ENABLED)- PK_TRANSITO_LIVRE_JUSTIFICATIV (PRIMARY KEY: ENABLED)- SYS_C001523262 (C: ENABLED)
exaprod;SITRAM2;TRANSITO_LIVRE_JUSTIFICATIVA;Tabela de relacionamento entre TRANSITO_LIVRE e JUSTIFICATIVA;818395;N;1;SEQ_TRANSITO_LIVRE;NUMBER;22;N;0;6;430208;0;NO;Foreign Key Transito Livre;FK_TRA_LIV_JUS_R_TRA_LIV (FOREIGN KEY: ENABLED)- PK_TRANSITO_LIVRE_JUSTIFICATIV (PRIMARY KEY: ENABLED)- SYS_C001523261 (C: ENABLED)
exaprod;SITRAM2;TRIBUTO_ITEM;Receitas dos itens da nota fiscal;957840750;N;2;COD_RECEITA;NUMBER;22;N;0;4;6;0;NO;Código da receita ( COD-RECEITA-CRD );FK_COD_REC_R_TRIB_ITEM (FOREIGN KEY: ENABLED)- PK_TRIBUTO_ITEM (PRIMARY KEY: ENABLED)- SYS_C001348743 (C: ENABLED)
exaprod;SITRAM2;TRIBUTO_ITEM;Receitas dos itens da nota fiscal;957840750;N;1;SEQ_NOTA_FISCAL_ITEM;NUMBER;22;N;0;11;928317440;0;NO;Identificador único da instância de item da nota fiscal.;FK_NOT_ITEM_R_TRIB_ITEM (FOREIGN KEY: ENABLED)- PK_TRIBUTO_ITEM (PRIMARY KEY: ENABLED)- SYS_C001348742 (C: ENABLED)
exaprod;SITRAM2;TRIBUTO_ITEM;Receitas dos itens da nota fiscal;957840750;N;4;STA_COBRANCA;NUMBER;22;N;0;3;4;0;NO;Indica se o tributo é cobrável imediatamente ou é por apuração mensal.;CKC_STA_COBRANCA_TRIBUTO_ (C: ENABLED)- PK_TRIBUTO_ITEM (PRIMARY KEY: ENABLED)- SYS_C001362247 (C: ENABLED)
exaprod;SITRAM2;TRIBUTO_ITEM;Receitas dos itens da nota fiscal;957840750;N;3;VLR_TRIBUTO;NUMBER;22;N;6;4;1304320;0;NO;Valor do imposto;SYS_C001348744 (C: ENABLED)
exaprod;SITRAM2;UNIDADE_FISCAL_PASSAGEM;Tabela DE-PARA entre SETA.ORGAO_LOCAL da SEFAZ e Codigos de Unidades Fiscais reconhecidas pela Receita Federal para Registro de Passagem de NF-e.;49;N;2;COD_ORGAO_LOCAL;NUMBER;22;Y;0;6;46;3;NO;Org?o Local da SEFAZ.;FK_ORG_LOC_R_UNI_FIS_PAS (FOREIGN KEY: ENABLED)- UNIDADE_FISCAL_PASSAGEM_UK (UNIQUE: ENABLED)
exaprod;SITRAM2;UNIDADE_FISCAL_PASSAGEM;Tabela DE-PARA entre SETA.ORGAO_LOCAL da SEFAZ e Codigos de Unidades Fiscais reconhecidas pela Receita Federal para Registro de Passagem de NF-e.;49;N;1;COD_UNIDADE_FISCAL;NUMBER;22;N;0;4;49;0;NO;Codigo da Unidade Fiscal;PK_UNIDADE_FISCAL_PASSAGEM (PRIMARY KEY: ENABLED)- SYS_C00190395 (C: ENABLED)
exaprod;SITRAM2;UNIDADE_FISCAL_PASSAGEM;Tabela DE-PARA entre SETA.ORGAO_LOCAL da SEFAZ e Codigos de Unidades Fiscais reconhecidas pela Receita Federal para Registro de Passagem de NF-e.;49;N;3;NOM_UNIDADE_FISCAL;VARCHAR2;255;Y;;15;49;0;NO;Nome da Unidade Fiscal; (: )
